tab	itemGroup.buildingBlocks	minecraft:bricks
in	minecraft:oak_log		block.minecraft.oak_log
in	minecraft:oak_wood		block.minecraft.oak_wood
in	minecraft:stripped_oak_log		block.minecraft.stripped_oak_log
in	minecraft:stripped_oak_wood		block.minecraft.stripped_oak_wood
in	minecraft:oak_planks		block.minecraft.oak_planks
in	minecraft:oak_stairs		block.minecraft.oak_stairs
in	minecraft:oak_slab		block.minecraft.oak_slab
in	minecraft:oak_fence		block.minecraft.oak_fence
in	minecraft:oak_fence_gate		block.minecraft.oak_fence_gate
in	minecraft:oak_door		block.minecraft.oak_door
in	minecraft:oak_trapdoor		block.minecraft.oak_trapdoor
in	minecraft:oak_pressure_plate		block.minecraft.oak_pressure_plate
in	minecraft:oak_button		block.minecraft.oak_button
in	minecraft:spruce_log		block.minecraft.spruce_log
in	minecraft:spruce_wood		block.minecraft.spruce_wood
in	minecraft:stripped_spruce_log		block.minecraft.stripped_spruce_log
in	minecraft:stripped_spruce_wood		block.minecraft.stripped_spruce_wood
in	minecraft:spruce_planks		block.minecraft.spruce_planks
in	minecraft:spruce_stairs		block.minecraft.spruce_stairs
in	minecraft:spruce_slab		block.minecraft.spruce_slab
in	minecraft:spruce_fence		block.minecraft.spruce_fence
in	minecraft:spruce_fence_gate		block.minecraft.spruce_fence_gate
in	minecraft:spruce_door		block.minecraft.spruce_door
in	minecraft:spruce_trapdoor		block.minecraft.spruce_trapdoor
in	minecraft:spruce_pressure_plate		block.minecraft.spruce_pressure_plate
in	minecraft:spruce_button		block.minecraft.spruce_button
in	minecraft:birch_log		block.minecraft.birch_log
in	minecraft:birch_wood		block.minecraft.birch_wood
in	minecraft:stripped_birch_log		block.minecraft.stripped_birch_log
in	minecraft:stripped_birch_wood		block.minecraft.stripped_birch_wood
in	minecraft:birch_planks		block.minecraft.birch_planks
in	minecraft:birch_stairs		block.minecraft.birch_stairs
in	minecraft:birch_slab		block.minecraft.birch_slab
in	minecraft:birch_fence		block.minecraft.birch_fence
in	minecraft:birch_fence_gate		block.minecraft.birch_fence_gate
in	minecraft:birch_door		block.minecraft.birch_door
in	minecraft:birch_trapdoor		block.minecraft.birch_trapdoor
in	minecraft:birch_pressure_plate		block.minecraft.birch_pressure_plate
in	minecraft:birch_button		block.minecraft.birch_button
in	minecraft:jungle_log		block.minecraft.jungle_log
in	minecraft:jungle_wood		block.minecraft.jungle_wood
in	minecraft:stripped_jungle_log		block.minecraft.stripped_jungle_log
in	minecraft:stripped_jungle_wood		block.minecraft.stripped_jungle_wood
in	minecraft:jungle_planks		block.minecraft.jungle_planks
in	minecraft:jungle_stairs		block.minecraft.jungle_stairs
in	minecraft:jungle_slab		block.minecraft.jungle_slab
in	minecraft:jungle_fence		block.minecraft.jungle_fence
in	minecraft:jungle_fence_gate		block.minecraft.jungle_fence_gate
in	minecraft:jungle_door		block.minecraft.jungle_door
in	minecraft:jungle_trapdoor		block.minecraft.jungle_trapdoor
in	minecraft:jungle_pressure_plate		block.minecraft.jungle_pressure_plate
in	minecraft:jungle_button		block.minecraft.jungle_button
in	minecraft:acacia_log		block.minecraft.acacia_log
in	minecraft:acacia_wood		block.minecraft.acacia_wood
in	minecraft:stripped_acacia_log		block.minecraft.stripped_acacia_log
in	minecraft:stripped_acacia_wood		block.minecraft.stripped_acacia_wood
in	minecraft:acacia_planks		block.minecraft.acacia_planks
in	minecraft:acacia_stairs		block.minecraft.acacia_stairs
in	minecraft:acacia_slab		block.minecraft.acacia_slab
in	minecraft:acacia_fence		block.minecraft.acacia_fence
in	minecraft:acacia_fence_gate		block.minecraft.acacia_fence_gate
in	minecraft:acacia_door		block.minecraft.acacia_door
in	minecraft:acacia_trapdoor		block.minecraft.acacia_trapdoor
in	minecraft:acacia_pressure_plate		block.minecraft.acacia_pressure_plate
in	minecraft:acacia_button		block.minecraft.acacia_button
in	minecraft:dark_oak_log		block.minecraft.dark_oak_log
in	minecraft:dark_oak_wood		block.minecraft.dark_oak_wood
in	minecraft:stripped_dark_oak_log		block.minecraft.stripped_dark_oak_log
in	minecraft:stripped_dark_oak_wood		block.minecraft.stripped_dark_oak_wood
in	minecraft:dark_oak_planks		block.minecraft.dark_oak_planks
in	minecraft:dark_oak_stairs		block.minecraft.dark_oak_stairs
in	minecraft:dark_oak_slab		block.minecraft.dark_oak_slab
in	minecraft:dark_oak_fence		block.minecraft.dark_oak_fence
in	minecraft:dark_oak_fence_gate		block.minecraft.dark_oak_fence_gate
in	minecraft:dark_oak_door		block.minecraft.dark_oak_door
in	minecraft:dark_oak_trapdoor		block.minecraft.dark_oak_trapdoor
in	minecraft:dark_oak_pressure_plate		block.minecraft.dark_oak_pressure_plate
in	minecraft:dark_oak_button		block.minecraft.dark_oak_button
in	minecraft:mangrove_log		block.minecraft.mangrove_log
in	minecraft:mangrove_wood		block.minecraft.mangrove_wood
in	minecraft:stripped_mangrove_log		block.minecraft.stripped_mangrove_log
in	minecraft:stripped_mangrove_wood		block.minecraft.stripped_mangrove_wood
in	minecraft:mangrove_planks		block.minecraft.mangrove_planks
in	minecraft:mangrove_stairs		block.minecraft.mangrove_stairs
in	minecraft:mangrove_slab		block.minecraft.mangrove_slab
in	minecraft:mangrove_fence		block.minecraft.mangrove_fence
in	minecraft:mangrove_fence_gate		block.minecraft.mangrove_fence_gate
in	minecraft:mangrove_door		block.minecraft.mangrove_door
in	minecraft:mangrove_trapdoor		block.minecraft.mangrove_trapdoor
in	minecraft:mangrove_pressure_plate		block.minecraft.mangrove_pressure_plate
in	minecraft:mangrove_button		block.minecraft.mangrove_button
in	minecraft:cherry_log		block.minecraft.cherry_log
in	minecraft:cherry_wood		block.minecraft.cherry_wood
in	minecraft:stripped_cherry_log		block.minecraft.stripped_cherry_log
in	minecraft:stripped_cherry_wood		block.minecraft.stripped_cherry_wood
in	minecraft:cherry_planks		block.minecraft.cherry_planks
in	minecraft:cherry_stairs		block.minecraft.cherry_stairs
in	minecraft:cherry_slab		block.minecraft.cherry_slab
in	minecraft:cherry_fence		block.minecraft.cherry_fence
in	minecraft:cherry_fence_gate		block.minecraft.cherry_fence_gate
in	minecraft:cherry_door		block.minecraft.cherry_door
in	minecraft:cherry_trapdoor		block.minecraft.cherry_trapdoor
in	minecraft:cherry_pressure_plate		block.minecraft.cherry_pressure_plate
in	minecraft:cherry_button		block.minecraft.cherry_button
in	minecraft:pale_oak_log		block.minecraft.pale_oak_log
in	minecraft:pale_oak_wood		block.minecraft.pale_oak_wood
in	minecraft:stripped_pale_oak_log		block.minecraft.stripped_pale_oak_log
in	minecraft:stripped_pale_oak_wood		block.minecraft.stripped_pale_oak_wood
in	minecraft:pale_oak_planks		block.minecraft.pale_oak_planks
in	minecraft:pale_oak_stairs		block.minecraft.pale_oak_stairs
in	minecraft:pale_oak_slab		block.minecraft.pale_oak_slab
in	minecraft:pale_oak_fence		block.minecraft.pale_oak_fence
in	minecraft:pale_oak_fence_gate		block.minecraft.pale_oak_fence_gate
in	minecraft:pale_oak_door		block.minecraft.pale_oak_door
in	minecraft:pale_oak_trapdoor		block.minecraft.pale_oak_trapdoor
in	minecraft:pale_oak_pressure_plate		block.minecraft.pale_oak_pressure_plate
in	minecraft:pale_oak_button		block.minecraft.pale_oak_button
in	minecraft:bamboo_block		block.minecraft.bamboo_block
in	minecraft:stripped_bamboo_block		block.minecraft.stripped_bamboo_block
in	minecraft:bamboo_planks		block.minecraft.bamboo_planks
in	minecraft:bamboo_mosaic		block.minecraft.bamboo_mosaic
in	minecraft:bamboo_stairs		block.minecraft.bamboo_stairs
in	minecraft:bamboo_mosaic_stairs		block.minecraft.bamboo_mosaic_stairs
in	minecraft:bamboo_slab		block.minecraft.bamboo_slab
in	minecraft:bamboo_mosaic_slab		block.minecraft.bamboo_mosaic_slab
in	minecraft:bamboo_fence		block.minecraft.bamboo_fence
in	minecraft:bamboo_fence_gate		block.minecraft.bamboo_fence_gate
in	minecraft:bamboo_door		block.minecraft.bamboo_door
in	minecraft:bamboo_trapdoor		block.minecraft.bamboo_trapdoor
in	minecraft:bamboo_pressure_plate		block.minecraft.bamboo_pressure_plate
in	minecraft:bamboo_button		block.minecraft.bamboo_button
in	minecraft:crimson_stem		block.minecraft.crimson_stem
in	minecraft:crimson_hyphae		block.minecraft.crimson_hyphae
in	minecraft:stripped_crimson_stem		block.minecraft.stripped_crimson_stem
in	minecraft:stripped_crimson_hyphae		block.minecraft.stripped_crimson_hyphae
in	minecraft:crimson_planks		block.minecraft.crimson_planks
in	minecraft:crimson_stairs		block.minecraft.crimson_stairs
in	minecraft:crimson_slab		block.minecraft.crimson_slab
in	minecraft:crimson_fence		block.minecraft.crimson_fence
in	minecraft:crimson_fence_gate		block.minecraft.crimson_fence_gate
in	minecraft:crimson_door		block.minecraft.crimson_door
in	minecraft:crimson_trapdoor		block.minecraft.crimson_trapdoor
in	minecraft:crimson_pressure_plate		block.minecraft.crimson_pressure_plate
in	minecraft:crimson_button		block.minecraft.crimson_button
in	minecraft:warped_stem		block.minecraft.warped_stem
in	minecraft:warped_hyphae		block.minecraft.warped_hyphae
in	minecraft:stripped_warped_stem		block.minecraft.stripped_warped_stem
in	minecraft:stripped_warped_hyphae		block.minecraft.stripped_warped_hyphae
in	minecraft:warped_planks		block.minecraft.warped_planks
in	minecraft:warped_stairs		block.minecraft.warped_stairs
in	minecraft:warped_slab		block.minecraft.warped_slab
in	minecraft:warped_fence		block.minecraft.warped_fence
in	minecraft:warped_fence_gate		block.minecraft.warped_fence_gate
in	minecraft:warped_door		block.minecraft.warped_door
in	minecraft:warped_trapdoor		block.minecraft.warped_trapdoor
in	minecraft:warped_pressure_plate		block.minecraft.warped_pressure_plate
in	minecraft:warped_button		block.minecraft.warped_button
in	minecraft:stone		block.minecraft.stone
in	minecraft:stone_stairs		block.minecraft.stone_stairs
in	minecraft:stone_slab		block.minecraft.stone_slab
in	minecraft:stone_pressure_plate		block.minecraft.stone_pressure_plate
in	minecraft:stone_button		block.minecraft.stone_button
in	minecraft:cobblestone		block.minecraft.cobblestone
in	minecraft:cobblestone_stairs		block.minecraft.cobblestone_stairs
in	minecraft:cobblestone_slab		block.minecraft.cobblestone_slab
in	minecraft:cobblestone_wall		block.minecraft.cobblestone_wall
in	minecraft:mossy_cobblestone		block.minecraft.mossy_cobblestone
in	minecraft:mossy_cobblestone_stairs		block.minecraft.mossy_cobblestone_stairs
in	minecraft:mossy_cobblestone_slab		block.minecraft.mossy_cobblestone_slab
in	minecraft:mossy_cobblestone_wall		block.minecraft.mossy_cobblestone_wall
in	minecraft:smooth_stone		block.minecraft.smooth_stone
in	minecraft:smooth_stone_slab		block.minecraft.smooth_stone_slab
in	minecraft:stone_bricks		block.minecraft.stone_bricks
in	minecraft:cracked_stone_bricks		block.minecraft.cracked_stone_bricks
in	minecraft:stone_brick_stairs		block.minecraft.stone_brick_stairs
in	minecraft:stone_brick_slab		block.minecraft.stone_brick_slab
in	minecraft:stone_brick_wall		block.minecraft.stone_brick_wall
in	minecraft:chiseled_stone_bricks		block.minecraft.chiseled_stone_bricks
in	minecraft:mossy_stone_bricks		block.minecraft.mossy_stone_bricks
in	minecraft:mossy_stone_brick_stairs		block.minecraft.mossy_stone_brick_stairs
in	minecraft:mossy_stone_brick_slab		block.minecraft.mossy_stone_brick_slab
in	minecraft:mossy_stone_brick_wall		block.minecraft.mossy_stone_brick_wall
in	minecraft:granite		block.minecraft.granite
in	minecraft:granite_stairs		block.minecraft.granite_stairs
in	minecraft:granite_slab		block.minecraft.granite_slab
in	minecraft:granite_wall		block.minecraft.granite_wall
in	minecraft:polished_granite		block.minecraft.polished_granite
in	minecraft:polished_granite_stairs		block.minecraft.polished_granite_stairs
in	minecraft:polished_granite_slab		block.minecraft.polished_granite_slab
in	minecraft:diorite		block.minecraft.diorite
in	minecraft:diorite_stairs		block.minecraft.diorite_stairs
in	minecraft:diorite_slab		block.minecraft.diorite_slab
in	minecraft:diorite_wall		block.minecraft.diorite_wall
in	minecraft:polished_diorite		block.minecraft.polished_diorite
in	minecraft:polished_diorite_stairs		block.minecraft.polished_diorite_stairs
in	minecraft:polished_diorite_slab		block.minecraft.polished_diorite_slab
in	minecraft:andesite		block.minecraft.andesite
in	minecraft:andesite_stairs		block.minecraft.andesite_stairs
in	minecraft:andesite_slab		block.minecraft.andesite_slab
in	minecraft:andesite_wall		block.minecraft.andesite_wall
in	minecraft:polished_andesite		block.minecraft.polished_andesite
in	minecraft:polished_andesite_stairs		block.minecraft.polished_andesite_stairs
in	minecraft:polished_andesite_slab		block.minecraft.polished_andesite_slab
in	minecraft:deepslate		block.minecraft.deepslate
in	minecraft:cobbled_deepslate		block.minecraft.cobbled_deepslate
in	minecraft:cobbled_deepslate_stairs		block.minecraft.cobbled_deepslate_stairs
in	minecraft:cobbled_deepslate_slab		block.minecraft.cobbled_deepslate_slab
in	minecraft:cobbled_deepslate_wall		block.minecraft.cobbled_deepslate_wall
in	minecraft:chiseled_deepslate		block.minecraft.chiseled_deepslate
in	minecraft:polished_deepslate		block.minecraft.polished_deepslate
in	minecraft:polished_deepslate_stairs		block.minecraft.polished_deepslate_stairs
in	minecraft:polished_deepslate_slab		block.minecraft.polished_deepslate_slab
in	minecraft:polished_deepslate_wall		block.minecraft.polished_deepslate_wall
in	minecraft:deepslate_bricks		block.minecraft.deepslate_bricks
in	minecraft:cracked_deepslate_bricks		block.minecraft.cracked_deepslate_bricks
in	minecraft:deepslate_brick_stairs		block.minecraft.deepslate_brick_stairs
in	minecraft:deepslate_brick_slab		block.minecraft.deepslate_brick_slab
in	minecraft:deepslate_brick_wall		block.minecraft.deepslate_brick_wall
in	minecraft:deepslate_tiles		block.minecraft.deepslate_tiles
in	minecraft:cracked_deepslate_tiles		block.minecraft.cracked_deepslate_tiles
in	minecraft:deepslate_tile_stairs		block.minecraft.deepslate_tile_stairs
in	minecraft:deepslate_tile_slab		block.minecraft.deepslate_tile_slab
in	minecraft:deepslate_tile_wall		block.minecraft.deepslate_tile_wall
in	minecraft:reinforced_deepslate		block.minecraft.reinforced_deepslate
in	minecraft:tuff		block.minecraft.tuff
in	minecraft:tuff_stairs		block.minecraft.tuff_stairs
in	minecraft:tuff_slab		block.minecraft.tuff_slab
in	minecraft:tuff_wall		block.minecraft.tuff_wall
in	minecraft:chiseled_tuff		block.minecraft.chiseled_tuff
in	minecraft:polished_tuff		block.minecraft.polished_tuff
in	minecraft:polished_tuff_stairs		block.minecraft.polished_tuff_stairs
in	minecraft:polished_tuff_slab		block.minecraft.polished_tuff_slab
in	minecraft:polished_tuff_wall		block.minecraft.polished_tuff_wall
in	minecraft:tuff_bricks		block.minecraft.tuff_bricks
in	minecraft:tuff_brick_stairs		block.minecraft.tuff_brick_stairs
in	minecraft:tuff_brick_slab		block.minecraft.tuff_brick_slab
in	minecraft:tuff_brick_wall		block.minecraft.tuff_brick_wall
in	minecraft:chiseled_tuff_bricks		block.minecraft.chiseled_tuff_bricks
in	minecraft:bricks		block.minecraft.bricks
in	minecraft:brick_stairs		block.minecraft.brick_stairs
in	minecraft:brick_slab		block.minecraft.brick_slab
in	minecraft:brick_wall		block.minecraft.brick_wall
in	minecraft:packed_mud		block.minecraft.packed_mud
in	minecraft:mud_bricks		block.minecraft.mud_bricks
in	minecraft:mud_brick_stairs		block.minecraft.mud_brick_stairs
in	minecraft:mud_brick_slab		block.minecraft.mud_brick_slab
in	minecraft:mud_brick_wall		block.minecraft.mud_brick_wall
in	minecraft:resin_bricks		block.minecraft.resin_bricks
in	minecraft:resin_brick_stairs		block.minecraft.resin_brick_stairs
in	minecraft:resin_brick_slab		block.minecraft.resin_brick_slab
in	minecraft:resin_brick_wall		block.minecraft.resin_brick_wall
in	minecraft:chiseled_resin_bricks		block.minecraft.chiseled_resin_bricks
in	minecraft:sandstone		block.minecraft.sandstone
in	minecraft:sandstone_stairs		block.minecraft.sandstone_stairs
in	minecraft:sandstone_slab		block.minecraft.sandstone_slab
in	minecraft:sandstone_wall		block.minecraft.sandstone_wall
in	minecraft:chiseled_sandstone		block.minecraft.chiseled_sandstone
in	minecraft:smooth_sandstone		block.minecraft.smooth_sandstone
in	minecraft:smooth_sandstone_stairs		block.minecraft.smooth_sandstone_stairs
in	minecraft:smooth_sandstone_slab		block.minecraft.smooth_sandstone_slab
in	minecraft:cut_sandstone		block.minecraft.cut_sandstone
in	minecraft:cut_sandstone_slab		block.minecraft.cut_sandstone_slab
in	minecraft:red_sandstone		block.minecraft.red_sandstone
in	minecraft:red_sandstone_stairs		block.minecraft.red_sandstone_stairs
in	minecraft:red_sandstone_slab		block.minecraft.red_sandstone_slab
in	minecraft:red_sandstone_wall		block.minecraft.red_sandstone_wall
in	minecraft:chiseled_red_sandstone		block.minecraft.chiseled_red_sandstone
in	minecraft:smooth_red_sandstone		block.minecraft.smooth_red_sandstone
in	minecraft:smooth_red_sandstone_stairs		block.minecraft.smooth_red_sandstone_stairs
in	minecraft:smooth_red_sandstone_slab		block.minecraft.smooth_red_sandstone_slab
in	minecraft:cut_red_sandstone		block.minecraft.cut_red_sandstone
in	minecraft:cut_red_sandstone_slab		block.minecraft.cut_red_sandstone_slab
in	minecraft:cinnabar		block.minecraft.cinnabar
in	minecraft:cinnabar_stairs		block.minecraft.cinnabar_stairs
in	minecraft:cinnabar_slab		block.minecraft.cinnabar_slab
in	minecraft:cinnabar_wall		block.minecraft.cinnabar_wall
in	minecraft:chiseled_cinnabar		block.minecraft.chiseled_cinnabar
in	minecraft:polished_cinnabar		block.minecraft.polished_cinnabar
in	minecraft:polished_cinnabar_stairs		block.minecraft.polished_cinnabar_stairs
in	minecraft:polished_cinnabar_slab		block.minecraft.polished_cinnabar_slab
in	minecraft:polished_cinnabar_wall		block.minecraft.polished_cinnabar_wall
in	minecraft:cinnabar_bricks		block.minecraft.cinnabar_bricks
in	minecraft:cinnabar_brick_stairs		block.minecraft.cinnabar_brick_stairs
in	minecraft:cinnabar_brick_slab		block.minecraft.cinnabar_brick_slab
in	minecraft:cinnabar_brick_wall		block.minecraft.cinnabar_brick_wall
in	minecraft:sulfur		block.minecraft.sulfur
in	minecraft:sulfur_stairs		block.minecraft.sulfur_stairs
in	minecraft:sulfur_slab		block.minecraft.sulfur_slab
in	minecraft:sulfur_wall		block.minecraft.sulfur_wall
in	minecraft:chiseled_sulfur		block.minecraft.chiseled_sulfur
in	minecraft:polished_sulfur		block.minecraft.polished_sulfur
in	minecraft:polished_sulfur_stairs		block.minecraft.polished_sulfur_stairs
in	minecraft:polished_sulfur_slab		block.minecraft.polished_sulfur_slab
in	minecraft:polished_sulfur_wall		block.minecraft.polished_sulfur_wall
in	minecraft:sulfur_bricks		block.minecraft.sulfur_bricks
in	minecraft:sulfur_brick_stairs		block.minecraft.sulfur_brick_stairs
in	minecraft:sulfur_brick_slab		block.minecraft.sulfur_brick_slab
in	minecraft:sulfur_brick_wall		block.minecraft.sulfur_brick_wall
in	minecraft:sea_lantern		block.minecraft.sea_lantern
in	minecraft:prismarine		block.minecraft.prismarine
in	minecraft:prismarine_stairs		block.minecraft.prismarine_stairs
in	minecraft:prismarine_slab		block.minecraft.prismarine_slab
in	minecraft:prismarine_wall		block.minecraft.prismarine_wall
in	minecraft:prismarine_bricks		block.minecraft.prismarine_bricks
in	minecraft:prismarine_brick_stairs		block.minecraft.prismarine_brick_stairs
in	minecraft:prismarine_brick_slab		block.minecraft.prismarine_brick_slab
in	minecraft:dark_prismarine		block.minecraft.dark_prismarine
in	minecraft:dark_prismarine_stairs		block.minecraft.dark_prismarine_stairs
in	minecraft:dark_prismarine_slab		block.minecraft.dark_prismarine_slab
in	minecraft:netherrack		block.minecraft.netherrack
in	minecraft:nether_bricks		block.minecraft.nether_bricks
in	minecraft:cracked_nether_bricks		block.minecraft.cracked_nether_bricks
in	minecraft:nether_brick_stairs		block.minecraft.nether_brick_stairs
in	minecraft:nether_brick_slab		block.minecraft.nether_brick_slab
in	minecraft:nether_brick_wall		block.minecraft.nether_brick_wall
in	minecraft:nether_brick_fence		block.minecraft.nether_brick_fence
in	minecraft:chiseled_nether_bricks		block.minecraft.chiseled_nether_bricks
in	minecraft:red_nether_bricks		block.minecraft.red_nether_bricks
in	minecraft:red_nether_brick_stairs		block.minecraft.red_nether_brick_stairs
in	minecraft:red_nether_brick_slab		block.minecraft.red_nether_brick_slab
in	minecraft:red_nether_brick_wall		block.minecraft.red_nether_brick_wall
in	minecraft:basalt		block.minecraft.basalt
in	minecraft:smooth_basalt		block.minecraft.smooth_basalt
in	minecraft:polished_basalt		block.minecraft.polished_basalt
in	minecraft:blackstone		block.minecraft.blackstone
in	minecraft:gilded_blackstone		block.minecraft.gilded_blackstone
in	minecraft:blackstone_stairs		block.minecraft.blackstone_stairs
in	minecraft:blackstone_slab		block.minecraft.blackstone_slab
in	minecraft:blackstone_wall		block.minecraft.blackstone_wall
in	minecraft:chiseled_polished_blackstone		block.minecraft.chiseled_polished_blackstone
in	minecraft:polished_blackstone		block.minecraft.polished_blackstone
in	minecraft:polished_blackstone_stairs		block.minecraft.polished_blackstone_stairs
in	minecraft:polished_blackstone_slab		block.minecraft.polished_blackstone_slab
in	minecraft:polished_blackstone_wall		block.minecraft.polished_blackstone_wall
in	minecraft:polished_blackstone_pressure_plate		block.minecraft.polished_blackstone_pressure_plate
in	minecraft:polished_blackstone_button		block.minecraft.polished_blackstone_button
in	minecraft:polished_blackstone_bricks		block.minecraft.polished_blackstone_bricks
in	minecraft:cracked_polished_blackstone_bricks		block.minecraft.cracked_polished_blackstone_bricks
in	minecraft:polished_blackstone_brick_stairs		block.minecraft.polished_blackstone_brick_stairs
in	minecraft:polished_blackstone_brick_slab		block.minecraft.polished_blackstone_brick_slab
in	minecraft:polished_blackstone_brick_wall		block.minecraft.polished_blackstone_brick_wall
in	minecraft:end_stone		block.minecraft.end_stone
in	minecraft:end_stone_bricks		block.minecraft.end_stone_bricks
in	minecraft:end_stone_brick_stairs		block.minecraft.end_stone_brick_stairs
in	minecraft:end_stone_brick_slab		block.minecraft.end_stone_brick_slab
in	minecraft:end_stone_brick_wall		block.minecraft.end_stone_brick_wall
in	minecraft:purpur_block		block.minecraft.purpur_block
in	minecraft:purpur_pillar		block.minecraft.purpur_pillar
in	minecraft:purpur_stairs		block.minecraft.purpur_stairs
in	minecraft:purpur_slab		block.minecraft.purpur_slab
in	minecraft:coal_block		block.minecraft.coal_block
in	minecraft:iron_block		block.minecraft.iron_block
in	minecraft:iron_bars		block.minecraft.iron_bars
in	minecraft:iron_door		block.minecraft.iron_door
in	minecraft:iron_trapdoor		block.minecraft.iron_trapdoor
in	minecraft:heavy_weighted_pressure_plate		block.minecraft.heavy_weighted_pressure_plate
in	minecraft:iron_chain		block.minecraft.iron_chain
in	minecraft:gold_block		block.minecraft.gold_block
in	minecraft:light_weighted_pressure_plate		block.minecraft.light_weighted_pressure_plate
in	minecraft:redstone_block		block.minecraft.redstone_block
in	minecraft:emerald_block		block.minecraft.emerald_block
in	minecraft:lapis_block		block.minecraft.lapis_block
in	minecraft:diamond_block		block.minecraft.diamond_block
in	minecraft:netherite_block		block.minecraft.netherite_block
in	minecraft:quartz_block		block.minecraft.quartz_block
in	minecraft:quartz_stairs		block.minecraft.quartz_stairs
in	minecraft:quartz_slab		block.minecraft.quartz_slab
in	minecraft:chiseled_quartz_block		block.minecraft.chiseled_quartz_block
in	minecraft:quartz_bricks		block.minecraft.quartz_bricks
in	minecraft:quartz_pillar		block.minecraft.quartz_pillar
in	minecraft:smooth_quartz		block.minecraft.smooth_quartz
in	minecraft:smooth_quartz_stairs		block.minecraft.smooth_quartz_stairs
in	minecraft:smooth_quartz_slab		block.minecraft.smooth_quartz_slab
in	minecraft:amethyst_block		block.minecraft.amethyst_block
in	minecraft:copper_block		block.minecraft.copper_block
in	minecraft:exposed_copper		block.minecraft.exposed_copper
in	minecraft:weathered_copper		block.minecraft.weathered_copper
in	minecraft:oxidized_copper		block.minecraft.oxidized_copper
in	minecraft:chiseled_copper		block.minecraft.chiseled_copper
in	minecraft:exposed_chiseled_copper		block.minecraft.exposed_chiseled_copper
in	minecraft:weathered_chiseled_copper		block.minecraft.weathered_chiseled_copper
in	minecraft:oxidized_chiseled_copper		block.minecraft.oxidized_chiseled_copper
in	minecraft:copper_grate		block.minecraft.copper_grate
in	minecraft:exposed_copper_grate		block.minecraft.exposed_copper_grate
in	minecraft:weathered_copper_grate		block.minecraft.weathered_copper_grate
in	minecraft:oxidized_copper_grate		block.minecraft.oxidized_copper_grate
in	minecraft:cut_copper		block.minecraft.cut_copper
in	minecraft:exposed_cut_copper		block.minecraft.exposed_cut_copper
in	minecraft:weathered_cut_copper		block.minecraft.weathered_cut_copper
in	minecraft:oxidized_cut_copper		block.minecraft.oxidized_cut_copper
in	minecraft:cut_copper_stairs		block.minecraft.cut_copper_stairs
in	minecraft:exposed_cut_copper_stairs		block.minecraft.exposed_cut_copper_stairs
in	minecraft:weathered_cut_copper_stairs		block.minecraft.weathered_cut_copper_stairs
in	minecraft:oxidized_cut_copper_stairs		block.minecraft.oxidized_cut_copper_stairs
in	minecraft:cut_copper_slab		block.minecraft.cut_copper_slab
in	minecraft:exposed_cut_copper_slab		block.minecraft.exposed_cut_copper_slab
in	minecraft:weathered_cut_copper_slab		block.minecraft.weathered_cut_copper_slab
in	minecraft:oxidized_cut_copper_slab		block.minecraft.oxidized_cut_copper_slab
in	minecraft:copper_bars		block.minecraft.copper_bars
in	minecraft:exposed_copper_bars		block.minecraft.exposed_copper_bars
in	minecraft:weathered_copper_bars		block.minecraft.weathered_copper_bars
in	minecraft:oxidized_copper_bars		block.minecraft.oxidized_copper_bars
in	minecraft:copper_door		block.minecraft.copper_door
in	minecraft:exposed_copper_door		block.minecraft.exposed_copper_door
in	minecraft:weathered_copper_door		block.minecraft.weathered_copper_door
in	minecraft:oxidized_copper_door		block.minecraft.oxidized_copper_door
in	minecraft:copper_trapdoor		block.minecraft.copper_trapdoor
in	minecraft:exposed_copper_trapdoor		block.minecraft.exposed_copper_trapdoor
in	minecraft:weathered_copper_trapdoor		block.minecraft.weathered_copper_trapdoor
in	minecraft:oxidized_copper_trapdoor		block.minecraft.oxidized_copper_trapdoor
in	minecraft:copper_bulb		block.minecraft.copper_bulb
in	minecraft:exposed_copper_bulb		block.minecraft.exposed_copper_bulb
in	minecraft:weathered_copper_bulb		block.minecraft.weathered_copper_bulb
in	minecraft:oxidized_copper_bulb		block.minecraft.oxidized_copper_bulb
in	minecraft:copper_chain		block.minecraft.copper_chain
in	minecraft:exposed_copper_chain		block.minecraft.exposed_copper_chain
in	minecraft:weathered_copper_chain		block.minecraft.weathered_copper_chain
in	minecraft:oxidized_copper_chain		block.minecraft.oxidized_copper_chain
in	minecraft:waxed_copper_block		block.minecraft.waxed_copper_block
in	minecraft:waxed_exposed_copper		block.minecraft.waxed_exposed_copper
in	minecraft:waxed_weathered_copper		block.minecraft.waxed_weathered_copper
in	minecraft:waxed_oxidized_copper		block.minecraft.waxed_oxidized_copper
in	minecraft:waxed_chiseled_copper		block.minecraft.waxed_chiseled_copper
in	minecraft:waxed_exposed_chiseled_copper		block.minecraft.waxed_exposed_chiseled_copper
in	minecraft:waxed_weathered_chiseled_copper		block.minecraft.waxed_weathered_chiseled_copper
in	minecraft:waxed_oxidized_chiseled_copper		block.minecraft.waxed_oxidized_chiseled_copper
in	minecraft:waxed_copper_grate		block.minecraft.waxed_copper_grate
in	minecraft:waxed_exposed_copper_grate		block.minecraft.waxed_exposed_copper_grate
in	minecraft:waxed_weathered_copper_grate		block.minecraft.waxed_weathered_copper_grate
in	minecraft:waxed_oxidized_copper_grate		block.minecraft.waxed_oxidized_copper_grate
in	minecraft:waxed_cut_copper		block.minecraft.waxed_cut_copper
in	minecraft:waxed_exposed_cut_copper		block.minecraft.waxed_exposed_cut_copper
in	minecraft:waxed_weathered_cut_copper		block.minecraft.waxed_weathered_cut_copper
in	minecraft:waxed_oxidized_cut_copper		block.minecraft.waxed_oxidized_cut_copper
in	minecraft:waxed_cut_copper_stairs		block.minecraft.waxed_cut_copper_stairs
in	minecraft:waxed_exposed_cut_copper_stairs		block.minecraft.waxed_exposed_cut_copper_stairs
in	minecraft:waxed_weathered_cut_copper_stairs		block.minecraft.waxed_weathered_cut_copper_stairs
in	minecraft:waxed_oxidized_cut_copper_stairs		block.minecraft.waxed_oxidized_cut_copper_stairs
in	minecraft:waxed_cut_copper_slab		block.minecraft.waxed_cut_copper_slab
in	minecraft:waxed_exposed_cut_copper_slab		block.minecraft.waxed_exposed_cut_copper_slab
in	minecraft:waxed_weathered_cut_copper_slab		block.minecraft.waxed_weathered_cut_copper_slab
in	minecraft:waxed_oxidized_cut_copper_slab		block.minecraft.waxed_oxidized_cut_copper_slab
in	minecraft:waxed_copper_bars		block.minecraft.waxed_copper_bars
in	minecraft:waxed_exposed_copper_bars		block.minecraft.waxed_exposed_copper_bars
in	minecraft:waxed_weathered_copper_bars		block.minecraft.waxed_weathered_copper_bars
in	minecraft:waxed_oxidized_copper_bars		block.minecraft.waxed_oxidized_copper_bars
in	minecraft:waxed_copper_door		block.minecraft.waxed_copper_door
in	minecraft:waxed_exposed_copper_door		block.minecraft.waxed_exposed_copper_door
in	minecraft:waxed_weathered_copper_door		block.minecraft.waxed_weathered_copper_door
in	minecraft:waxed_oxidized_copper_door		block.minecraft.waxed_oxidized_copper_door
in	minecraft:waxed_copper_trapdoor		block.minecraft.waxed_copper_trapdoor
in	minecraft:waxed_exposed_copper_trapdoor		block.minecraft.waxed_exposed_copper_trapdoor
in	minecraft:waxed_weathered_copper_trapdoor		block.minecraft.waxed_weathered_copper_trapdoor
in	minecraft:waxed_oxidized_copper_trapdoor		block.minecraft.waxed_oxidized_copper_trapdoor
in	minecraft:waxed_copper_bulb		block.minecraft.waxed_copper_bulb
in	minecraft:waxed_exposed_copper_bulb		block.minecraft.waxed_exposed_copper_bulb
in	minecraft:waxed_weathered_copper_bulb		block.minecraft.waxed_weathered_copper_bulb
in	minecraft:waxed_oxidized_copper_bulb		block.minecraft.waxed_oxidized_copper_bulb
in	minecraft:waxed_copper_chain		block.minecraft.waxed_copper_chain
in	minecraft:waxed_exposed_copper_chain		block.minecraft.waxed_exposed_copper_chain
in	minecraft:waxed_weathered_copper_chain		block.minecraft.waxed_weathered_copper_chain
in	minecraft:waxed_oxidized_copper_chain		block.minecraft.waxed_oxidized_copper_chain
tab	itemGroup.coloredBlocks	minecraft:cyan_wool
in	minecraft:white_wool		block.minecraft.white_wool
in	minecraft:light_gray_wool		block.minecraft.light_gray_wool
in	minecraft:gray_wool		block.minecraft.gray_wool
in	minecraft:black_wool		block.minecraft.black_wool
in	minecraft:brown_wool		block.minecraft.brown_wool
in	minecraft:red_wool		block.minecraft.red_wool
in	minecraft:orange_wool		block.minecraft.orange_wool
in	minecraft:yellow_wool		block.minecraft.yellow_wool
in	minecraft:lime_wool		block.minecraft.lime_wool
in	minecraft:green_wool		block.minecraft.green_wool
in	minecraft:cyan_wool		block.minecraft.cyan_wool
in	minecraft:light_blue_wool		block.minecraft.light_blue_wool
in	minecraft:blue_wool		block.minecraft.blue_wool
in	minecraft:purple_wool		block.minecraft.purple_wool
in	minecraft:magenta_wool		block.minecraft.magenta_wool
in	minecraft:pink_wool		block.minecraft.pink_wool
in	minecraft:white_carpet		block.minecraft.white_carpet
in	minecraft:light_gray_carpet		block.minecraft.light_gray_carpet
in	minecraft:gray_carpet		block.minecraft.gray_carpet
in	minecraft:black_carpet		block.minecraft.black_carpet
in	minecraft:brown_carpet		block.minecraft.brown_carpet
in	minecraft:red_carpet		block.minecraft.red_carpet
in	minecraft:orange_carpet		block.minecraft.orange_carpet
in	minecraft:yellow_carpet		block.minecraft.yellow_carpet
in	minecraft:lime_carpet		block.minecraft.lime_carpet
in	minecraft:green_carpet		block.minecraft.green_carpet
in	minecraft:cyan_carpet		block.minecraft.cyan_carpet
in	minecraft:light_blue_carpet		block.minecraft.light_blue_carpet
in	minecraft:blue_carpet		block.minecraft.blue_carpet
in	minecraft:purple_carpet		block.minecraft.purple_carpet
in	minecraft:magenta_carpet		block.minecraft.magenta_carpet
in	minecraft:pink_carpet		block.minecraft.pink_carpet
in	minecraft:terracotta		block.minecraft.terracotta
in	minecraft:white_terracotta		block.minecraft.white_terracotta
in	minecraft:light_gray_terracotta		block.minecraft.light_gray_terracotta
in	minecraft:gray_terracotta		block.minecraft.gray_terracotta
in	minecraft:black_terracotta		block.minecraft.black_terracotta
in	minecraft:brown_terracotta		block.minecraft.brown_terracotta
in	minecraft:red_terracotta		block.minecraft.red_terracotta
in	minecraft:orange_terracotta		block.minecraft.orange_terracotta
in	minecraft:yellow_terracotta		block.minecraft.yellow_terracotta
in	minecraft:lime_terracotta		block.minecraft.lime_terracotta
in	minecraft:green_terracotta		block.minecraft.green_terracotta
in	minecraft:cyan_terracotta		block.minecraft.cyan_terracotta
in	minecraft:light_blue_terracotta		block.minecraft.light_blue_terracotta
in	minecraft:blue_terracotta		block.minecraft.blue_terracotta
in	minecraft:purple_terracotta		block.minecraft.purple_terracotta
in	minecraft:magenta_terracotta		block.minecraft.magenta_terracotta
in	minecraft:pink_terracotta		block.minecraft.pink_terracotta
in	minecraft:white_concrete		block.minecraft.white_concrete
in	minecraft:light_gray_concrete		block.minecraft.light_gray_concrete
in	minecraft:gray_concrete		block.minecraft.gray_concrete
in	minecraft:black_concrete		block.minecraft.black_concrete
in	minecraft:brown_concrete		block.minecraft.brown_concrete
in	minecraft:red_concrete		block.minecraft.red_concrete
in	minecraft:orange_concrete		block.minecraft.orange_concrete
in	minecraft:yellow_concrete		block.minecraft.yellow_concrete
in	minecraft:lime_concrete		block.minecraft.lime_concrete
in	minecraft:green_concrete		block.minecraft.green_concrete
in	minecraft:cyan_concrete		block.minecraft.cyan_concrete
in	minecraft:light_blue_concrete		block.minecraft.light_blue_concrete
in	minecraft:blue_concrete		block.minecraft.blue_concrete
in	minecraft:purple_concrete		block.minecraft.purple_concrete
in	minecraft:magenta_concrete		block.minecraft.magenta_concrete
in	minecraft:pink_concrete		block.minecraft.pink_concrete
in	minecraft:white_concrete_powder		block.minecraft.white_concrete_powder
in	minecraft:light_gray_concrete_powder		block.minecraft.light_gray_concrete_powder
in	minecraft:gray_concrete_powder		block.minecraft.gray_concrete_powder
in	minecraft:black_concrete_powder		block.minecraft.black_concrete_powder
in	minecraft:brown_concrete_powder		block.minecraft.brown_concrete_powder
in	minecraft:red_concrete_powder		block.minecraft.red_concrete_powder
in	minecraft:orange_concrete_powder		block.minecraft.orange_concrete_powder
in	minecraft:yellow_concrete_powder		block.minecraft.yellow_concrete_powder
in	minecraft:lime_concrete_powder		block.minecraft.lime_concrete_powder
in	minecraft:green_concrete_powder		block.minecraft.green_concrete_powder
in	minecraft:cyan_concrete_powder		block.minecraft.cyan_concrete_powder
in	minecraft:light_blue_concrete_powder		block.minecraft.light_blue_concrete_powder
in	minecraft:blue_concrete_powder		block.minecraft.blue_concrete_powder
in	minecraft:purple_concrete_powder		block.minecraft.purple_concrete_powder
in	minecraft:magenta_concrete_powder		block.minecraft.magenta_concrete_powder
in	minecraft:pink_concrete_powder		block.minecraft.pink_concrete_powder
in	minecraft:white_glazed_terracotta		block.minecraft.white_glazed_terracotta
in	minecraft:light_gray_glazed_terracotta		block.minecraft.light_gray_glazed_terracotta
in	minecraft:gray_glazed_terracotta		block.minecraft.gray_glazed_terracotta
in	minecraft:black_glazed_terracotta		block.minecraft.black_glazed_terracotta
in	minecraft:brown_glazed_terracotta		block.minecraft.brown_glazed_terracotta
in	minecraft:red_glazed_terracotta		block.minecraft.red_glazed_terracotta
in	minecraft:orange_glazed_terracotta		block.minecraft.orange_glazed_terracotta
in	minecraft:yellow_glazed_terracotta		block.minecraft.yellow_glazed_terracotta
in	minecraft:lime_glazed_terracotta		block.minecraft.lime_glazed_terracotta
in	minecraft:green_glazed_terracotta		block.minecraft.green_glazed_terracotta
in	minecraft:cyan_glazed_terracotta		block.minecraft.cyan_glazed_terracotta
in	minecraft:light_blue_glazed_terracotta		block.minecraft.light_blue_glazed_terracotta
in	minecraft:blue_glazed_terracotta		block.minecraft.blue_glazed_terracotta
in	minecraft:purple_glazed_terracotta		block.minecraft.purple_glazed_terracotta
in	minecraft:magenta_glazed_terracotta		block.minecraft.magenta_glazed_terracotta
in	minecraft:pink_glazed_terracotta		block.minecraft.pink_glazed_terracotta
in	minecraft:glass		block.minecraft.glass
in	minecraft:tinted_glass		block.minecraft.tinted_glass
in	minecraft:white_stained_glass		block.minecraft.white_stained_glass
in	minecraft:light_gray_stained_glass		block.minecraft.light_gray_stained_glass
in	minecraft:gray_stained_glass		block.minecraft.gray_stained_glass
in	minecraft:black_stained_glass		block.minecraft.black_stained_glass
in	minecraft:brown_stained_glass		block.minecraft.brown_stained_glass
in	minecraft:red_stained_glass		block.minecraft.red_stained_glass
in	minecraft:orange_stained_glass		block.minecraft.orange_stained_glass
in	minecraft:yellow_stained_glass		block.minecraft.yellow_stained_glass
in	minecraft:lime_stained_glass		block.minecraft.lime_stained_glass
in	minecraft:green_stained_glass		block.minecraft.green_stained_glass
in	minecraft:cyan_stained_glass		block.minecraft.cyan_stained_glass
in	minecraft:light_blue_stained_glass		block.minecraft.light_blue_stained_glass
in	minecraft:blue_stained_glass		block.minecraft.blue_stained_glass
in	minecraft:purple_stained_glass		block.minecraft.purple_stained_glass
in	minecraft:magenta_stained_glass		block.minecraft.magenta_stained_glass
in	minecraft:pink_stained_glass		block.minecraft.pink_stained_glass
in	minecraft:glass_pane		block.minecraft.glass_pane
in	minecraft:white_stained_glass_pane		block.minecraft.white_stained_glass_pane
in	minecraft:light_gray_stained_glass_pane		block.minecraft.light_gray_stained_glass_pane
in	minecraft:gray_stained_glass_pane		block.minecraft.gray_stained_glass_pane
in	minecraft:black_stained_glass_pane		block.minecraft.black_stained_glass_pane
in	minecraft:brown_stained_glass_pane		block.minecraft.brown_stained_glass_pane
in	minecraft:red_stained_glass_pane		block.minecraft.red_stained_glass_pane
in	minecraft:orange_stained_glass_pane		block.minecraft.orange_stained_glass_pane
in	minecraft:yellow_stained_glass_pane		block.minecraft.yellow_stained_glass_pane
in	minecraft:lime_stained_glass_pane		block.minecraft.lime_stained_glass_pane
in	minecraft:green_stained_glass_pane		block.minecraft.green_stained_glass_pane
in	minecraft:cyan_stained_glass_pane		block.minecraft.cyan_stained_glass_pane
in	minecraft:light_blue_stained_glass_pane		block.minecraft.light_blue_stained_glass_pane
in	minecraft:blue_stained_glass_pane		block.minecraft.blue_stained_glass_pane
in	minecraft:purple_stained_glass_pane		block.minecraft.purple_stained_glass_pane
in	minecraft:magenta_stained_glass_pane		block.minecraft.magenta_stained_glass_pane
in	minecraft:pink_stained_glass_pane		block.minecraft.pink_stained_glass_pane
in	minecraft:shulker_box		block.minecraft.shulker_box
in	minecraft:white_shulker_box		block.minecraft.white_shulker_box
in	minecraft:light_gray_shulker_box		block.minecraft.light_gray_shulker_box
in	minecraft:gray_shulker_box		block.minecraft.gray_shulker_box
in	minecraft:black_shulker_box		block.minecraft.black_shulker_box
in	minecraft:brown_shulker_box		block.minecraft.brown_shulker_box
in	minecraft:red_shulker_box		block.minecraft.red_shulker_box
in	minecraft:orange_shulker_box		block.minecraft.orange_shulker_box
in	minecraft:yellow_shulker_box		block.minecraft.yellow_shulker_box
in	minecraft:lime_shulker_box		block.minecraft.lime_shulker_box
in	minecraft:green_shulker_box		block.minecraft.green_shulker_box
in	minecraft:cyan_shulker_box		block.minecraft.cyan_shulker_box
in	minecraft:light_blue_shulker_box		block.minecraft.light_blue_shulker_box
in	minecraft:blue_shulker_box		block.minecraft.blue_shulker_box
in	minecraft:purple_shulker_box		block.minecraft.purple_shulker_box
in	minecraft:magenta_shulker_box		block.minecraft.magenta_shulker_box
in	minecraft:pink_shulker_box		block.minecraft.pink_shulker_box
in	minecraft:white_bed		block.minecraft.white_bed
in	minecraft:light_gray_bed		block.minecraft.light_gray_bed
in	minecraft:gray_bed		block.minecraft.gray_bed
in	minecraft:black_bed		block.minecraft.black_bed
in	minecraft:brown_bed		block.minecraft.brown_bed
in	minecraft:red_bed		block.minecraft.red_bed
in	minecraft:orange_bed		block.minecraft.orange_bed
in	minecraft:yellow_bed		block.minecraft.yellow_bed
in	minecraft:lime_bed		block.minecraft.lime_bed
in	minecraft:green_bed		block.minecraft.green_bed
in	minecraft:cyan_bed		block.minecraft.cyan_bed
in	minecraft:light_blue_bed		block.minecraft.light_blue_bed
in	minecraft:blue_bed		block.minecraft.blue_bed
in	minecraft:purple_bed		block.minecraft.purple_bed
in	minecraft:magenta_bed		block.minecraft.magenta_bed
in	minecraft:pink_bed		block.minecraft.pink_bed
in	minecraft:candle		block.minecraft.candle
in	minecraft:white_candle		block.minecraft.white_candle
in	minecraft:light_gray_candle		block.minecraft.light_gray_candle
in	minecraft:gray_candle		block.minecraft.gray_candle
in	minecraft:black_candle		block.minecraft.black_candle
in	minecraft:brown_candle		block.minecraft.brown_candle
in	minecraft:red_candle		block.minecraft.red_candle
in	minecraft:orange_candle		block.minecraft.orange_candle
in	minecraft:yellow_candle		block.minecraft.yellow_candle
in	minecraft:lime_candle		block.minecraft.lime_candle
in	minecraft:green_candle		block.minecraft.green_candle
in	minecraft:cyan_candle		block.minecraft.cyan_candle
in	minecraft:light_blue_candle		block.minecraft.light_blue_candle
in	minecraft:blue_candle		block.minecraft.blue_candle
in	minecraft:purple_candle		block.minecraft.purple_candle
in	minecraft:magenta_candle		block.minecraft.magenta_candle
in	minecraft:pink_candle		block.minecraft.pink_candle
in	minecraft:white_banner		block.minecraft.white_banner
in	minecraft:light_gray_banner		block.minecraft.light_gray_banner
in	minecraft:gray_banner		block.minecraft.gray_banner
in	minecraft:black_banner		block.minecraft.black_banner
in	minecraft:brown_banner		block.minecraft.brown_banner
in	minecraft:red_banner		block.minecraft.red_banner
in	minecraft:orange_banner		block.minecraft.orange_banner
in	minecraft:yellow_banner		block.minecraft.yellow_banner
in	minecraft:lime_banner		block.minecraft.lime_banner
in	minecraft:green_banner		block.minecraft.green_banner
in	minecraft:cyan_banner		block.minecraft.cyan_banner
in	minecraft:light_blue_banner		block.minecraft.light_blue_banner
in	minecraft:blue_banner		block.minecraft.blue_banner
in	minecraft:purple_banner		block.minecraft.purple_banner
in	minecraft:magenta_banner		block.minecraft.magenta_banner
in	minecraft:pink_banner		block.minecraft.pink_banner
tab	itemGroup.natural	minecraft:grass_block
in	minecraft:grass_block		block.minecraft.grass_block
in	minecraft:podzol		block.minecraft.podzol
in	minecraft:mycelium		block.minecraft.mycelium
in	minecraft:dirt_path		block.minecraft.dirt_path
in	minecraft:dirt		block.minecraft.dirt
in	minecraft:coarse_dirt		block.minecraft.coarse_dirt
in	minecraft:rooted_dirt		block.minecraft.rooted_dirt
in	minecraft:farmland		block.minecraft.farmland
in	minecraft:mud		block.minecraft.mud
in	minecraft:clay		block.minecraft.clay
in	minecraft:gravel		block.minecraft.gravel
in	minecraft:sand		block.minecraft.sand
in	minecraft:sandstone		block.minecraft.sandstone
in	minecraft:red_sand		block.minecraft.red_sand
in	minecraft:red_sandstone		block.minecraft.red_sandstone
in	minecraft:ice		block.minecraft.ice
in	minecraft:packed_ice		block.minecraft.packed_ice
in	minecraft:blue_ice		block.minecraft.blue_ice
in	minecraft:snow_block		block.minecraft.snow_block
in	minecraft:snow		block.minecraft.snow
in	minecraft:moss_block		block.minecraft.moss_block
in	minecraft:moss_carpet		block.minecraft.moss_carpet
in	minecraft:pale_moss_block		block.minecraft.pale_moss_block
in	minecraft:pale_moss_carpet		block.minecraft.pale_moss_carpet
in	minecraft:pale_hanging_moss		block.minecraft.pale_hanging_moss
in	minecraft:stone		block.minecraft.stone
in	minecraft:deepslate		block.minecraft.deepslate
in	minecraft:granite		block.minecraft.granite
in	minecraft:diorite		block.minecraft.diorite
in	minecraft:andesite		block.minecraft.andesite
in	minecraft:calcite		block.minecraft.calcite
in	minecraft:tuff		block.minecraft.tuff
in	minecraft:dripstone_block		block.minecraft.dripstone_block
in	minecraft:pointed_dripstone		block.minecraft.pointed_dripstone
in	minecraft:prismarine		block.minecraft.prismarine
in	minecraft:cinnabar		block.minecraft.cinnabar
in	minecraft:sulfur		block.minecraft.sulfur
in	minecraft:sulfur_spike		block.minecraft.sulfur_spike
in	minecraft:potent_sulfur		block.minecraft.potent_sulfur
in	minecraft:magma_block		block.minecraft.magma_block
in	minecraft:obsidian		block.minecraft.obsidian
in	minecraft:crying_obsidian		block.minecraft.crying_obsidian
in	minecraft:netherrack		block.minecraft.netherrack
in	minecraft:crimson_nylium		block.minecraft.crimson_nylium
in	minecraft:warped_nylium		block.minecraft.warped_nylium
in	minecraft:soul_sand		block.minecraft.soul_sand
in	minecraft:soul_soil		block.minecraft.soul_soil
in	minecraft:bone_block		block.minecraft.bone_block
in	minecraft:blackstone		block.minecraft.blackstone
in	minecraft:basalt		block.minecraft.basalt
in	minecraft:smooth_basalt		block.minecraft.smooth_basalt
in	minecraft:end_stone		block.minecraft.end_stone
in	minecraft:coal_ore		block.minecraft.coal_ore
in	minecraft:deepslate_coal_ore		block.minecraft.deepslate_coal_ore
in	minecraft:iron_ore		block.minecraft.iron_ore
in	minecraft:deepslate_iron_ore		block.minecraft.deepslate_iron_ore
in	minecraft:copper_ore		block.minecraft.copper_ore
in	minecraft:deepslate_copper_ore		block.minecraft.deepslate_copper_ore
in	minecraft:gold_ore		block.minecraft.gold_ore
in	minecraft:deepslate_gold_ore		block.minecraft.deepslate_gold_ore
in	minecraft:redstone_ore		block.minecraft.redstone_ore
in	minecraft:deepslate_redstone_ore		block.minecraft.deepslate_redstone_ore
in	minecraft:emerald_ore		block.minecraft.emerald_ore
in	minecraft:deepslate_emerald_ore		block.minecraft.deepslate_emerald_ore
in	minecraft:lapis_ore		block.minecraft.lapis_ore
in	minecraft:deepslate_lapis_ore		block.minecraft.deepslate_lapis_ore
in	minecraft:diamond_ore		block.minecraft.diamond_ore
in	minecraft:deepslate_diamond_ore		block.minecraft.deepslate_diamond_ore
in	minecraft:nether_gold_ore		block.minecraft.nether_gold_ore
in	minecraft:nether_quartz_ore		block.minecraft.nether_quartz_ore
in	minecraft:ancient_debris		block.minecraft.ancient_debris
in	minecraft:raw_iron_block		block.minecraft.raw_iron_block
in	minecraft:raw_copper_block		block.minecraft.raw_copper_block
in	minecraft:raw_gold_block		block.minecraft.raw_gold_block
in	minecraft:glowstone		block.minecraft.glowstone
in	minecraft:amethyst_block		block.minecraft.amethyst_block
in	minecraft:budding_amethyst		block.minecraft.budding_amethyst
in	minecraft:small_amethyst_bud		block.minecraft.small_amethyst_bud
in	minecraft:medium_amethyst_bud		block.minecraft.medium_amethyst_bud
in	minecraft:large_amethyst_bud		block.minecraft.large_amethyst_bud
in	minecraft:amethyst_cluster		block.minecraft.amethyst_cluster
in	minecraft:oak_log		block.minecraft.oak_log
in	minecraft:spruce_log		block.minecraft.spruce_log
in	minecraft:birch_log		block.minecraft.birch_log
in	minecraft:jungle_log		block.minecraft.jungle_log
in	minecraft:acacia_log		block.minecraft.acacia_log
in	minecraft:dark_oak_log		block.minecraft.dark_oak_log
in	minecraft:mangrove_log		block.minecraft.mangrove_log
in	minecraft:mangrove_roots		block.minecraft.mangrove_roots
in	minecraft:muddy_mangrove_roots		block.minecraft.muddy_mangrove_roots
in	minecraft:cherry_log		block.minecraft.cherry_log
in	minecraft:pale_oak_log		block.minecraft.pale_oak_log
in	minecraft:mushroom_stem		block.minecraft.mushroom_stem
in	minecraft:crimson_stem		block.minecraft.crimson_stem
in	minecraft:warped_stem		block.minecraft.warped_stem
in	minecraft:oak_leaves		block.minecraft.oak_leaves
in	minecraft:spruce_leaves		block.minecraft.spruce_leaves
in	minecraft:birch_leaves		block.minecraft.birch_leaves
in	minecraft:jungle_leaves		block.minecraft.jungle_leaves
in	minecraft:acacia_leaves		block.minecraft.acacia_leaves
in	minecraft:dark_oak_leaves		block.minecraft.dark_oak_leaves
in	minecraft:mangrove_leaves		block.minecraft.mangrove_leaves
in	minecraft:cherry_leaves		block.minecraft.cherry_leaves
in	minecraft:pale_oak_leaves		block.minecraft.pale_oak_leaves
in	minecraft:azalea_leaves		block.minecraft.azalea_leaves
in	minecraft:flowering_azalea_leaves		block.minecraft.flowering_azalea_leaves
in	minecraft:brown_mushroom_block		block.minecraft.brown_mushroom_block
in	minecraft:red_mushroom_block		block.minecraft.red_mushroom_block
in	minecraft:nether_wart_block		block.minecraft.nether_wart_block
in	minecraft:warped_wart_block		block.minecraft.warped_wart_block
in	minecraft:shroomlight		block.minecraft.shroomlight
in	minecraft:oak_sapling		block.minecraft.oak_sapling
in	minecraft:spruce_sapling		block.minecraft.spruce_sapling
in	minecraft:birch_sapling		block.minecraft.birch_sapling
in	minecraft:jungle_sapling		block.minecraft.jungle_sapling
in	minecraft:acacia_sapling		block.minecraft.acacia_sapling
in	minecraft:dark_oak_sapling		block.minecraft.dark_oak_sapling
in	minecraft:mangrove_propagule		block.minecraft.mangrove_propagule
in	minecraft:cherry_sapling		block.minecraft.cherry_sapling
in	minecraft:pale_oak_sapling		block.minecraft.pale_oak_sapling
in	minecraft:azalea		block.minecraft.azalea
in	minecraft:flowering_azalea		block.minecraft.flowering_azalea
in	minecraft:brown_mushroom		block.minecraft.brown_mushroom
in	minecraft:red_mushroom		block.minecraft.red_mushroom
in	minecraft:crimson_fungus		block.minecraft.crimson_fungus
in	minecraft:warped_fungus		block.minecraft.warped_fungus
in	minecraft:short_grass		block.minecraft.short_grass
in	minecraft:fern		block.minecraft.fern
in	minecraft:short_dry_grass		block.minecraft.short_dry_grass
in	minecraft:bush		block.minecraft.bush
in	minecraft:dead_bush		block.minecraft.dead_bush
in	minecraft:dandelion		block.minecraft.dandelion
in	minecraft:poppy		block.minecraft.poppy
in	minecraft:blue_orchid		block.minecraft.blue_orchid
in	minecraft:allium		block.minecraft.allium
in	minecraft:azure_bluet		block.minecraft.azure_bluet
in	minecraft:red_tulip		block.minecraft.red_tulip
in	minecraft:orange_tulip		block.minecraft.orange_tulip
in	minecraft:white_tulip		block.minecraft.white_tulip
in	minecraft:pink_tulip		block.minecraft.pink_tulip
in	minecraft:oxeye_daisy		block.minecraft.oxeye_daisy
in	minecraft:cornflower		block.minecraft.cornflower
in	minecraft:lily_of_the_valley		block.minecraft.lily_of_the_valley
in	minecraft:torchflower		block.minecraft.torchflower
in	minecraft:cactus_flower		block.minecraft.cactus_flower
in	minecraft:closed_eyeblossom		block.minecraft.closed_eyeblossom
in	minecraft:open_eyeblossom		block.minecraft.open_eyeblossom
in	minecraft:wither_rose		block.minecraft.wither_rose
in	minecraft:pink_petals		block.minecraft.pink_petals
in	minecraft:wildflowers		block.minecraft.wildflowers
in	minecraft:leaf_litter		block.minecraft.leaf_litter
in	minecraft:spore_blossom		block.minecraft.spore_blossom
in	minecraft:firefly_bush		block.minecraft.firefly_bush
in	minecraft:bamboo		block.minecraft.bamboo
in	minecraft:sugar_cane		block.minecraft.sugar_cane
in	minecraft:cactus		block.minecraft.cactus
in	minecraft:crimson_roots		block.minecraft.crimson_roots
in	minecraft:warped_roots		block.minecraft.warped_roots
in	minecraft:nether_sprouts		block.minecraft.nether_sprouts
in	minecraft:weeping_vines		block.minecraft.weeping_vines
in	minecraft:twisting_vines		block.minecraft.twisting_vines
in	minecraft:vine		block.minecraft.vine
in	minecraft:tall_grass		block.minecraft.tall_grass
in	minecraft:large_fern		block.minecraft.large_fern
in	minecraft:tall_dry_grass		block.minecraft.tall_dry_grass
in	minecraft:sunflower		block.minecraft.sunflower
in	minecraft:lilac		block.minecraft.lilac
in	minecraft:rose_bush		block.minecraft.rose_bush
in	minecraft:peony		block.minecraft.peony
in	minecraft:pitcher_plant		block.minecraft.pitcher_plant
in	minecraft:big_dripleaf		block.minecraft.big_dripleaf
in	minecraft:small_dripleaf		block.minecraft.small_dripleaf
in	minecraft:chorus_plant		block.minecraft.chorus_plant
in	minecraft:chorus_flower		block.minecraft.chorus_flower
in	minecraft:glow_lichen		block.minecraft.glow_lichen
in	minecraft:hanging_roots		block.minecraft.hanging_roots
in	minecraft:frogspawn		block.minecraft.frogspawn
in	minecraft:turtle_egg		block.minecraft.turtle_egg
in	minecraft:sniffer_egg		block.minecraft.sniffer_egg
in	minecraft:dried_ghast		block.minecraft.dried_ghast
in	minecraft:wheat_seeds		item.minecraft.wheat_seeds
in	minecraft:cocoa_beans		item.minecraft.cocoa_beans
in	minecraft:pumpkin_seeds		item.minecraft.pumpkin_seeds
in	minecraft:melon_seeds		item.minecraft.melon_seeds
in	minecraft:beetroot_seeds		item.minecraft.beetroot_seeds
in	minecraft:torchflower_seeds		item.minecraft.torchflower_seeds
in	minecraft:pitcher_pod		item.minecraft.pitcher_pod
in	minecraft:glow_berries		item.minecraft.glow_berries
in	minecraft:sweet_berries		item.minecraft.sweet_berries
in	minecraft:nether_wart		item.minecraft.nether_wart
in	minecraft:lily_pad		block.minecraft.lily_pad
in	minecraft:seagrass		block.minecraft.seagrass
in	minecraft:sea_pickle		block.minecraft.sea_pickle
in	minecraft:kelp		block.minecraft.kelp
in	minecraft:dried_kelp_block		block.minecraft.dried_kelp_block
in	minecraft:tube_coral_block		block.minecraft.tube_coral_block
in	minecraft:brain_coral_block		block.minecraft.brain_coral_block
in	minecraft:bubble_coral_block		block.minecraft.bubble_coral_block
in	minecraft:fire_coral_block		block.minecraft.fire_coral_block
in	minecraft:horn_coral_block		block.minecraft.horn_coral_block
in	minecraft:dead_tube_coral_block		block.minecraft.dead_tube_coral_block
in	minecraft:dead_brain_coral_block		block.minecraft.dead_brain_coral_block
in	minecraft:dead_bubble_coral_block		block.minecraft.dead_bubble_coral_block
in	minecraft:dead_fire_coral_block		block.minecraft.dead_fire_coral_block
in	minecraft:dead_horn_coral_block		block.minecraft.dead_horn_coral_block
in	minecraft:tube_coral		block.minecraft.tube_coral
in	minecraft:brain_coral		block.minecraft.brain_coral
in	minecraft:bubble_coral		block.minecraft.bubble_coral
in	minecraft:fire_coral		block.minecraft.fire_coral
in	minecraft:horn_coral		block.minecraft.horn_coral
in	minecraft:dead_tube_coral		block.minecraft.dead_tube_coral
in	minecraft:dead_brain_coral		block.minecraft.dead_brain_coral
in	minecraft:dead_bubble_coral		block.minecraft.dead_bubble_coral
in	minecraft:dead_fire_coral		block.minecraft.dead_fire_coral
in	minecraft:dead_horn_coral		block.minecraft.dead_horn_coral
in	minecraft:tube_coral_fan		block.minecraft.tube_coral_fan
in	minecraft:brain_coral_fan		block.minecraft.brain_coral_fan
in	minecraft:bubble_coral_fan		block.minecraft.bubble_coral_fan
in	minecraft:fire_coral_fan		block.minecraft.fire_coral_fan
in	minecraft:horn_coral_fan		block.minecraft.horn_coral_fan
in	minecraft:dead_tube_coral_fan		block.minecraft.dead_tube_coral_fan
in	minecraft:dead_brain_coral_fan		block.minecraft.dead_brain_coral_fan
in	minecraft:dead_bubble_coral_fan		block.minecraft.dead_bubble_coral_fan
in	minecraft:dead_fire_coral_fan		block.minecraft.dead_fire_coral_fan
in	minecraft:dead_horn_coral_fan		block.minecraft.dead_horn_coral_fan
in	minecraft:sponge		block.minecraft.sponge
in	minecraft:wet_sponge		block.minecraft.wet_sponge
in	minecraft:melon		block.minecraft.melon
in	minecraft:pumpkin		block.minecraft.pumpkin
in	minecraft:carved_pumpkin		block.minecraft.carved_pumpkin
in	minecraft:jack_o_lantern		block.minecraft.jack_o_lantern
in	minecraft:hay_block		block.minecraft.hay_block
in	minecraft:bee_nest		block.minecraft.bee_nest
in	minecraft:honeycomb_block		block.minecraft.honeycomb_block
in	minecraft:slime_block		block.minecraft.slime_block
in	minecraft:honey_block		block.minecraft.honey_block
in	minecraft:resin_block		block.minecraft.resin_block
in	minecraft:ochre_froglight		block.minecraft.ochre_froglight
in	minecraft:verdant_froglight		block.minecraft.verdant_froglight
in	minecraft:pearlescent_froglight		block.minecraft.pearlescent_froglight
in	minecraft:sculk		block.minecraft.sculk
in	minecraft:sculk_vein		block.minecraft.sculk_vein
in	minecraft:sculk_catalyst		block.minecraft.sculk_catalyst
in	minecraft:sculk_shrieker		block.minecraft.sculk_shrieker
in	minecraft:sculk_sensor		block.minecraft.sculk_sensor
in	minecraft:cobweb		block.minecraft.cobweb
in	minecraft:bedrock		block.minecraft.bedrock
tab	itemGroup.functional	minecraft:oak_sign
in	minecraft:torch		block.minecraft.torch
in	minecraft:soul_torch		block.minecraft.soul_torch
in	minecraft:copper_torch		block.minecraft.copper_torch
in	minecraft:redstone_torch		block.minecraft.redstone_torch
in	minecraft:lantern		block.minecraft.lantern
in	minecraft:soul_lantern		block.minecraft.soul_lantern
in	minecraft:copper_lantern		block.minecraft.copper_lantern
in	minecraft:exposed_copper_lantern		block.minecraft.exposed_copper_lantern
in	minecraft:weathered_copper_lantern		block.minecraft.weathered_copper_lantern
in	minecraft:oxidized_copper_lantern		block.minecraft.oxidized_copper_lantern
in	minecraft:waxed_copper_lantern		block.minecraft.waxed_copper_lantern
in	minecraft:waxed_exposed_copper_lantern		block.minecraft.waxed_exposed_copper_lantern
in	minecraft:waxed_weathered_copper_lantern		block.minecraft.waxed_weathered_copper_lantern
in	minecraft:waxed_oxidized_copper_lantern		block.minecraft.waxed_oxidized_copper_lantern
in	minecraft:iron_chain		block.minecraft.iron_chain
in	minecraft:copper_chain		block.minecraft.copper_chain
in	minecraft:exposed_copper_chain		block.minecraft.exposed_copper_chain
in	minecraft:weathered_copper_chain		block.minecraft.weathered_copper_chain
in	minecraft:oxidized_copper_chain		block.minecraft.oxidized_copper_chain
in	minecraft:waxed_copper_chain		block.minecraft.waxed_copper_chain
in	minecraft:waxed_exposed_copper_chain		block.minecraft.waxed_exposed_copper_chain
in	minecraft:waxed_weathered_copper_chain		block.minecraft.waxed_weathered_copper_chain
in	minecraft:waxed_oxidized_copper_chain		block.minecraft.waxed_oxidized_copper_chain
in	minecraft:end_rod		block.minecraft.end_rod
in	minecraft:sea_lantern		block.minecraft.sea_lantern
in	minecraft:redstone_lamp		block.minecraft.redstone_lamp
in	minecraft:copper_bulb		block.minecraft.copper_bulb
in	minecraft:exposed_copper_bulb		block.minecraft.exposed_copper_bulb
in	minecraft:weathered_copper_bulb		block.minecraft.weathered_copper_bulb
in	minecraft:oxidized_copper_bulb		block.minecraft.oxidized_copper_bulb
in	minecraft:waxed_copper_bulb		block.minecraft.waxed_copper_bulb
in	minecraft:waxed_exposed_copper_bulb		block.minecraft.waxed_exposed_copper_bulb
in	minecraft:waxed_weathered_copper_bulb		block.minecraft.waxed_weathered_copper_bulb
in	minecraft:waxed_oxidized_copper_bulb		block.minecraft.waxed_oxidized_copper_bulb
in	minecraft:glowstone		block.minecraft.glowstone
in	minecraft:shroomlight		block.minecraft.shroomlight
in	minecraft:ochre_froglight		block.minecraft.ochre_froglight
in	minecraft:verdant_froglight		block.minecraft.verdant_froglight
in	minecraft:pearlescent_froglight		block.minecraft.pearlescent_froglight
in	minecraft:crying_obsidian		block.minecraft.crying_obsidian
in	minecraft:glow_lichen		block.minecraft.glow_lichen
in	minecraft:magma_block		block.minecraft.magma_block
in	minecraft:crafting_table		block.minecraft.crafting_table
in	minecraft:stonecutter		block.minecraft.stonecutter
in	minecraft:cartography_table		block.minecraft.cartography_table
in	minecraft:fletching_table		block.minecraft.fletching_table
in	minecraft:smithing_table		block.minecraft.smithing_table
in	minecraft:grindstone		block.minecraft.grindstone
in	minecraft:loom		block.minecraft.loom
in	minecraft:furnace		block.minecraft.furnace
in	minecraft:smoker		block.minecraft.smoker
in	minecraft:blast_furnace		block.minecraft.blast_furnace
in	minecraft:campfire		block.minecraft.campfire
in	minecraft:soul_campfire		block.minecraft.soul_campfire
in	minecraft:anvil		block.minecraft.anvil
in	minecraft:chipped_anvil		block.minecraft.chipped_anvil
in	minecraft:damaged_anvil		block.minecraft.damaged_anvil
in	minecraft:composter		block.minecraft.composter
in	minecraft:note_block		block.minecraft.note_block
in	minecraft:jukebox		block.minecraft.jukebox
in	minecraft:enchanting_table		block.minecraft.enchanting_table
in	minecraft:end_crystal		item.minecraft.end_crystal
in	minecraft:brewing_stand		block.minecraft.brewing_stand
in	minecraft:cauldron		block.minecraft.cauldron
in	minecraft:bell		block.minecraft.bell
in	minecraft:beacon		block.minecraft.beacon
in	minecraft:conduit		block.minecraft.conduit
in	minecraft:lodestone		block.minecraft.lodestone
in	minecraft:ladder		block.minecraft.ladder
in	minecraft:scaffolding		block.minecraft.scaffolding
in	minecraft:bee_nest		block.minecraft.bee_nest
in	minecraft:beehive		block.minecraft.beehive
in	minecraft:suspicious_sand		block.minecraft.suspicious_sand
in	minecraft:suspicious_gravel		block.minecraft.suspicious_gravel
in	minecraft:lightning_rod		block.minecraft.lightning_rod
in	minecraft:exposed_lightning_rod		block.minecraft.exposed_lightning_rod
in	minecraft:weathered_lightning_rod		block.minecraft.weathered_lightning_rod
in	minecraft:oxidized_lightning_rod		block.minecraft.oxidized_lightning_rod
in	minecraft:waxed_lightning_rod		block.minecraft.waxed_lightning_rod
in	minecraft:waxed_exposed_lightning_rod		block.minecraft.waxed_exposed_lightning_rod
in	minecraft:waxed_weathered_lightning_rod		block.minecraft.waxed_weathered_lightning_rod
in	minecraft:waxed_oxidized_lightning_rod		block.minecraft.waxed_oxidized_lightning_rod
in	minecraft:flower_pot		block.minecraft.flower_pot
in	minecraft:decorated_pot		block.minecraft.decorated_pot
in	minecraft:armor_stand		item.minecraft.armor_stand
in	minecraft:item_frame		item.minecraft.item_frame
in	minecraft:glow_item_frame		item.minecraft.glow_item_frame
in	minecraft:painting		item.minecraft.painting
in	minecraft:painting	{"minecraft:painting/variant":"minecraft:alban"}	item.minecraft.painting
in	minecraft:painting	{"minecraft:painting/variant":"minecraft:aztec"}	item.minecraft.painting
in	minecraft:painting	{"minecraft:painting/variant":"minecraft:aztec2"}	item.minecraft.painting
in	minecraft:painting	{"minecraft:painting/variant":"minecraft:bomb"}	item.minecraft.painting
in	minecraft:painting	{"minecraft:painting/variant":"minecraft:kebab"}	item.minecraft.painting
in	minecraft:painting	{"minecraft:painting/variant":"minecraft:meditative"}	item.minecraft.painting
in	minecraft:painting	{"minecraft:painting/variant":"minecraft:plant"}	item.minecraft.painting
in	minecraft:painting	{"minecraft:painting/variant":"minecraft:wasteland"}	item.minecraft.painting
in	minecraft:painting	{"minecraft:painting/variant":"minecraft:graham"}	item.minecraft.painting
in	minecraft:painting	{"minecraft:painting/variant":"minecraft:prairie_ride"}	item.minecraft.painting
in	minecraft:painting	{"minecraft:painting/variant":"minecraft:wanderer"}	item.minecraft.painting
in	minecraft:painting	{"minecraft:painting/variant":"minecraft:courbet"}	item.minecraft.painting
in	minecraft:painting	{"minecraft:painting/variant":"minecraft:creebet"}	item.minecraft.painting
in	minecraft:painting	{"minecraft:painting/variant":"minecraft:pool"}	item.minecraft.painting
in	minecraft:painting	{"minecraft:painting/variant":"minecraft:sea"}	item.minecraft.painting
in	minecraft:painting	{"minecraft:painting/variant":"minecraft:sunset"}	item.minecraft.painting
in	minecraft:painting	{"minecraft:painting/variant":"minecraft:baroque"}	item.minecraft.painting
in	minecraft:painting	{"minecraft:painting/variant":"minecraft:bust"}	item.minecraft.painting
in	minecraft:painting	{"minecraft:painting/variant":"minecraft:humble"}	item.minecraft.painting
in	minecraft:painting	{"minecraft:painting/variant":"minecraft:match"}	item.minecraft.painting
in	minecraft:painting	{"minecraft:painting/variant":"minecraft:skull_and_roses"}	item.minecraft.painting
in	minecraft:painting	{"minecraft:painting/variant":"minecraft:stage"}	item.minecraft.painting
in	minecraft:painting	{"minecraft:painting/variant":"minecraft:void"}	item.minecraft.painting
in	minecraft:painting	{"minecraft:painting/variant":"minecraft:wither"}	item.minecraft.painting
in	minecraft:painting	{"minecraft:painting/variant":"minecraft:changing"}	item.minecraft.painting
in	minecraft:painting	{"minecraft:painting/variant":"minecraft:fighters"}	item.minecraft.painting
in	minecraft:painting	{"minecraft:painting/variant":"minecraft:finding"}	item.minecraft.painting
in	minecraft:painting	{"minecraft:painting/variant":"minecraft:lowmist"}	item.minecraft.painting
in	minecraft:painting	{"minecraft:painting/variant":"minecraft:passage"}	item.minecraft.painting
in	minecraft:painting	{"minecraft:painting/variant":"minecraft:bouquet"}	item.minecraft.painting
in	minecraft:painting	{"minecraft:painting/variant":"minecraft:cavebird"}	item.minecraft.painting
in	minecraft:painting	{"minecraft:painting/variant":"minecraft:cotan"}	item.minecraft.painting
in	minecraft:painting	{"minecraft:painting/variant":"minecraft:dennis"}	item.minecraft.painting
in	minecraft:painting	{"minecraft:painting/variant":"minecraft:endboss"}	item.minecraft.painting
in	minecraft:painting	{"minecraft:painting/variant":"minecraft:fern"}	item.minecraft.painting
in	minecraft:painting	{"minecraft:painting/variant":"minecraft:owlemons"}	item.minecraft.painting
in	minecraft:painting	{"minecraft:painting/variant":"minecraft:sunflowers"}	item.minecraft.painting
in	minecraft:painting	{"minecraft:painting/variant":"minecraft:tides"}	item.minecraft.painting
in	minecraft:painting	{"minecraft:painting/variant":"minecraft:backyard"}	item.minecraft.painting
in	minecraft:painting	{"minecraft:painting/variant":"minecraft:pond"}	item.minecraft.painting
in	minecraft:painting	{"minecraft:painting/variant":"minecraft:donkey_kong"}	item.minecraft.painting
in	minecraft:painting	{"minecraft:painting/variant":"minecraft:skeleton"}	item.minecraft.painting
in	minecraft:painting	{"minecraft:painting/variant":"minecraft:burning_skull"}	item.minecraft.painting
in	minecraft:painting	{"minecraft:painting/variant":"minecraft:orb"}	item.minecraft.painting
in	minecraft:painting	{"minecraft:painting/variant":"minecraft:pigscene"}	item.minecraft.painting
in	minecraft:painting	{"minecraft:painting/variant":"minecraft:pointer"}	item.minecraft.painting
in	minecraft:painting	{"minecraft:painting/variant":"minecraft:unpacked"}	item.minecraft.painting
in	minecraft:bookshelf		block.minecraft.bookshelf
in	minecraft:chiseled_bookshelf		block.minecraft.chiseled_bookshelf
in	minecraft:oak_shelf		block.minecraft.oak_shelf
in	minecraft:spruce_shelf		block.minecraft.spruce_shelf
in	minecraft:birch_shelf		block.minecraft.birch_shelf
in	minecraft:jungle_shelf		block.minecraft.jungle_shelf
in	minecraft:acacia_shelf		block.minecraft.acacia_shelf
in	minecraft:dark_oak_shelf		block.minecraft.dark_oak_shelf
in	minecraft:mangrove_shelf		block.minecraft.mangrove_shelf
in	minecraft:cherry_shelf		block.minecraft.cherry_shelf
in	minecraft:pale_oak_shelf		block.minecraft.pale_oak_shelf
in	minecraft:bamboo_shelf		block.minecraft.bamboo_shelf
in	minecraft:crimson_shelf		block.minecraft.crimson_shelf
in	minecraft:warped_shelf		block.minecraft.warped_shelf
in	minecraft:lectern		block.minecraft.lectern
in	minecraft:tinted_glass		block.minecraft.tinted_glass
in	minecraft:oak_sign		block.minecraft.oak_sign
in	minecraft:oak_hanging_sign		block.minecraft.oak_hanging_sign
in	minecraft:spruce_sign		block.minecraft.spruce_sign
in	minecraft:spruce_hanging_sign		block.minecraft.spruce_hanging_sign
in	minecraft:birch_sign		block.minecraft.birch_sign
in	minecraft:birch_hanging_sign		block.minecraft.birch_hanging_sign
in	minecraft:jungle_sign		block.minecraft.jungle_sign
in	minecraft:jungle_hanging_sign		block.minecraft.jungle_hanging_sign
in	minecraft:acacia_sign		block.minecraft.acacia_sign
in	minecraft:acacia_hanging_sign		block.minecraft.acacia_hanging_sign
in	minecraft:dark_oak_sign		block.minecraft.dark_oak_sign
in	minecraft:dark_oak_hanging_sign		block.minecraft.dark_oak_hanging_sign
in	minecraft:mangrove_sign		block.minecraft.mangrove_sign
in	minecraft:mangrove_hanging_sign		block.minecraft.mangrove_hanging_sign
in	minecraft:cherry_sign		block.minecraft.cherry_sign
in	minecraft:cherry_hanging_sign		block.minecraft.cherry_hanging_sign
in	minecraft:pale_oak_sign		block.minecraft.pale_oak_sign
in	minecraft:pale_oak_hanging_sign		block.minecraft.pale_oak_hanging_sign
in	minecraft:bamboo_sign		block.minecraft.bamboo_sign
in	minecraft:bamboo_hanging_sign		block.minecraft.bamboo_hanging_sign
in	minecraft:crimson_sign		block.minecraft.crimson_sign
in	minecraft:crimson_hanging_sign		block.minecraft.crimson_hanging_sign
in	minecraft:warped_sign		block.minecraft.warped_sign
in	minecraft:warped_hanging_sign		block.minecraft.warped_hanging_sign
in	minecraft:chest		block.minecraft.chest
in	minecraft:copper_chest		block.minecraft.copper_chest
in	minecraft:exposed_copper_chest		block.minecraft.exposed_copper_chest
in	minecraft:weathered_copper_chest		block.minecraft.weathered_copper_chest
in	minecraft:oxidized_copper_chest		block.minecraft.oxidized_copper_chest
in	minecraft:waxed_copper_chest		block.minecraft.waxed_copper_chest
in	minecraft:waxed_exposed_copper_chest		block.minecraft.waxed_exposed_copper_chest
in	minecraft:waxed_weathered_copper_chest		block.minecraft.waxed_weathered_copper_chest
in	minecraft:waxed_oxidized_copper_chest		block.minecraft.waxed_oxidized_copper_chest
in	minecraft:barrel		block.minecraft.barrel
in	minecraft:ender_chest		block.minecraft.ender_chest
in	minecraft:shulker_box		block.minecraft.shulker_box
in	minecraft:white_shulker_box		block.minecraft.white_shulker_box
in	minecraft:light_gray_shulker_box		block.minecraft.light_gray_shulker_box
in	minecraft:gray_shulker_box		block.minecraft.gray_shulker_box
in	minecraft:black_shulker_box		block.minecraft.black_shulker_box
in	minecraft:brown_shulker_box		block.minecraft.brown_shulker_box
in	minecraft:red_shulker_box		block.minecraft.red_shulker_box
in	minecraft:orange_shulker_box		block.minecraft.orange_shulker_box
in	minecraft:yellow_shulker_box		block.minecraft.yellow_shulker_box
in	minecraft:lime_shulker_box		block.minecraft.lime_shulker_box
in	minecraft:green_shulker_box		block.minecraft.green_shulker_box
in	minecraft:cyan_shulker_box		block.minecraft.cyan_shulker_box
in	minecraft:light_blue_shulker_box		block.minecraft.light_blue_shulker_box
in	minecraft:blue_shulker_box		block.minecraft.blue_shulker_box
in	minecraft:purple_shulker_box		block.minecraft.purple_shulker_box
in	minecraft:magenta_shulker_box		block.minecraft.magenta_shulker_box
in	minecraft:pink_shulker_box		block.minecraft.pink_shulker_box
in	minecraft:respawn_anchor		block.minecraft.respawn_anchor
in	minecraft:white_bed		block.minecraft.white_bed
in	minecraft:light_gray_bed		block.minecraft.light_gray_bed
in	minecraft:gray_bed		block.minecraft.gray_bed
in	minecraft:black_bed		block.minecraft.black_bed
in	minecraft:brown_bed		block.minecraft.brown_bed
in	minecraft:red_bed		block.minecraft.red_bed
in	minecraft:orange_bed		block.minecraft.orange_bed
in	minecraft:yellow_bed		block.minecraft.yellow_bed
in	minecraft:lime_bed		block.minecraft.lime_bed
in	minecraft:green_bed		block.minecraft.green_bed
in	minecraft:cyan_bed		block.minecraft.cyan_bed
in	minecraft:light_blue_bed		block.minecraft.light_blue_bed
in	minecraft:blue_bed		block.minecraft.blue_bed
in	minecraft:purple_bed		block.minecraft.purple_bed
in	minecraft:magenta_bed		block.minecraft.magenta_bed
in	minecraft:pink_bed		block.minecraft.pink_bed
in	minecraft:candle		block.minecraft.candle
in	minecraft:white_candle		block.minecraft.white_candle
in	minecraft:light_gray_candle		block.minecraft.light_gray_candle
in	minecraft:gray_candle		block.minecraft.gray_candle
in	minecraft:black_candle		block.minecraft.black_candle
in	minecraft:brown_candle		block.minecraft.brown_candle
in	minecraft:red_candle		block.minecraft.red_candle
in	minecraft:orange_candle		block.minecraft.orange_candle
in	minecraft:yellow_candle		block.minecraft.yellow_candle
in	minecraft:lime_candle		block.minecraft.lime_candle
in	minecraft:green_candle		block.minecraft.green_candle
in	minecraft:cyan_candle		block.minecraft.cyan_candle
in	minecraft:light_blue_candle		block.minecraft.light_blue_candle
in	minecraft:blue_candle		block.minecraft.blue_candle
in	minecraft:purple_candle		block.minecraft.purple_candle
in	minecraft:magenta_candle		block.minecraft.magenta_candle
in	minecraft:pink_candle		block.minecraft.pink_candle
in	minecraft:white_banner		block.minecraft.white_banner
in	minecraft:light_gray_banner		block.minecraft.light_gray_banner
in	minecraft:gray_banner		block.minecraft.gray_banner
in	minecraft:black_banner		block.minecraft.black_banner
in	minecraft:brown_banner		block.minecraft.brown_banner
in	minecraft:red_banner		block.minecraft.red_banner
in	minecraft:orange_banner		block.minecraft.orange_banner
in	minecraft:yellow_banner		block.minecraft.yellow_banner
in	minecraft:lime_banner		block.minecraft.lime_banner
in	minecraft:green_banner		block.minecraft.green_banner
in	minecraft:cyan_banner		block.minecraft.cyan_banner
in	minecraft:light_blue_banner		block.minecraft.light_blue_banner
in	minecraft:blue_banner		block.minecraft.blue_banner
in	minecraft:purple_banner		block.minecraft.purple_banner
in	minecraft:magenta_banner		block.minecraft.magenta_banner
in	minecraft:pink_banner		block.minecraft.pink_banner
in	minecraft:white_banner	{"minecraft:banner_patterns":[{color:"cyan",pattern:"minecraft:rhombus"},{color:"light_gray",pattern:"minecraft:stripe_bottom"},{color:"gray",pattern:"minecraft:stripe_center"},{color:"light_gray",pattern:"minecraft:border"},{color:"black",pattern:"minecraft:stripe_middle"},{color:"light_gray",pattern:"minecraft:half_horizontal"},{color:"light_gray",pattern:"minecraft:circle"},{color:"black",pattern:"minecraft:border"}],"minecraft:item_name":{translate:"block.minecraft.ominous_banner"},"minecraft:rarity":"uncommon","minecraft:tooltip_display":{hidden_components:["minecraft:banner_patterns"]}}	block.minecraft.ominous_banner
in	minecraft:skeleton_skull		block.minecraft.skeleton_skull
in	minecraft:wither_skeleton_skull		block.minecraft.wither_skeleton_skull
in	minecraft:player_head		block.minecraft.player_head
in	minecraft:zombie_head		block.minecraft.zombie_head
in	minecraft:creeper_head		block.minecraft.creeper_head
in	minecraft:piglin_head		block.minecraft.piglin_head
in	minecraft:dragon_head		block.minecraft.dragon_head
in	minecraft:dragon_egg		block.minecraft.dragon_egg
in	minecraft:end_portal_frame		block.minecraft.end_portal_frame
in	minecraft:vault		block.minecraft.vault
in	minecraft:ender_eye		item.minecraft.ender_eye
in	minecraft:copper_golem_statue		block.minecraft.copper_golem_statue
in	minecraft:exposed_copper_golem_statue		block.minecraft.exposed_copper_golem_statue
in	minecraft:weathered_copper_golem_statue		block.minecraft.weathered_copper_golem_statue
in	minecraft:oxidized_copper_golem_statue		block.minecraft.oxidized_copper_golem_statue
in	minecraft:waxed_copper_golem_statue		block.minecraft.waxed_copper_golem_statue
in	minecraft:waxed_exposed_copper_golem_statue		block.minecraft.waxed_exposed_copper_golem_statue
in	minecraft:waxed_weathered_copper_golem_statue		block.minecraft.waxed_weathered_copper_golem_statue
in	minecraft:waxed_oxidized_copper_golem_statue		block.minecraft.waxed_oxidized_copper_golem_statue
in	minecraft:infested_stone		block.minecraft.infested_stone
in	minecraft:infested_cobblestone		block.minecraft.infested_cobblestone
in	minecraft:infested_stone_bricks		block.minecraft.infested_stone_bricks
in	minecraft:infested_mossy_stone_bricks		block.minecraft.infested_mossy_stone_bricks
in	minecraft:infested_cracked_stone_bricks		block.minecraft.infested_cracked_stone_bricks
in	minecraft:infested_chiseled_stone_bricks		block.minecraft.infested_chiseled_stone_bricks
in	minecraft:infested_deepslate		block.minecraft.infested_deepslate
tab	itemGroup.redstone	minecraft:redstone
in	minecraft:redstone		item.minecraft.redstone
in	minecraft:redstone_torch		block.minecraft.redstone_torch
in	minecraft:redstone_block		block.minecraft.redstone_block
in	minecraft:repeater		block.minecraft.repeater
in	minecraft:comparator		block.minecraft.comparator
in	minecraft:target		block.minecraft.target
in	minecraft:waxed_copper_bulb		block.minecraft.waxed_copper_bulb
in	minecraft:waxed_exposed_copper_bulb		block.minecraft.waxed_exposed_copper_bulb
in	minecraft:waxed_weathered_copper_bulb		block.minecraft.waxed_weathered_copper_bulb
in	minecraft:waxed_oxidized_copper_bulb		block.minecraft.waxed_oxidized_copper_bulb
in	minecraft:lever		block.minecraft.lever
in	minecraft:oak_button		block.minecraft.oak_button
in	minecraft:stone_button		block.minecraft.stone_button
in	minecraft:oak_pressure_plate		block.minecraft.oak_pressure_plate
in	minecraft:stone_pressure_plate		block.minecraft.stone_pressure_plate
in	minecraft:light_weighted_pressure_plate		block.minecraft.light_weighted_pressure_plate
in	minecraft:heavy_weighted_pressure_plate		block.minecraft.heavy_weighted_pressure_plate
in	minecraft:sculk_sensor		block.minecraft.sculk_sensor
in	minecraft:calibrated_sculk_sensor		block.minecraft.calibrated_sculk_sensor
in	minecraft:sculk_shrieker		block.minecraft.sculk_shrieker
in	minecraft:amethyst_block		block.minecraft.amethyst_block
in	minecraft:white_wool		block.minecraft.white_wool
in	minecraft:tripwire_hook		block.minecraft.tripwire_hook
in	minecraft:string		item.minecraft.string
in	minecraft:lectern		block.minecraft.lectern
in	minecraft:daylight_detector		block.minecraft.daylight_detector
in	minecraft:waxed_lightning_rod		block.minecraft.waxed_lightning_rod
in	minecraft:piston		block.minecraft.piston
in	minecraft:sticky_piston		block.minecraft.sticky_piston
in	minecraft:slime_block		block.minecraft.slime_block
in	minecraft:honey_block		block.minecraft.honey_block
in	minecraft:dispenser		block.minecraft.dispenser
in	minecraft:dropper		block.minecraft.dropper
in	minecraft:crafter		block.minecraft.crafter
in	minecraft:hopper		block.minecraft.hopper
in	minecraft:chest		block.minecraft.chest
in	minecraft:waxed_copper_chest		block.minecraft.waxed_copper_chest
in	minecraft:barrel		block.minecraft.barrel
in	minecraft:chiseled_bookshelf		block.minecraft.chiseled_bookshelf
in	minecraft:oak_shelf		block.minecraft.oak_shelf
in	minecraft:furnace		block.minecraft.furnace
in	minecraft:trapped_chest		block.minecraft.trapped_chest
in	minecraft:jukebox		block.minecraft.jukebox
in	minecraft:decorated_pot		block.minecraft.decorated_pot
in	minecraft:observer		block.minecraft.observer
in	minecraft:note_block		block.minecraft.note_block
in	minecraft:composter		block.minecraft.composter
in	minecraft:cauldron		block.minecraft.cauldron
in	minecraft:rail		block.minecraft.rail
in	minecraft:powered_rail		block.minecraft.powered_rail
in	minecraft:detector_rail		block.minecraft.detector_rail
in	minecraft:activator_rail		block.minecraft.activator_rail
in	minecraft:minecart		item.minecraft.minecart
in	minecraft:hopper_minecart		item.minecraft.hopper_minecart
in	minecraft:chest_minecart		item.minecraft.chest_minecart
in	minecraft:furnace_minecart		item.minecraft.furnace_minecart
in	minecraft:tnt_minecart		item.minecraft.tnt_minecart
in	minecraft:oak_chest_boat		item.minecraft.oak_chest_boat
in	minecraft:bamboo_chest_raft		item.minecraft.bamboo_chest_raft
in	minecraft:oak_door		block.minecraft.oak_door
in	minecraft:iron_door		block.minecraft.iron_door
in	minecraft:oak_fence_gate		block.minecraft.oak_fence_gate
in	minecraft:oak_trapdoor		block.minecraft.oak_trapdoor
in	minecraft:iron_trapdoor		block.minecraft.iron_trapdoor
in	minecraft:tnt		block.minecraft.tnt
in	minecraft:redstone_lamp		block.minecraft.redstone_lamp
in	minecraft:bell		block.minecraft.bell
in	minecraft:big_dripleaf		block.minecraft.big_dripleaf
in	minecraft:armor_stand		item.minecraft.armor_stand
in	minecraft:redstone_ore		block.minecraft.redstone_ore
search	itemGroup.search	minecraft:compass
in	minecraft:oak_log		block.minecraft.oak_log
in	minecraft:oak_wood		block.minecraft.oak_wood
in	minecraft:stripped_oak_log		block.minecraft.stripped_oak_log
in	minecraft:stripped_oak_wood		block.minecraft.stripped_oak_wood
in	minecraft:oak_planks		block.minecraft.oak_planks
in	minecraft:oak_stairs		block.minecraft.oak_stairs
in	minecraft:oak_slab		block.minecraft.oak_slab
in	minecraft:oak_fence		block.minecraft.oak_fence
in	minecraft:oak_fence_gate		block.minecraft.oak_fence_gate
in	minecraft:oak_door		block.minecraft.oak_door
in	minecraft:oak_trapdoor		block.minecraft.oak_trapdoor
in	minecraft:oak_pressure_plate		block.minecraft.oak_pressure_plate
in	minecraft:oak_button		block.minecraft.oak_button
in	minecraft:spruce_log		block.minecraft.spruce_log
in	minecraft:spruce_wood		block.minecraft.spruce_wood
in	minecraft:stripped_spruce_log		block.minecraft.stripped_spruce_log
in	minecraft:stripped_spruce_wood		block.minecraft.stripped_spruce_wood
in	minecraft:spruce_planks		block.minecraft.spruce_planks
in	minecraft:spruce_stairs		block.minecraft.spruce_stairs
in	minecraft:spruce_slab		block.minecraft.spruce_slab
in	minecraft:spruce_fence		block.minecraft.spruce_fence
in	minecraft:spruce_fence_gate		block.minecraft.spruce_fence_gate
in	minecraft:spruce_door		block.minecraft.spruce_door
in	minecraft:spruce_trapdoor		block.minecraft.spruce_trapdoor
in	minecraft:spruce_pressure_plate		block.minecraft.spruce_pressure_plate
in	minecraft:spruce_button		block.minecraft.spruce_button
in	minecraft:birch_log		block.minecraft.birch_log
in	minecraft:birch_wood		block.minecraft.birch_wood
in	minecraft:stripped_birch_log		block.minecraft.stripped_birch_log
in	minecraft:stripped_birch_wood		block.minecraft.stripped_birch_wood
in	minecraft:birch_planks		block.minecraft.birch_planks
in	minecraft:birch_stairs		block.minecraft.birch_stairs
in	minecraft:birch_slab		block.minecraft.birch_slab
in	minecraft:birch_fence		block.minecraft.birch_fence
in	minecraft:birch_fence_gate		block.minecraft.birch_fence_gate
in	minecraft:birch_door		block.minecraft.birch_door
in	minecraft:birch_trapdoor		block.minecraft.birch_trapdoor
in	minecraft:birch_pressure_plate		block.minecraft.birch_pressure_plate
in	minecraft:birch_button		block.minecraft.birch_button
in	minecraft:jungle_log		block.minecraft.jungle_log
in	minecraft:jungle_wood		block.minecraft.jungle_wood
in	minecraft:stripped_jungle_log		block.minecraft.stripped_jungle_log
in	minecraft:stripped_jungle_wood		block.minecraft.stripped_jungle_wood
in	minecraft:jungle_planks		block.minecraft.jungle_planks
in	minecraft:jungle_stairs		block.minecraft.jungle_stairs
in	minecraft:jungle_slab		block.minecraft.jungle_slab
in	minecraft:jungle_fence		block.minecraft.jungle_fence
in	minecraft:jungle_fence_gate		block.minecraft.jungle_fence_gate
in	minecraft:jungle_door		block.minecraft.jungle_door
in	minecraft:jungle_trapdoor		block.minecraft.jungle_trapdoor
in	minecraft:jungle_pressure_plate		block.minecraft.jungle_pressure_plate
in	minecraft:jungle_button		block.minecraft.jungle_button
in	minecraft:acacia_log		block.minecraft.acacia_log
in	minecraft:acacia_wood		block.minecraft.acacia_wood
in	minecraft:stripped_acacia_log		block.minecraft.stripped_acacia_log
in	minecraft:stripped_acacia_wood		block.minecraft.stripped_acacia_wood
in	minecraft:acacia_planks		block.minecraft.acacia_planks
in	minecraft:acacia_stairs		block.minecraft.acacia_stairs
in	minecraft:acacia_slab		block.minecraft.acacia_slab
in	minecraft:acacia_fence		block.minecraft.acacia_fence
in	minecraft:acacia_fence_gate		block.minecraft.acacia_fence_gate
in	minecraft:acacia_door		block.minecraft.acacia_door
in	minecraft:acacia_trapdoor		block.minecraft.acacia_trapdoor
in	minecraft:acacia_pressure_plate		block.minecraft.acacia_pressure_plate
in	minecraft:acacia_button		block.minecraft.acacia_button
in	minecraft:dark_oak_log		block.minecraft.dark_oak_log
in	minecraft:dark_oak_wood		block.minecraft.dark_oak_wood
in	minecraft:stripped_dark_oak_log		block.minecraft.stripped_dark_oak_log
in	minecraft:stripped_dark_oak_wood		block.minecraft.stripped_dark_oak_wood
in	minecraft:dark_oak_planks		block.minecraft.dark_oak_planks
in	minecraft:dark_oak_stairs		block.minecraft.dark_oak_stairs
in	minecraft:dark_oak_slab		block.minecraft.dark_oak_slab
in	minecraft:dark_oak_fence		block.minecraft.dark_oak_fence
in	minecraft:dark_oak_fence_gate		block.minecraft.dark_oak_fence_gate
in	minecraft:dark_oak_door		block.minecraft.dark_oak_door
in	minecraft:dark_oak_trapdoor		block.minecraft.dark_oak_trapdoor
in	minecraft:dark_oak_pressure_plate		block.minecraft.dark_oak_pressure_plate
in	minecraft:dark_oak_button		block.minecraft.dark_oak_button
in	minecraft:mangrove_log		block.minecraft.mangrove_log
in	minecraft:mangrove_wood		block.minecraft.mangrove_wood
in	minecraft:stripped_mangrove_log		block.minecraft.stripped_mangrove_log
in	minecraft:stripped_mangrove_wood		block.minecraft.stripped_mangrove_wood
in	minecraft:mangrove_planks		block.minecraft.mangrove_planks
in	minecraft:mangrove_stairs		block.minecraft.mangrove_stairs
in	minecraft:mangrove_slab		block.minecraft.mangrove_slab
in	minecraft:mangrove_fence		block.minecraft.mangrove_fence
in	minecraft:mangrove_fence_gate		block.minecraft.mangrove_fence_gate
in	minecraft:mangrove_door		block.minecraft.mangrove_door
in	minecraft:mangrove_trapdoor		block.minecraft.mangrove_trapdoor
in	minecraft:mangrove_pressure_plate		block.minecraft.mangrove_pressure_plate
in	minecraft:mangrove_button		block.minecraft.mangrove_button
in	minecraft:cherry_log		block.minecraft.cherry_log
in	minecraft:cherry_wood		block.minecraft.cherry_wood
in	minecraft:stripped_cherry_log		block.minecraft.stripped_cherry_log
in	minecraft:stripped_cherry_wood		block.minecraft.stripped_cherry_wood
in	minecraft:cherry_planks		block.minecraft.cherry_planks
in	minecraft:cherry_stairs		block.minecraft.cherry_stairs
in	minecraft:cherry_slab		block.minecraft.cherry_slab
in	minecraft:cherry_fence		block.minecraft.cherry_fence
in	minecraft:cherry_fence_gate		block.minecraft.cherry_fence_gate
in	minecraft:cherry_door		block.minecraft.cherry_door
in	minecraft:cherry_trapdoor		block.minecraft.cherry_trapdoor
in	minecraft:cherry_pressure_plate		block.minecraft.cherry_pressure_plate
in	minecraft:cherry_button		block.minecraft.cherry_button
in	minecraft:pale_oak_log		block.minecraft.pale_oak_log
in	minecraft:pale_oak_wood		block.minecraft.pale_oak_wood
in	minecraft:stripped_pale_oak_log		block.minecraft.stripped_pale_oak_log
in	minecraft:stripped_pale_oak_wood		block.minecraft.stripped_pale_oak_wood
in	minecraft:pale_oak_planks		block.minecraft.pale_oak_planks
in	minecraft:pale_oak_stairs		block.minecraft.pale_oak_stairs
in	minecraft:pale_oak_slab		block.minecraft.pale_oak_slab
in	minecraft:pale_oak_fence		block.minecraft.pale_oak_fence
in	minecraft:pale_oak_fence_gate		block.minecraft.pale_oak_fence_gate
in	minecraft:pale_oak_door		block.minecraft.pale_oak_door
in	minecraft:pale_oak_trapdoor		block.minecraft.pale_oak_trapdoor
in	minecraft:pale_oak_pressure_plate		block.minecraft.pale_oak_pressure_plate
in	minecraft:pale_oak_button		block.minecraft.pale_oak_button
in	minecraft:bamboo_block		block.minecraft.bamboo_block
in	minecraft:stripped_bamboo_block		block.minecraft.stripped_bamboo_block
in	minecraft:bamboo_planks		block.minecraft.bamboo_planks
in	minecraft:bamboo_mosaic		block.minecraft.bamboo_mosaic
in	minecraft:bamboo_stairs		block.minecraft.bamboo_stairs
in	minecraft:bamboo_mosaic_stairs		block.minecraft.bamboo_mosaic_stairs
in	minecraft:bamboo_slab		block.minecraft.bamboo_slab
in	minecraft:bamboo_mosaic_slab		block.minecraft.bamboo_mosaic_slab
in	minecraft:bamboo_fence		block.minecraft.bamboo_fence
in	minecraft:bamboo_fence_gate		block.minecraft.bamboo_fence_gate
in	minecraft:bamboo_door		block.minecraft.bamboo_door
in	minecraft:bamboo_trapdoor		block.minecraft.bamboo_trapdoor
in	minecraft:bamboo_pressure_plate		block.minecraft.bamboo_pressure_plate
in	minecraft:bamboo_button		block.minecraft.bamboo_button
in	minecraft:crimson_stem		block.minecraft.crimson_stem
in	minecraft:crimson_hyphae		block.minecraft.crimson_hyphae
in	minecraft:stripped_crimson_stem		block.minecraft.stripped_crimson_stem
in	minecraft:stripped_crimson_hyphae		block.minecraft.stripped_crimson_hyphae
in	minecraft:crimson_planks		block.minecraft.crimson_planks
in	minecraft:crimson_stairs		block.minecraft.crimson_stairs
in	minecraft:crimson_slab		block.minecraft.crimson_slab
in	minecraft:crimson_fence		block.minecraft.crimson_fence
in	minecraft:crimson_fence_gate		block.minecraft.crimson_fence_gate
in	minecraft:crimson_door		block.minecraft.crimson_door
in	minecraft:crimson_trapdoor		block.minecraft.crimson_trapdoor
in	minecraft:crimson_pressure_plate		block.minecraft.crimson_pressure_plate
in	minecraft:crimson_button		block.minecraft.crimson_button
in	minecraft:warped_stem		block.minecraft.warped_stem
in	minecraft:warped_hyphae		block.minecraft.warped_hyphae
in	minecraft:stripped_warped_stem		block.minecraft.stripped_warped_stem
in	minecraft:stripped_warped_hyphae		block.minecraft.stripped_warped_hyphae
in	minecraft:warped_planks		block.minecraft.warped_planks
in	minecraft:warped_stairs		block.minecraft.warped_stairs
in	minecraft:warped_slab		block.minecraft.warped_slab
in	minecraft:warped_fence		block.minecraft.warped_fence
in	minecraft:warped_fence_gate		block.minecraft.warped_fence_gate
in	minecraft:warped_door		block.minecraft.warped_door
in	minecraft:warped_trapdoor		block.minecraft.warped_trapdoor
in	minecraft:warped_pressure_plate		block.minecraft.warped_pressure_plate
in	minecraft:warped_button		block.minecraft.warped_button
in	minecraft:stone		block.minecraft.stone
in	minecraft:stone_stairs		block.minecraft.stone_stairs
in	minecraft:stone_slab		block.minecraft.stone_slab
in	minecraft:stone_pressure_plate		block.minecraft.stone_pressure_plate
in	minecraft:stone_button		block.minecraft.stone_button
in	minecraft:cobblestone		block.minecraft.cobblestone
in	minecraft:cobblestone_stairs		block.minecraft.cobblestone_stairs
in	minecraft:cobblestone_slab		block.minecraft.cobblestone_slab
in	minecraft:cobblestone_wall		block.minecraft.cobblestone_wall
in	minecraft:mossy_cobblestone		block.minecraft.mossy_cobblestone
in	minecraft:mossy_cobblestone_stairs		block.minecraft.mossy_cobblestone_stairs
in	minecraft:mossy_cobblestone_slab		block.minecraft.mossy_cobblestone_slab
in	minecraft:mossy_cobblestone_wall		block.minecraft.mossy_cobblestone_wall
in	minecraft:smooth_stone		block.minecraft.smooth_stone
in	minecraft:smooth_stone_slab		block.minecraft.smooth_stone_slab
in	minecraft:stone_bricks		block.minecraft.stone_bricks
in	minecraft:cracked_stone_bricks		block.minecraft.cracked_stone_bricks
in	minecraft:stone_brick_stairs		block.minecraft.stone_brick_stairs
in	minecraft:stone_brick_slab		block.minecraft.stone_brick_slab
in	minecraft:stone_brick_wall		block.minecraft.stone_brick_wall
in	minecraft:chiseled_stone_bricks		block.minecraft.chiseled_stone_bricks
in	minecraft:mossy_stone_bricks		block.minecraft.mossy_stone_bricks
in	minecraft:mossy_stone_brick_stairs		block.minecraft.mossy_stone_brick_stairs
in	minecraft:mossy_stone_brick_slab		block.minecraft.mossy_stone_brick_slab
in	minecraft:mossy_stone_brick_wall		block.minecraft.mossy_stone_brick_wall
in	minecraft:granite		block.minecraft.granite
in	minecraft:granite_stairs		block.minecraft.granite_stairs
in	minecraft:granite_slab		block.minecraft.granite_slab
in	minecraft:granite_wall		block.minecraft.granite_wall
in	minecraft:polished_granite		block.minecraft.polished_granite
in	minecraft:polished_granite_stairs		block.minecraft.polished_granite_stairs
in	minecraft:polished_granite_slab		block.minecraft.polished_granite_slab
in	minecraft:diorite		block.minecraft.diorite
in	minecraft:diorite_stairs		block.minecraft.diorite_stairs
in	minecraft:diorite_slab		block.minecraft.diorite_slab
in	minecraft:diorite_wall		block.minecraft.diorite_wall
in	minecraft:polished_diorite		block.minecraft.polished_diorite
in	minecraft:polished_diorite_stairs		block.minecraft.polished_diorite_stairs
in	minecraft:polished_diorite_slab		block.minecraft.polished_diorite_slab
in	minecraft:andesite		block.minecraft.andesite
in	minecraft:andesite_stairs		block.minecraft.andesite_stairs
in	minecraft:andesite_slab		block.minecraft.andesite_slab
in	minecraft:andesite_wall		block.minecraft.andesite_wall
in	minecraft:polished_andesite		block.minecraft.polished_andesite
in	minecraft:polished_andesite_stairs		block.minecraft.polished_andesite_stairs
in	minecraft:polished_andesite_slab		block.minecraft.polished_andesite_slab
in	minecraft:deepslate		block.minecraft.deepslate
in	minecraft:cobbled_deepslate		block.minecraft.cobbled_deepslate
in	minecraft:cobbled_deepslate_stairs		block.minecraft.cobbled_deepslate_stairs
in	minecraft:cobbled_deepslate_slab		block.minecraft.cobbled_deepslate_slab
in	minecraft:cobbled_deepslate_wall		block.minecraft.cobbled_deepslate_wall
in	minecraft:chiseled_deepslate		block.minecraft.chiseled_deepslate
in	minecraft:polished_deepslate		block.minecraft.polished_deepslate
in	minecraft:polished_deepslate_stairs		block.minecraft.polished_deepslate_stairs
in	minecraft:polished_deepslate_slab		block.minecraft.polished_deepslate_slab
in	minecraft:polished_deepslate_wall		block.minecraft.polished_deepslate_wall
in	minecraft:deepslate_bricks		block.minecraft.deepslate_bricks
in	minecraft:cracked_deepslate_bricks		block.minecraft.cracked_deepslate_bricks
in	minecraft:deepslate_brick_stairs		block.minecraft.deepslate_brick_stairs
in	minecraft:deepslate_brick_slab		block.minecraft.deepslate_brick_slab
in	minecraft:deepslate_brick_wall		block.minecraft.deepslate_brick_wall
in	minecraft:deepslate_tiles		block.minecraft.deepslate_tiles
in	minecraft:cracked_deepslate_tiles		block.minecraft.cracked_deepslate_tiles
in	minecraft:deepslate_tile_stairs		block.minecraft.deepslate_tile_stairs
in	minecraft:deepslate_tile_slab		block.minecraft.deepslate_tile_slab
in	minecraft:deepslate_tile_wall		block.minecraft.deepslate_tile_wall
in	minecraft:reinforced_deepslate		block.minecraft.reinforced_deepslate
in	minecraft:tuff		block.minecraft.tuff
in	minecraft:tuff_stairs		block.minecraft.tuff_stairs
in	minecraft:tuff_slab		block.minecraft.tuff_slab
in	minecraft:tuff_wall		block.minecraft.tuff_wall
in	minecraft:chiseled_tuff		block.minecraft.chiseled_tuff
in	minecraft:polished_tuff		block.minecraft.polished_tuff
in	minecraft:polished_tuff_stairs		block.minecraft.polished_tuff_stairs
in	minecraft:polished_tuff_slab		block.minecraft.polished_tuff_slab
in	minecraft:polished_tuff_wall		block.minecraft.polished_tuff_wall
in	minecraft:tuff_bricks		block.minecraft.tuff_bricks
in	minecraft:tuff_brick_stairs		block.minecraft.tuff_brick_stairs
in	minecraft:tuff_brick_slab		block.minecraft.tuff_brick_slab
in	minecraft:tuff_brick_wall		block.minecraft.tuff_brick_wall
in	minecraft:chiseled_tuff_bricks		block.minecraft.chiseled_tuff_bricks
in	minecraft:bricks		block.minecraft.bricks
in	minecraft:brick_stairs		block.minecraft.brick_stairs
in	minecraft:brick_slab		block.minecraft.brick_slab
in	minecraft:brick_wall		block.minecraft.brick_wall
in	minecraft:packed_mud		block.minecraft.packed_mud
in	minecraft:mud_bricks		block.minecraft.mud_bricks
in	minecraft:mud_brick_stairs		block.minecraft.mud_brick_stairs
in	minecraft:mud_brick_slab		block.minecraft.mud_brick_slab
in	minecraft:mud_brick_wall		block.minecraft.mud_brick_wall
in	minecraft:resin_bricks		block.minecraft.resin_bricks
in	minecraft:resin_brick_stairs		block.minecraft.resin_brick_stairs
in	minecraft:resin_brick_slab		block.minecraft.resin_brick_slab
in	minecraft:resin_brick_wall		block.minecraft.resin_brick_wall
in	minecraft:chiseled_resin_bricks		block.minecraft.chiseled_resin_bricks
in	minecraft:sandstone		block.minecraft.sandstone
in	minecraft:sandstone_stairs		block.minecraft.sandstone_stairs
in	minecraft:sandstone_slab		block.minecraft.sandstone_slab
in	minecraft:sandstone_wall		block.minecraft.sandstone_wall
in	minecraft:chiseled_sandstone		block.minecraft.chiseled_sandstone
in	minecraft:smooth_sandstone		block.minecraft.smooth_sandstone
in	minecraft:smooth_sandstone_stairs		block.minecraft.smooth_sandstone_stairs
in	minecraft:smooth_sandstone_slab		block.minecraft.smooth_sandstone_slab
in	minecraft:cut_sandstone		block.minecraft.cut_sandstone
in	minecraft:cut_sandstone_slab		block.minecraft.cut_sandstone_slab
in	minecraft:red_sandstone		block.minecraft.red_sandstone
in	minecraft:red_sandstone_stairs		block.minecraft.red_sandstone_stairs
in	minecraft:red_sandstone_slab		block.minecraft.red_sandstone_slab
in	minecraft:red_sandstone_wall		block.minecraft.red_sandstone_wall
in	minecraft:chiseled_red_sandstone		block.minecraft.chiseled_red_sandstone
in	minecraft:smooth_red_sandstone		block.minecraft.smooth_red_sandstone
in	minecraft:smooth_red_sandstone_stairs		block.minecraft.smooth_red_sandstone_stairs
in	minecraft:smooth_red_sandstone_slab		block.minecraft.smooth_red_sandstone_slab
in	minecraft:cut_red_sandstone		block.minecraft.cut_red_sandstone
in	minecraft:cut_red_sandstone_slab		block.minecraft.cut_red_sandstone_slab
in	minecraft:cinnabar		block.minecraft.cinnabar
in	minecraft:cinnabar_stairs		block.minecraft.cinnabar_stairs
in	minecraft:cinnabar_slab		block.minecraft.cinnabar_slab
in	minecraft:cinnabar_wall		block.minecraft.cinnabar_wall
in	minecraft:chiseled_cinnabar		block.minecraft.chiseled_cinnabar
in	minecraft:polished_cinnabar		block.minecraft.polished_cinnabar
in	minecraft:polished_cinnabar_stairs		block.minecraft.polished_cinnabar_stairs
in	minecraft:polished_cinnabar_slab		block.minecraft.polished_cinnabar_slab
in	minecraft:polished_cinnabar_wall		block.minecraft.polished_cinnabar_wall
in	minecraft:cinnabar_bricks		block.minecraft.cinnabar_bricks
in	minecraft:cinnabar_brick_stairs		block.minecraft.cinnabar_brick_stairs
in	minecraft:cinnabar_brick_slab		block.minecraft.cinnabar_brick_slab
in	minecraft:cinnabar_brick_wall		block.minecraft.cinnabar_brick_wall
in	minecraft:sulfur		block.minecraft.sulfur
in	minecraft:sulfur_stairs		block.minecraft.sulfur_stairs
in	minecraft:sulfur_slab		block.minecraft.sulfur_slab
in	minecraft:sulfur_wall		block.minecraft.sulfur_wall
in	minecraft:chiseled_sulfur		block.minecraft.chiseled_sulfur
in	minecraft:polished_sulfur		block.minecraft.polished_sulfur
in	minecraft:polished_sulfur_stairs		block.minecraft.polished_sulfur_stairs
in	minecraft:polished_sulfur_slab		block.minecraft.polished_sulfur_slab
in	minecraft:polished_sulfur_wall		block.minecraft.polished_sulfur_wall
in	minecraft:sulfur_bricks		block.minecraft.sulfur_bricks
in	minecraft:sulfur_brick_stairs		block.minecraft.sulfur_brick_stairs
in	minecraft:sulfur_brick_slab		block.minecraft.sulfur_brick_slab
in	minecraft:sulfur_brick_wall		block.minecraft.sulfur_brick_wall
in	minecraft:sea_lantern		block.minecraft.sea_lantern
in	minecraft:prismarine		block.minecraft.prismarine
in	minecraft:prismarine_stairs		block.minecraft.prismarine_stairs
in	minecraft:prismarine_slab		block.minecraft.prismarine_slab
in	minecraft:prismarine_wall		block.minecraft.prismarine_wall
in	minecraft:prismarine_bricks		block.minecraft.prismarine_bricks
in	minecraft:prismarine_brick_stairs		block.minecraft.prismarine_brick_stairs
in	minecraft:prismarine_brick_slab		block.minecraft.prismarine_brick_slab
in	minecraft:dark_prismarine		block.minecraft.dark_prismarine
in	minecraft:dark_prismarine_stairs		block.minecraft.dark_prismarine_stairs
in	minecraft:dark_prismarine_slab		block.minecraft.dark_prismarine_slab
in	minecraft:netherrack		block.minecraft.netherrack
in	minecraft:nether_bricks		block.minecraft.nether_bricks
in	minecraft:cracked_nether_bricks		block.minecraft.cracked_nether_bricks
in	minecraft:nether_brick_stairs		block.minecraft.nether_brick_stairs
in	minecraft:nether_brick_slab		block.minecraft.nether_brick_slab
in	minecraft:nether_brick_wall		block.minecraft.nether_brick_wall
in	minecraft:nether_brick_fence		block.minecraft.nether_brick_fence
in	minecraft:chiseled_nether_bricks		block.minecraft.chiseled_nether_bricks
in	minecraft:red_nether_bricks		block.minecraft.red_nether_bricks
in	minecraft:red_nether_brick_stairs		block.minecraft.red_nether_brick_stairs
in	minecraft:red_nether_brick_slab		block.minecraft.red_nether_brick_slab
in	minecraft:red_nether_brick_wall		block.minecraft.red_nether_brick_wall
in	minecraft:basalt		block.minecraft.basalt
in	minecraft:smooth_basalt		block.minecraft.smooth_basalt
in	minecraft:polished_basalt		block.minecraft.polished_basalt
in	minecraft:blackstone		block.minecraft.blackstone
in	minecraft:gilded_blackstone		block.minecraft.gilded_blackstone
in	minecraft:blackstone_stairs		block.minecraft.blackstone_stairs
in	minecraft:blackstone_slab		block.minecraft.blackstone_slab
in	minecraft:blackstone_wall		block.minecraft.blackstone_wall
in	minecraft:chiseled_polished_blackstone		block.minecraft.chiseled_polished_blackstone
in	minecraft:polished_blackstone		block.minecraft.polished_blackstone
in	minecraft:polished_blackstone_stairs		block.minecraft.polished_blackstone_stairs
in	minecraft:polished_blackstone_slab		block.minecraft.polished_blackstone_slab
in	minecraft:polished_blackstone_wall		block.minecraft.polished_blackstone_wall
in	minecraft:polished_blackstone_pressure_plate		block.minecraft.polished_blackstone_pressure_plate
in	minecraft:polished_blackstone_button		block.minecraft.polished_blackstone_button
in	minecraft:polished_blackstone_bricks		block.minecraft.polished_blackstone_bricks
in	minecraft:cracked_polished_blackstone_bricks		block.minecraft.cracked_polished_blackstone_bricks
in	minecraft:polished_blackstone_brick_stairs		block.minecraft.polished_blackstone_brick_stairs
in	minecraft:polished_blackstone_brick_slab		block.minecraft.polished_blackstone_brick_slab
in	minecraft:polished_blackstone_brick_wall		block.minecraft.polished_blackstone_brick_wall
in	minecraft:end_stone		block.minecraft.end_stone
in	minecraft:end_stone_bricks		block.minecraft.end_stone_bricks
in	minecraft:end_stone_brick_stairs		block.minecraft.end_stone_brick_stairs
in	minecraft:end_stone_brick_slab		block.minecraft.end_stone_brick_slab
in	minecraft:end_stone_brick_wall		block.minecraft.end_stone_brick_wall
in	minecraft:purpur_block		block.minecraft.purpur_block
in	minecraft:purpur_pillar		block.minecraft.purpur_pillar
in	minecraft:purpur_stairs		block.minecraft.purpur_stairs
in	minecraft:purpur_slab		block.minecraft.purpur_slab
in	minecraft:coal_block		block.minecraft.coal_block
in	minecraft:iron_block		block.minecraft.iron_block
in	minecraft:iron_bars		block.minecraft.iron_bars
in	minecraft:iron_door		block.minecraft.iron_door
in	minecraft:iron_trapdoor		block.minecraft.iron_trapdoor
in	minecraft:heavy_weighted_pressure_plate		block.minecraft.heavy_weighted_pressure_plate
in	minecraft:iron_chain		block.minecraft.iron_chain
in	minecraft:gold_block		block.minecraft.gold_block
in	minecraft:light_weighted_pressure_plate		block.minecraft.light_weighted_pressure_plate
in	minecraft:redstone_block		block.minecraft.redstone_block
in	minecraft:emerald_block		block.minecraft.emerald_block
in	minecraft:lapis_block		block.minecraft.lapis_block
in	minecraft:diamond_block		block.minecraft.diamond_block
in	minecraft:netherite_block		block.minecraft.netherite_block
in	minecraft:quartz_block		block.minecraft.quartz_block
in	minecraft:quartz_stairs		block.minecraft.quartz_stairs
in	minecraft:quartz_slab		block.minecraft.quartz_slab
in	minecraft:chiseled_quartz_block		block.minecraft.chiseled_quartz_block
in	minecraft:quartz_bricks		block.minecraft.quartz_bricks
in	minecraft:quartz_pillar		block.minecraft.quartz_pillar
in	minecraft:smooth_quartz		block.minecraft.smooth_quartz
in	minecraft:smooth_quartz_stairs		block.minecraft.smooth_quartz_stairs
in	minecraft:smooth_quartz_slab		block.minecraft.smooth_quartz_slab
in	minecraft:amethyst_block		block.minecraft.amethyst_block
in	minecraft:copper_block		block.minecraft.copper_block
in	minecraft:exposed_copper		block.minecraft.exposed_copper
in	minecraft:weathered_copper		block.minecraft.weathered_copper
in	minecraft:oxidized_copper		block.minecraft.oxidized_copper
in	minecraft:chiseled_copper		block.minecraft.chiseled_copper
in	minecraft:exposed_chiseled_copper		block.minecraft.exposed_chiseled_copper
in	minecraft:weathered_chiseled_copper		block.minecraft.weathered_chiseled_copper
in	minecraft:oxidized_chiseled_copper		block.minecraft.oxidized_chiseled_copper
in	minecraft:copper_grate		block.minecraft.copper_grate
in	minecraft:exposed_copper_grate		block.minecraft.exposed_copper_grate
in	minecraft:weathered_copper_grate		block.minecraft.weathered_copper_grate
in	minecraft:oxidized_copper_grate		block.minecraft.oxidized_copper_grate
in	minecraft:cut_copper		block.minecraft.cut_copper
in	minecraft:exposed_cut_copper		block.minecraft.exposed_cut_copper
in	minecraft:weathered_cut_copper		block.minecraft.weathered_cut_copper
in	minecraft:oxidized_cut_copper		block.minecraft.oxidized_cut_copper
in	minecraft:cut_copper_stairs		block.minecraft.cut_copper_stairs
in	minecraft:exposed_cut_copper_stairs		block.minecraft.exposed_cut_copper_stairs
in	minecraft:weathered_cut_copper_stairs		block.minecraft.weathered_cut_copper_stairs
in	minecraft:oxidized_cut_copper_stairs		block.minecraft.oxidized_cut_copper_stairs
in	minecraft:cut_copper_slab		block.minecraft.cut_copper_slab
in	minecraft:exposed_cut_copper_slab		block.minecraft.exposed_cut_copper_slab
in	minecraft:weathered_cut_copper_slab		block.minecraft.weathered_cut_copper_slab
in	minecraft:oxidized_cut_copper_slab		block.minecraft.oxidized_cut_copper_slab
in	minecraft:copper_bars		block.minecraft.copper_bars
in	minecraft:exposed_copper_bars		block.minecraft.exposed_copper_bars
in	minecraft:weathered_copper_bars		block.minecraft.weathered_copper_bars
in	minecraft:oxidized_copper_bars		block.minecraft.oxidized_copper_bars
in	minecraft:copper_door		block.minecraft.copper_door
in	minecraft:exposed_copper_door		block.minecraft.exposed_copper_door
in	minecraft:weathered_copper_door		block.minecraft.weathered_copper_door
in	minecraft:oxidized_copper_door		block.minecraft.oxidized_copper_door
in	minecraft:copper_trapdoor		block.minecraft.copper_trapdoor
in	minecraft:exposed_copper_trapdoor		block.minecraft.exposed_copper_trapdoor
in	minecraft:weathered_copper_trapdoor		block.minecraft.weathered_copper_trapdoor
in	minecraft:oxidized_copper_trapdoor		block.minecraft.oxidized_copper_trapdoor
in	minecraft:copper_bulb		block.minecraft.copper_bulb
in	minecraft:exposed_copper_bulb		block.minecraft.exposed_copper_bulb
in	minecraft:weathered_copper_bulb		block.minecraft.weathered_copper_bulb
in	minecraft:oxidized_copper_bulb		block.minecraft.oxidized_copper_bulb
in	minecraft:copper_chain		block.minecraft.copper_chain
in	minecraft:exposed_copper_chain		block.minecraft.exposed_copper_chain
in	minecraft:weathered_copper_chain		block.minecraft.weathered_copper_chain
in	minecraft:oxidized_copper_chain		block.minecraft.oxidized_copper_chain
in	minecraft:waxed_copper_block		block.minecraft.waxed_copper_block
in	minecraft:waxed_exposed_copper		block.minecraft.waxed_exposed_copper
in	minecraft:waxed_weathered_copper		block.minecraft.waxed_weathered_copper
in	minecraft:waxed_oxidized_copper		block.minecraft.waxed_oxidized_copper
in	minecraft:waxed_chiseled_copper		block.minecraft.waxed_chiseled_copper
in	minecraft:waxed_exposed_chiseled_copper		block.minecraft.waxed_exposed_chiseled_copper
in	minecraft:waxed_weathered_chiseled_copper		block.minecraft.waxed_weathered_chiseled_copper
in	minecraft:waxed_oxidized_chiseled_copper		block.minecraft.waxed_oxidized_chiseled_copper
in	minecraft:waxed_copper_grate		block.minecraft.waxed_copper_grate
in	minecraft:waxed_exposed_copper_grate		block.minecraft.waxed_exposed_copper_grate
in	minecraft:waxed_weathered_copper_grate		block.minecraft.waxed_weathered_copper_grate
in	minecraft:waxed_oxidized_copper_grate		block.minecraft.waxed_oxidized_copper_grate
in	minecraft:waxed_cut_copper		block.minecraft.waxed_cut_copper
in	minecraft:waxed_exposed_cut_copper		block.minecraft.waxed_exposed_cut_copper
in	minecraft:waxed_weathered_cut_copper		block.minecraft.waxed_weathered_cut_copper
in	minecraft:waxed_oxidized_cut_copper		block.minecraft.waxed_oxidized_cut_copper
in	minecraft:waxed_cut_copper_stairs		block.minecraft.waxed_cut_copper_stairs
in	minecraft:waxed_exposed_cut_copper_stairs		block.minecraft.waxed_exposed_cut_copper_stairs
in	minecraft:waxed_weathered_cut_copper_stairs		block.minecraft.waxed_weathered_cut_copper_stairs
in	minecraft:waxed_oxidized_cut_copper_stairs		block.minecraft.waxed_oxidized_cut_copper_stairs
in	minecraft:waxed_cut_copper_slab		block.minecraft.waxed_cut_copper_slab
in	minecraft:waxed_exposed_cut_copper_slab		block.minecraft.waxed_exposed_cut_copper_slab
in	minecraft:waxed_weathered_cut_copper_slab		block.minecraft.waxed_weathered_cut_copper_slab
in	minecraft:waxed_oxidized_cut_copper_slab		block.minecraft.waxed_oxidized_cut_copper_slab
in	minecraft:waxed_copper_bars		block.minecraft.waxed_copper_bars
in	minecraft:waxed_exposed_copper_bars		block.minecraft.waxed_exposed_copper_bars
in	minecraft:waxed_weathered_copper_bars		block.minecraft.waxed_weathered_copper_bars
in	minecraft:waxed_oxidized_copper_bars		block.minecraft.waxed_oxidized_copper_bars
in	minecraft:waxed_copper_door		block.minecraft.waxed_copper_door
in	minecraft:waxed_exposed_copper_door		block.minecraft.waxed_exposed_copper_door
in	minecraft:waxed_weathered_copper_door		block.minecraft.waxed_weathered_copper_door
in	minecraft:waxed_oxidized_copper_door		block.minecraft.waxed_oxidized_copper_door
in	minecraft:waxed_copper_trapdoor		block.minecraft.waxed_copper_trapdoor
in	minecraft:waxed_exposed_copper_trapdoor		block.minecraft.waxed_exposed_copper_trapdoor
in	minecraft:waxed_weathered_copper_trapdoor		block.minecraft.waxed_weathered_copper_trapdoor
in	minecraft:waxed_oxidized_copper_trapdoor		block.minecraft.waxed_oxidized_copper_trapdoor
in	minecraft:waxed_copper_bulb		block.minecraft.waxed_copper_bulb
in	minecraft:waxed_exposed_copper_bulb		block.minecraft.waxed_exposed_copper_bulb
in	minecraft:waxed_weathered_copper_bulb		block.minecraft.waxed_weathered_copper_bulb
in	minecraft:waxed_oxidized_copper_bulb		block.minecraft.waxed_oxidized_copper_bulb
in	minecraft:waxed_copper_chain		block.minecraft.waxed_copper_chain
in	minecraft:waxed_exposed_copper_chain		block.minecraft.waxed_exposed_copper_chain
in	minecraft:waxed_weathered_copper_chain		block.minecraft.waxed_weathered_copper_chain
in	minecraft:waxed_oxidized_copper_chain		block.minecraft.waxed_oxidized_copper_chain
in	minecraft:white_wool		block.minecraft.white_wool
in	minecraft:light_gray_wool		block.minecraft.light_gray_wool
in	minecraft:gray_wool		block.minecraft.gray_wool
in	minecraft:black_wool		block.minecraft.black_wool
in	minecraft:brown_wool		block.minecraft.brown_wool
in	minecraft:red_wool		block.minecraft.red_wool
in	minecraft:orange_wool		block.minecraft.orange_wool
in	minecraft:yellow_wool		block.minecraft.yellow_wool
in	minecraft:lime_wool		block.minecraft.lime_wool
in	minecraft:green_wool		block.minecraft.green_wool
in	minecraft:cyan_wool		block.minecraft.cyan_wool
in	minecraft:light_blue_wool		block.minecraft.light_blue_wool
in	minecraft:blue_wool		block.minecraft.blue_wool
in	minecraft:purple_wool		block.minecraft.purple_wool
in	minecraft:magenta_wool		block.minecraft.magenta_wool
in	minecraft:pink_wool		block.minecraft.pink_wool
in	minecraft:white_carpet		block.minecraft.white_carpet
in	minecraft:light_gray_carpet		block.minecraft.light_gray_carpet
in	minecraft:gray_carpet		block.minecraft.gray_carpet
in	minecraft:black_carpet		block.minecraft.black_carpet
in	minecraft:brown_carpet		block.minecraft.brown_carpet
in	minecraft:red_carpet		block.minecraft.red_carpet
in	minecraft:orange_carpet		block.minecraft.orange_carpet
in	minecraft:yellow_carpet		block.minecraft.yellow_carpet
in	minecraft:lime_carpet		block.minecraft.lime_carpet
in	minecraft:green_carpet		block.minecraft.green_carpet
in	minecraft:cyan_carpet		block.minecraft.cyan_carpet
in	minecraft:light_blue_carpet		block.minecraft.light_blue_carpet
in	minecraft:blue_carpet		block.minecraft.blue_carpet
in	minecraft:purple_carpet		block.minecraft.purple_carpet
in	minecraft:magenta_carpet		block.minecraft.magenta_carpet
in	minecraft:pink_carpet		block.minecraft.pink_carpet
in	minecraft:terracotta		block.minecraft.terracotta
in	minecraft:white_terracotta		block.minecraft.white_terracotta
in	minecraft:light_gray_terracotta		block.minecraft.light_gray_terracotta
in	minecraft:gray_terracotta		block.minecraft.gray_terracotta
in	minecraft:black_terracotta		block.minecraft.black_terracotta
in	minecraft:brown_terracotta		block.minecraft.brown_terracotta
in	minecraft:red_terracotta		block.minecraft.red_terracotta
in	minecraft:orange_terracotta		block.minecraft.orange_terracotta
in	minecraft:yellow_terracotta		block.minecraft.yellow_terracotta
in	minecraft:lime_terracotta		block.minecraft.lime_terracotta
in	minecraft:green_terracotta		block.minecraft.green_terracotta
in	minecraft:cyan_terracotta		block.minecraft.cyan_terracotta
in	minecraft:light_blue_terracotta		block.minecraft.light_blue_terracotta
in	minecraft:blue_terracotta		block.minecraft.blue_terracotta
in	minecraft:purple_terracotta		block.minecraft.purple_terracotta
in	minecraft:magenta_terracotta		block.minecraft.magenta_terracotta
in	minecraft:pink_terracotta		block.minecraft.pink_terracotta
in	minecraft:white_concrete		block.minecraft.white_concrete
in	minecraft:light_gray_concrete		block.minecraft.light_gray_concrete
in	minecraft:gray_concrete		block.minecraft.gray_concrete
in	minecraft:black_concrete		block.minecraft.black_concrete
in	minecraft:brown_concrete		block.minecraft.brown_concrete
in	minecraft:red_concrete		block.minecraft.red_concrete
in	minecraft:orange_concrete		block.minecraft.orange_concrete
in	minecraft:yellow_concrete		block.minecraft.yellow_concrete
in	minecraft:lime_concrete		block.minecraft.lime_concrete
in	minecraft:green_concrete		block.minecraft.green_concrete
in	minecraft:cyan_concrete		block.minecraft.cyan_concrete
in	minecraft:light_blue_concrete		block.minecraft.light_blue_concrete
in	minecraft:blue_concrete		block.minecraft.blue_concrete
in	minecraft:purple_concrete		block.minecraft.purple_concrete
in	minecraft:magenta_concrete		block.minecraft.magenta_concrete
in	minecraft:pink_concrete		block.minecraft.pink_concrete
in	minecraft:white_concrete_powder		block.minecraft.white_concrete_powder
in	minecraft:light_gray_concrete_powder		block.minecraft.light_gray_concrete_powder
in	minecraft:gray_concrete_powder		block.minecraft.gray_concrete_powder
in	minecraft:black_concrete_powder		block.minecraft.black_concrete_powder
in	minecraft:brown_concrete_powder		block.minecraft.brown_concrete_powder
in	minecraft:red_concrete_powder		block.minecraft.red_concrete_powder
in	minecraft:orange_concrete_powder		block.minecraft.orange_concrete_powder
in	minecraft:yellow_concrete_powder		block.minecraft.yellow_concrete_powder
in	minecraft:lime_concrete_powder		block.minecraft.lime_concrete_powder
in	minecraft:green_concrete_powder		block.minecraft.green_concrete_powder
in	minecraft:cyan_concrete_powder		block.minecraft.cyan_concrete_powder
in	minecraft:light_blue_concrete_powder		block.minecraft.light_blue_concrete_powder
in	minecraft:blue_concrete_powder		block.minecraft.blue_concrete_powder
in	minecraft:purple_concrete_powder		block.minecraft.purple_concrete_powder
in	minecraft:magenta_concrete_powder		block.minecraft.magenta_concrete_powder
in	minecraft:pink_concrete_powder		block.minecraft.pink_concrete_powder
in	minecraft:white_glazed_terracotta		block.minecraft.white_glazed_terracotta
in	minecraft:light_gray_glazed_terracotta		block.minecraft.light_gray_glazed_terracotta
in	minecraft:gray_glazed_terracotta		block.minecraft.gray_glazed_terracotta
in	minecraft:black_glazed_terracotta		block.minecraft.black_glazed_terracotta
in	minecraft:brown_glazed_terracotta		block.minecraft.brown_glazed_terracotta
in	minecraft:red_glazed_terracotta		block.minecraft.red_glazed_terracotta
in	minecraft:orange_glazed_terracotta		block.minecraft.orange_glazed_terracotta
in	minecraft:yellow_glazed_terracotta		block.minecraft.yellow_glazed_terracotta
in	minecraft:lime_glazed_terracotta		block.minecraft.lime_glazed_terracotta
in	minecraft:green_glazed_terracotta		block.minecraft.green_glazed_terracotta
in	minecraft:cyan_glazed_terracotta		block.minecraft.cyan_glazed_terracotta
in	minecraft:light_blue_glazed_terracotta		block.minecraft.light_blue_glazed_terracotta
in	minecraft:blue_glazed_terracotta		block.minecraft.blue_glazed_terracotta
in	minecraft:purple_glazed_terracotta		block.minecraft.purple_glazed_terracotta
in	minecraft:magenta_glazed_terracotta		block.minecraft.magenta_glazed_terracotta
in	minecraft:pink_glazed_terracotta		block.minecraft.pink_glazed_terracotta
in	minecraft:glass		block.minecraft.glass
in	minecraft:tinted_glass		block.minecraft.tinted_glass
in	minecraft:white_stained_glass		block.minecraft.white_stained_glass
in	minecraft:light_gray_stained_glass		block.minecraft.light_gray_stained_glass
in	minecraft:gray_stained_glass		block.minecraft.gray_stained_glass
in	minecraft:black_stained_glass		block.minecraft.black_stained_glass
in	minecraft:brown_stained_glass		block.minecraft.brown_stained_glass
in	minecraft:red_stained_glass		block.minecraft.red_stained_glass
in	minecraft:orange_stained_glass		block.minecraft.orange_stained_glass
in	minecraft:yellow_stained_glass		block.minecraft.yellow_stained_glass
in	minecraft:lime_stained_glass		block.minecraft.lime_stained_glass
in	minecraft:green_stained_glass		block.minecraft.green_stained_glass
in	minecraft:cyan_stained_glass		block.minecraft.cyan_stained_glass
in	minecraft:light_blue_stained_glass		block.minecraft.light_blue_stained_glass
in	minecraft:blue_stained_glass		block.minecraft.blue_stained_glass
in	minecraft:purple_stained_glass		block.minecraft.purple_stained_glass
in	minecraft:magenta_stained_glass		block.minecraft.magenta_stained_glass
in	minecraft:pink_stained_glass		block.minecraft.pink_stained_glass
in	minecraft:glass_pane		block.minecraft.glass_pane
in	minecraft:white_stained_glass_pane		block.minecraft.white_stained_glass_pane
in	minecraft:light_gray_stained_glass_pane		block.minecraft.light_gray_stained_glass_pane
in	minecraft:gray_stained_glass_pane		block.minecraft.gray_stained_glass_pane
in	minecraft:black_stained_glass_pane		block.minecraft.black_stained_glass_pane
in	minecraft:brown_stained_glass_pane		block.minecraft.brown_stained_glass_pane
in	minecraft:red_stained_glass_pane		block.minecraft.red_stained_glass_pane
in	minecraft:orange_stained_glass_pane		block.minecraft.orange_stained_glass_pane
in	minecraft:yellow_stained_glass_pane		block.minecraft.yellow_stained_glass_pane
in	minecraft:lime_stained_glass_pane		block.minecraft.lime_stained_glass_pane
in	minecraft:green_stained_glass_pane		block.minecraft.green_stained_glass_pane
in	minecraft:cyan_stained_glass_pane		block.minecraft.cyan_stained_glass_pane
in	minecraft:light_blue_stained_glass_pane		block.minecraft.light_blue_stained_glass_pane
in	minecraft:blue_stained_glass_pane		block.minecraft.blue_stained_glass_pane
in	minecraft:purple_stained_glass_pane		block.minecraft.purple_stained_glass_pane
in	minecraft:magenta_stained_glass_pane		block.minecraft.magenta_stained_glass_pane
in	minecraft:pink_stained_glass_pane		block.minecraft.pink_stained_glass_pane
in	minecraft:shulker_box		block.minecraft.shulker_box
in	minecraft:white_shulker_box		block.minecraft.white_shulker_box
in	minecraft:light_gray_shulker_box		block.minecraft.light_gray_shulker_box
in	minecraft:gray_shulker_box		block.minecraft.gray_shulker_box
in	minecraft:black_shulker_box		block.minecraft.black_shulker_box
in	minecraft:brown_shulker_box		block.minecraft.brown_shulker_box
in	minecraft:red_shulker_box		block.minecraft.red_shulker_box
in	minecraft:orange_shulker_box		block.minecraft.orange_shulker_box
in	minecraft:yellow_shulker_box		block.minecraft.yellow_shulker_box
in	minecraft:lime_shulker_box		block.minecraft.lime_shulker_box
in	minecraft:green_shulker_box		block.minecraft.green_shulker_box
in	minecraft:cyan_shulker_box		block.minecraft.cyan_shulker_box
in	minecraft:light_blue_shulker_box		block.minecraft.light_blue_shulker_box
in	minecraft:blue_shulker_box		block.minecraft.blue_shulker_box
in	minecraft:purple_shulker_box		block.minecraft.purple_shulker_box
in	minecraft:magenta_shulker_box		block.minecraft.magenta_shulker_box
in	minecraft:pink_shulker_box		block.minecraft.pink_shulker_box
in	minecraft:white_bed		block.minecraft.white_bed
in	minecraft:light_gray_bed		block.minecraft.light_gray_bed
in	minecraft:gray_bed		block.minecraft.gray_bed
in	minecraft:black_bed		block.minecraft.black_bed
in	minecraft:brown_bed		block.minecraft.brown_bed
in	minecraft:red_bed		block.minecraft.red_bed
in	minecraft:orange_bed		block.minecraft.orange_bed
in	minecraft:yellow_bed		block.minecraft.yellow_bed
in	minecraft:lime_bed		block.minecraft.lime_bed
in	minecraft:green_bed		block.minecraft.green_bed
in	minecraft:cyan_bed		block.minecraft.cyan_bed
in	minecraft:light_blue_bed		block.minecraft.light_blue_bed
in	minecraft:blue_bed		block.minecraft.blue_bed
in	minecraft:purple_bed		block.minecraft.purple_bed
in	minecraft:magenta_bed		block.minecraft.magenta_bed
in	minecraft:pink_bed		block.minecraft.pink_bed
in	minecraft:candle		block.minecraft.candle
in	minecraft:white_candle		block.minecraft.white_candle
in	minecraft:light_gray_candle		block.minecraft.light_gray_candle
in	minecraft:gray_candle		block.minecraft.gray_candle
in	minecraft:black_candle		block.minecraft.black_candle
in	minecraft:brown_candle		block.minecraft.brown_candle
in	minecraft:red_candle		block.minecraft.red_candle
in	minecraft:orange_candle		block.minecraft.orange_candle
in	minecraft:yellow_candle		block.minecraft.yellow_candle
in	minecraft:lime_candle		block.minecraft.lime_candle
in	minecraft:green_candle		block.minecraft.green_candle
in	minecraft:cyan_candle		block.minecraft.cyan_candle
in	minecraft:light_blue_candle		block.minecraft.light_blue_candle
in	minecraft:blue_candle		block.minecraft.blue_candle
in	minecraft:purple_candle		block.minecraft.purple_candle
in	minecraft:magenta_candle		block.minecraft.magenta_candle
in	minecraft:pink_candle		block.minecraft.pink_candle
in	minecraft:white_banner		block.minecraft.white_banner
in	minecraft:light_gray_banner		block.minecraft.light_gray_banner
in	minecraft:gray_banner		block.minecraft.gray_banner
in	minecraft:black_banner		block.minecraft.black_banner
in	minecraft:brown_banner		block.minecraft.brown_banner
in	minecraft:red_banner		block.minecraft.red_banner
in	minecraft:orange_banner		block.minecraft.orange_banner
in	minecraft:yellow_banner		block.minecraft.yellow_banner
in	minecraft:lime_banner		block.minecraft.lime_banner
in	minecraft:green_banner		block.minecraft.green_banner
in	minecraft:cyan_banner		block.minecraft.cyan_banner
in	minecraft:light_blue_banner		block.minecraft.light_blue_banner
in	minecraft:blue_banner		block.minecraft.blue_banner
in	minecraft:purple_banner		block.minecraft.purple_banner
in	minecraft:magenta_banner		block.minecraft.magenta_banner
in	minecraft:pink_banner		block.minecraft.pink_banner
in	minecraft:grass_block		block.minecraft.grass_block
in	minecraft:podzol		block.minecraft.podzol
in	minecraft:mycelium		block.minecraft.mycelium
in	minecraft:dirt_path		block.minecraft.dirt_path
in	minecraft:dirt		block.minecraft.dirt
in	minecraft:coarse_dirt		block.minecraft.coarse_dirt
in	minecraft:rooted_dirt		block.minecraft.rooted_dirt
in	minecraft:farmland		block.minecraft.farmland
in	minecraft:mud		block.minecraft.mud
in	minecraft:clay		block.minecraft.clay
in	minecraft:gravel		block.minecraft.gravel
in	minecraft:sand		block.minecraft.sand
in	minecraft:red_sand		block.minecraft.red_sand
in	minecraft:ice		block.minecraft.ice
in	minecraft:packed_ice		block.minecraft.packed_ice
in	minecraft:blue_ice		block.minecraft.blue_ice
in	minecraft:snow_block		block.minecraft.snow_block
in	minecraft:snow		block.minecraft.snow
in	minecraft:moss_block		block.minecraft.moss_block
in	minecraft:moss_carpet		block.minecraft.moss_carpet
in	minecraft:pale_moss_block		block.minecraft.pale_moss_block
in	minecraft:pale_moss_carpet		block.minecraft.pale_moss_carpet
in	minecraft:pale_hanging_moss		block.minecraft.pale_hanging_moss
in	minecraft:calcite		block.minecraft.calcite
in	minecraft:dripstone_block		block.minecraft.dripstone_block
in	minecraft:pointed_dripstone		block.minecraft.pointed_dripstone
in	minecraft:sulfur_spike		block.minecraft.sulfur_spike
in	minecraft:potent_sulfur		block.minecraft.potent_sulfur
in	minecraft:magma_block		block.minecraft.magma_block
in	minecraft:obsidian		block.minecraft.obsidian
in	minecraft:crying_obsidian		block.minecraft.crying_obsidian
in	minecraft:crimson_nylium		block.minecraft.crimson_nylium
in	minecraft:warped_nylium		block.minecraft.warped_nylium
in	minecraft:soul_sand		block.minecraft.soul_sand
in	minecraft:soul_soil		block.minecraft.soul_soil
in	minecraft:bone_block		block.minecraft.bone_block
in	minecraft:coal_ore		block.minecraft.coal_ore
in	minecraft:deepslate_coal_ore		block.minecraft.deepslate_coal_ore
in	minecraft:iron_ore		block.minecraft.iron_ore
in	minecraft:deepslate_iron_ore		block.minecraft.deepslate_iron_ore
in	minecraft:copper_ore		block.minecraft.copper_ore
in	minecraft:deepslate_copper_ore		block.minecraft.deepslate_copper_ore
in	minecraft:gold_ore		block.minecraft.gold_ore
in	minecraft:deepslate_gold_ore		block.minecraft.deepslate_gold_ore
in	minecraft:redstone_ore		block.minecraft.redstone_ore
in	minecraft:deepslate_redstone_ore		block.minecraft.deepslate_redstone_ore
in	minecraft:emerald_ore		block.minecraft.emerald_ore
in	minecraft:deepslate_emerald_ore		block.minecraft.deepslate_emerald_ore
in	minecraft:lapis_ore		block.minecraft.lapis_ore
in	minecraft:deepslate_lapis_ore		block.minecraft.deepslate_lapis_ore
in	minecraft:diamond_ore		block.minecraft.diamond_ore
in	minecraft:deepslate_diamond_ore		block.minecraft.deepslate_diamond_ore
in	minecraft:nether_gold_ore		block.minecraft.nether_gold_ore
in	minecraft:nether_quartz_ore		block.minecraft.nether_quartz_ore
in	minecraft:ancient_debris		block.minecraft.ancient_debris
in	minecraft:raw_iron_block		block.minecraft.raw_iron_block
in	minecraft:raw_copper_block		block.minecraft.raw_copper_block
in	minecraft:raw_gold_block		block.minecraft.raw_gold_block
in	minecraft:glowstone		block.minecraft.glowstone
in	minecraft:budding_amethyst		block.minecraft.budding_amethyst
in	minecraft:small_amethyst_bud		block.minecraft.small_amethyst_bud
in	minecraft:medium_amethyst_bud		block.minecraft.medium_amethyst_bud
in	minecraft:large_amethyst_bud		block.minecraft.large_amethyst_bud
in	minecraft:amethyst_cluster		block.minecraft.amethyst_cluster
in	minecraft:mangrove_roots		block.minecraft.mangrove_roots
in	minecraft:muddy_mangrove_roots		block.minecraft.muddy_mangrove_roots
in	minecraft:mushroom_stem		block.minecraft.mushroom_stem
in	minecraft:oak_leaves		block.minecraft.oak_leaves
in	minecraft:spruce_leaves		block.minecraft.spruce_leaves
in	minecraft:birch_leaves		block.minecraft.birch_leaves
in	minecraft:jungle_leaves		block.minecraft.jungle_leaves
in	minecraft:acacia_leaves		block.minecraft.acacia_leaves
in	minecraft:dark_oak_leaves		block.minecraft.dark_oak_leaves
in	minecraft:mangrove_leaves		block.minecraft.mangrove_leaves
in	minecraft:cherry_leaves		block.minecraft.cherry_leaves
in	minecraft:pale_oak_leaves		block.minecraft.pale_oak_leaves
in	minecraft:azalea_leaves		block.minecraft.azalea_leaves
in	minecraft:flowering_azalea_leaves		block.minecraft.flowering_azalea_leaves
in	minecraft:brown_mushroom_block		block.minecraft.brown_mushroom_block
in	minecraft:red_mushroom_block		block.minecraft.red_mushroom_block
in	minecraft:nether_wart_block		block.minecraft.nether_wart_block
in	minecraft:warped_wart_block		block.minecraft.warped_wart_block
in	minecraft:shroomlight		block.minecraft.shroomlight
in	minecraft:oak_sapling		block.minecraft.oak_sapling
in	minecraft:spruce_sapling		block.minecraft.spruce_sapling
in	minecraft:birch_sapling		block.minecraft.birch_sapling
in	minecraft:jungle_sapling		block.minecraft.jungle_sapling
in	minecraft:acacia_sapling		block.minecraft.acacia_sapling
in	minecraft:dark_oak_sapling		block.minecraft.dark_oak_sapling
in	minecraft:mangrove_propagule		block.minecraft.mangrove_propagule
in	minecraft:cherry_sapling		block.minecraft.cherry_sapling
in	minecraft:pale_oak_sapling		block.minecraft.pale_oak_sapling
in	minecraft:azalea		block.minecraft.azalea
in	minecraft:flowering_azalea		block.minecraft.flowering_azalea
in	minecraft:brown_mushroom		block.minecraft.brown_mushroom
in	minecraft:red_mushroom		block.minecraft.red_mushroom
in	minecraft:crimson_fungus		block.minecraft.crimson_fungus
in	minecraft:warped_fungus		block.minecraft.warped_fungus
in	minecraft:short_grass		block.minecraft.short_grass
in	minecraft:fern		block.minecraft.fern
in	minecraft:short_dry_grass		block.minecraft.short_dry_grass
in	minecraft:bush		block.minecraft.bush
in	minecraft:dead_bush		block.minecraft.dead_bush
in	minecraft:dandelion		block.minecraft.dandelion
in	minecraft:poppy		block.minecraft.poppy
in	minecraft:blue_orchid		block.minecraft.blue_orchid
in	minecraft:allium		block.minecraft.allium
in	minecraft:azure_bluet		block.minecraft.azure_bluet
in	minecraft:red_tulip		block.minecraft.red_tulip
in	minecraft:orange_tulip		block.minecraft.orange_tulip
in	minecraft:white_tulip		block.minecraft.white_tulip
in	minecraft:pink_tulip		block.minecraft.pink_tulip
in	minecraft:oxeye_daisy		block.minecraft.oxeye_daisy
in	minecraft:cornflower		block.minecraft.cornflower
in	minecraft:lily_of_the_valley		block.minecraft.lily_of_the_valley
in	minecraft:torchflower		block.minecraft.torchflower
in	minecraft:cactus_flower		block.minecraft.cactus_flower
in	minecraft:closed_eyeblossom		block.minecraft.closed_eyeblossom
in	minecraft:open_eyeblossom		block.minecraft.open_eyeblossom
in	minecraft:wither_rose		block.minecraft.wither_rose
in	minecraft:pink_petals		block.minecraft.pink_petals
in	minecraft:wildflowers		block.minecraft.wildflowers
in	minecraft:leaf_litter		block.minecraft.leaf_litter
in	minecraft:spore_blossom		block.minecraft.spore_blossom
in	minecraft:firefly_bush		block.minecraft.firefly_bush
in	minecraft:bamboo		block.minecraft.bamboo
in	minecraft:sugar_cane		block.minecraft.sugar_cane
in	minecraft:cactus		block.minecraft.cactus
in	minecraft:crimson_roots		block.minecraft.crimson_roots
in	minecraft:warped_roots		block.minecraft.warped_roots
in	minecraft:nether_sprouts		block.minecraft.nether_sprouts
in	minecraft:weeping_vines		block.minecraft.weeping_vines
in	minecraft:twisting_vines		block.minecraft.twisting_vines
in	minecraft:vine		block.minecraft.vine
in	minecraft:tall_grass		block.minecraft.tall_grass
in	minecraft:large_fern		block.minecraft.large_fern
in	minecraft:tall_dry_grass		block.minecraft.tall_dry_grass
in	minecraft:sunflower		block.minecraft.sunflower
in	minecraft:lilac		block.minecraft.lilac
in	minecraft:rose_bush		block.minecraft.rose_bush
in	minecraft:peony		block.minecraft.peony
in	minecraft:pitcher_plant		block.minecraft.pitcher_plant
in	minecraft:big_dripleaf		block.minecraft.big_dripleaf
in	minecraft:small_dripleaf		block.minecraft.small_dripleaf
in	minecraft:chorus_plant		block.minecraft.chorus_plant
in	minecraft:chorus_flower		block.minecraft.chorus_flower
in	minecraft:glow_lichen		block.minecraft.glow_lichen
in	minecraft:hanging_roots		block.minecraft.hanging_roots
in	minecraft:frogspawn		block.minecraft.frogspawn
in	minecraft:turtle_egg		block.minecraft.turtle_egg
in	minecraft:sniffer_egg		block.minecraft.sniffer_egg
in	minecraft:dried_ghast		block.minecraft.dried_ghast
in	minecraft:wheat_seeds		item.minecraft.wheat_seeds
in	minecraft:cocoa_beans		item.minecraft.cocoa_beans
in	minecraft:pumpkin_seeds		item.minecraft.pumpkin_seeds
in	minecraft:melon_seeds		item.minecraft.melon_seeds
in	minecraft:beetroot_seeds		item.minecraft.beetroot_seeds
in	minecraft:torchflower_seeds		item.minecraft.torchflower_seeds
in	minecraft:pitcher_pod		item.minecraft.pitcher_pod
in	minecraft:glow_berries		item.minecraft.glow_berries
in	minecraft:sweet_berries		item.minecraft.sweet_berries
in	minecraft:nether_wart		item.minecraft.nether_wart
in	minecraft:lily_pad		block.minecraft.lily_pad
in	minecraft:seagrass		block.minecraft.seagrass
in	minecraft:sea_pickle		block.minecraft.sea_pickle
in	minecraft:kelp		block.minecraft.kelp
in	minecraft:dried_kelp_block		block.minecraft.dried_kelp_block
in	minecraft:tube_coral_block		block.minecraft.tube_coral_block
in	minecraft:brain_coral_block		block.minecraft.brain_coral_block
in	minecraft:bubble_coral_block		block.minecraft.bubble_coral_block
in	minecraft:fire_coral_block		block.minecraft.fire_coral_block
in	minecraft:horn_coral_block		block.minecraft.horn_coral_block
in	minecraft:dead_tube_coral_block		block.minecraft.dead_tube_coral_block
in	minecraft:dead_brain_coral_block		block.minecraft.dead_brain_coral_block
in	minecraft:dead_bubble_coral_block		block.minecraft.dead_bubble_coral_block
in	minecraft:dead_fire_coral_block		block.minecraft.dead_fire_coral_block
in	minecraft:dead_horn_coral_block		block.minecraft.dead_horn_coral_block
in	minecraft:tube_coral		block.minecraft.tube_coral
in	minecraft:brain_coral		block.minecraft.brain_coral
in	minecraft:bubble_coral		block.minecraft.bubble_coral
in	minecraft:fire_coral		block.minecraft.fire_coral
in	minecraft:horn_coral		block.minecraft.horn_coral
in	minecraft:dead_tube_coral		block.minecraft.dead_tube_coral
in	minecraft:dead_brain_coral		block.minecraft.dead_brain_coral
in	minecraft:dead_bubble_coral		block.minecraft.dead_bubble_coral
in	minecraft:dead_fire_coral		block.minecraft.dead_fire_coral
in	minecraft:dead_horn_coral		block.minecraft.dead_horn_coral
in	minecraft:tube_coral_fan		block.minecraft.tube_coral_fan
in	minecraft:brain_coral_fan		block.minecraft.brain_coral_fan
in	minecraft:bubble_coral_fan		block.minecraft.bubble_coral_fan
in	minecraft:fire_coral_fan		block.minecraft.fire_coral_fan
in	minecraft:horn_coral_fan		block.minecraft.horn_coral_fan
in	minecraft:dead_tube_coral_fan		block.minecraft.dead_tube_coral_fan
in	minecraft:dead_brain_coral_fan		block.minecraft.dead_brain_coral_fan
in	minecraft:dead_bubble_coral_fan		block.minecraft.dead_bubble_coral_fan
in	minecraft:dead_fire_coral_fan		block.minecraft.dead_fire_coral_fan
in	minecraft:dead_horn_coral_fan		block.minecraft.dead_horn_coral_fan
in	minecraft:sponge		block.minecraft.sponge
in	minecraft:wet_sponge		block.minecraft.wet_sponge
in	minecraft:melon		block.minecraft.melon
in	minecraft:pumpkin		block.minecraft.pumpkin
in	minecraft:carved_pumpkin		block.minecraft.carved_pumpkin
in	minecraft:jack_o_lantern		block.minecraft.jack_o_lantern
in	minecraft:hay_block		block.minecraft.hay_block
in	minecraft:bee_nest		block.minecraft.bee_nest
in	minecraft:honeycomb_block		block.minecraft.honeycomb_block
in	minecraft:slime_block		block.minecraft.slime_block
in	minecraft:honey_block		block.minecraft.honey_block
in	minecraft:resin_block		block.minecraft.resin_block
in	minecraft:ochre_froglight		block.minecraft.ochre_froglight
in	minecraft:verdant_froglight		block.minecraft.verdant_froglight
in	minecraft:pearlescent_froglight		block.minecraft.pearlescent_froglight
in	minecraft:sculk		block.minecraft.sculk
in	minecraft:sculk_vein		block.minecraft.sculk_vein
in	minecraft:sculk_catalyst		block.minecraft.sculk_catalyst
in	minecraft:sculk_shrieker		block.minecraft.sculk_shrieker
in	minecraft:sculk_sensor		block.minecraft.sculk_sensor
in	minecraft:cobweb		block.minecraft.cobweb
in	minecraft:bedrock		block.minecraft.bedrock
in	minecraft:torch		block.minecraft.torch
in	minecraft:soul_torch		block.minecraft.soul_torch
in	minecraft:copper_torch		block.minecraft.copper_torch
in	minecraft:redstone_torch		block.minecraft.redstone_torch
in	minecraft:lantern		block.minecraft.lantern
in	minecraft:soul_lantern		block.minecraft.soul_lantern
in	minecraft:copper_lantern		block.minecraft.copper_lantern
in	minecraft:exposed_copper_lantern		block.minecraft.exposed_copper_lantern
in	minecraft:weathered_copper_lantern		block.minecraft.weathered_copper_lantern
in	minecraft:oxidized_copper_lantern		block.minecraft.oxidized_copper_lantern
in	minecraft:waxed_copper_lantern		block.minecraft.waxed_copper_lantern
in	minecraft:waxed_exposed_copper_lantern		block.minecraft.waxed_exposed_copper_lantern
in	minecraft:waxed_weathered_copper_lantern		block.minecraft.waxed_weathered_copper_lantern
in	minecraft:waxed_oxidized_copper_lantern		block.minecraft.waxed_oxidized_copper_lantern
in	minecraft:end_rod		block.minecraft.end_rod
in	minecraft:redstone_lamp		block.minecraft.redstone_lamp
in	minecraft:crafting_table		block.minecraft.crafting_table
in	minecraft:stonecutter		block.minecraft.stonecutter
in	minecraft:cartography_table		block.minecraft.cartography_table
in	minecraft:fletching_table		block.minecraft.fletching_table
in	minecraft:smithing_table		block.minecraft.smithing_table
in	minecraft:grindstone		block.minecraft.grindstone
in	minecraft:loom		block.minecraft.loom
in	minecraft:furnace		block.minecraft.furnace
in	minecraft:smoker		block.minecraft.smoker
in	minecraft:blast_furnace		block.minecraft.blast_furnace
in	minecraft:campfire		block.minecraft.campfire
in	minecraft:soul_campfire		block.minecraft.soul_campfire
in	minecraft:anvil		block.minecraft.anvil
in	minecraft:chipped_anvil		block.minecraft.chipped_anvil
in	minecraft:damaged_anvil		block.minecraft.damaged_anvil
in	minecraft:composter		block.minecraft.composter
in	minecraft:note_block		block.minecraft.note_block
in	minecraft:jukebox		block.minecraft.jukebox
in	minecraft:enchanting_table		block.minecraft.enchanting_table
in	minecraft:end_crystal		item.minecraft.end_crystal
in	minecraft:brewing_stand		block.minecraft.brewing_stand
in	minecraft:cauldron		block.minecraft.cauldron
in	minecraft:bell		block.minecraft.bell
in	minecraft:beacon		block.minecraft.beacon
in	minecraft:conduit		block.minecraft.conduit
in	minecraft:lodestone		block.minecraft.lodestone
in	minecraft:ladder		block.minecraft.ladder
in	minecraft:scaffolding		block.minecraft.scaffolding
in	minecraft:beehive		block.minecraft.beehive
in	minecraft:suspicious_sand		block.minecraft.suspicious_sand
in	minecraft:suspicious_gravel		block.minecraft.suspicious_gravel
in	minecraft:lightning_rod		block.minecraft.lightning_rod
in	minecraft:exposed_lightning_rod		block.minecraft.exposed_lightning_rod
in	minecraft:weathered_lightning_rod		block.minecraft.weathered_lightning_rod
in	minecraft:oxidized_lightning_rod		block.minecraft.oxidized_lightning_rod
in	minecraft:waxed_lightning_rod		block.minecraft.waxed_lightning_rod
in	minecraft:waxed_exposed_lightning_rod		block.minecraft.waxed_exposed_lightning_rod
in	minecraft:waxed_weathered_lightning_rod		block.minecraft.waxed_weathered_lightning_rod
in	minecraft:waxed_oxidized_lightning_rod		block.minecraft.waxed_oxidized_lightning_rod
in	minecraft:flower_pot		block.minecraft.flower_pot
in	minecraft:decorated_pot		block.minecraft.decorated_pot
in	minecraft:armor_stand		item.minecraft.armor_stand
in	minecraft:item_frame		item.minecraft.item_frame
in	minecraft:glow_item_frame		item.minecraft.glow_item_frame
in	minecraft:painting		item.minecraft.painting
in	minecraft:painting	{"minecraft:painting/variant":"minecraft:alban"}	item.minecraft.painting
in	minecraft:painting	{"minecraft:painting/variant":"minecraft:aztec"}	item.minecraft.painting
in	minecraft:painting	{"minecraft:painting/variant":"minecraft:aztec2"}	item.minecraft.painting
in	minecraft:painting	{"minecraft:painting/variant":"minecraft:bomb"}	item.minecraft.painting
in	minecraft:painting	{"minecraft:painting/variant":"minecraft:kebab"}	item.minecraft.painting
in	minecraft:painting	{"minecraft:painting/variant":"minecraft:meditative"}	item.minecraft.painting
in	minecraft:painting	{"minecraft:painting/variant":"minecraft:plant"}	item.minecraft.painting
in	minecraft:painting	{"minecraft:painting/variant":"minecraft:wasteland"}	item.minecraft.painting
in	minecraft:painting	{"minecraft:painting/variant":"minecraft:graham"}	item.minecraft.painting
in	minecraft:painting	{"minecraft:painting/variant":"minecraft:prairie_ride"}	item.minecraft.painting
in	minecraft:painting	{"minecraft:painting/variant":"minecraft:wanderer"}	item.minecraft.painting
in	minecraft:painting	{"minecraft:painting/variant":"minecraft:courbet"}	item.minecraft.painting
in	minecraft:painting	{"minecraft:painting/variant":"minecraft:creebet"}	item.minecraft.painting
in	minecraft:painting	{"minecraft:painting/variant":"minecraft:pool"}	item.minecraft.painting
in	minecraft:painting	{"minecraft:painting/variant":"minecraft:sea"}	item.minecraft.painting
in	minecraft:painting	{"minecraft:painting/variant":"minecraft:sunset"}	item.minecraft.painting
in	minecraft:painting	{"minecraft:painting/variant":"minecraft:baroque"}	item.minecraft.painting
in	minecraft:painting	{"minecraft:painting/variant":"minecraft:bust"}	item.minecraft.painting
in	minecraft:painting	{"minecraft:painting/variant":"minecraft:humble"}	item.minecraft.painting
in	minecraft:painting	{"minecraft:painting/variant":"minecraft:match"}	item.minecraft.painting
in	minecraft:painting	{"minecraft:painting/variant":"minecraft:skull_and_roses"}	item.minecraft.painting
in	minecraft:painting	{"minecraft:painting/variant":"minecraft:stage"}	item.minecraft.painting
in	minecraft:painting	{"minecraft:painting/variant":"minecraft:void"}	item.minecraft.painting
in	minecraft:painting	{"minecraft:painting/variant":"minecraft:wither"}	item.minecraft.painting
in	minecraft:painting	{"minecraft:painting/variant":"minecraft:changing"}	item.minecraft.painting
in	minecraft:painting	{"minecraft:painting/variant":"minecraft:fighters"}	item.minecraft.painting
in	minecraft:painting	{"minecraft:painting/variant":"minecraft:finding"}	item.minecraft.painting
in	minecraft:painting	{"minecraft:painting/variant":"minecraft:lowmist"}	item.minecraft.painting
in	minecraft:painting	{"minecraft:painting/variant":"minecraft:passage"}	item.minecraft.painting
in	minecraft:painting	{"minecraft:painting/variant":"minecraft:bouquet"}	item.minecraft.painting
in	minecraft:painting	{"minecraft:painting/variant":"minecraft:cavebird"}	item.minecraft.painting
in	minecraft:painting	{"minecraft:painting/variant":"minecraft:cotan"}	item.minecraft.painting
in	minecraft:painting	{"minecraft:painting/variant":"minecraft:dennis"}	item.minecraft.painting
in	minecraft:painting	{"minecraft:painting/variant":"minecraft:endboss"}	item.minecraft.painting
in	minecraft:painting	{"minecraft:painting/variant":"minecraft:fern"}	item.minecraft.painting
in	minecraft:painting	{"minecraft:painting/variant":"minecraft:owlemons"}	item.minecraft.painting
in	minecraft:painting	{"minecraft:painting/variant":"minecraft:sunflowers"}	item.minecraft.painting
in	minecraft:painting	{"minecraft:painting/variant":"minecraft:tides"}	item.minecraft.painting
in	minecraft:painting	{"minecraft:painting/variant":"minecraft:backyard"}	item.minecraft.painting
in	minecraft:painting	{"minecraft:painting/variant":"minecraft:pond"}	item.minecraft.painting
in	minecraft:painting	{"minecraft:painting/variant":"minecraft:donkey_kong"}	item.minecraft.painting
in	minecraft:painting	{"minecraft:painting/variant":"minecraft:skeleton"}	item.minecraft.painting
in	minecraft:painting	{"minecraft:painting/variant":"minecraft:burning_skull"}	item.minecraft.painting
in	minecraft:painting	{"minecraft:painting/variant":"minecraft:orb"}	item.minecraft.painting
in	minecraft:painting	{"minecraft:painting/variant":"minecraft:pigscene"}	item.minecraft.painting
in	minecraft:painting	{"minecraft:painting/variant":"minecraft:pointer"}	item.minecraft.painting
in	minecraft:painting	{"minecraft:painting/variant":"minecraft:unpacked"}	item.minecraft.painting
in	minecraft:bookshelf		block.minecraft.bookshelf
in	minecraft:chiseled_bookshelf		block.minecraft.chiseled_bookshelf
in	minecraft:oak_shelf		block.minecraft.oak_shelf
in	minecraft:spruce_shelf		block.minecraft.spruce_shelf
in	minecraft:birch_shelf		block.minecraft.birch_shelf
in	minecraft:jungle_shelf		block.minecraft.jungle_shelf
in	minecraft:acacia_shelf		block.minecraft.acacia_shelf
in	minecraft:dark_oak_shelf		block.minecraft.dark_oak_shelf
in	minecraft:mangrove_shelf		block.minecraft.mangrove_shelf
in	minecraft:cherry_shelf		block.minecraft.cherry_shelf
in	minecraft:pale_oak_shelf		block.minecraft.pale_oak_shelf
in	minecraft:bamboo_shelf		block.minecraft.bamboo_shelf
in	minecraft:crimson_shelf		block.minecraft.crimson_shelf
in	minecraft:warped_shelf		block.minecraft.warped_shelf
in	minecraft:lectern		block.minecraft.lectern
in	minecraft:oak_sign		block.minecraft.oak_sign
in	minecraft:oak_hanging_sign		block.minecraft.oak_hanging_sign
in	minecraft:spruce_sign		block.minecraft.spruce_sign
in	minecraft:spruce_hanging_sign		block.minecraft.spruce_hanging_sign
in	minecraft:birch_sign		block.minecraft.birch_sign
in	minecraft:birch_hanging_sign		block.minecraft.birch_hanging_sign
in	minecraft:jungle_sign		block.minecraft.jungle_sign
in	minecraft:jungle_hanging_sign		block.minecraft.jungle_hanging_sign
in	minecraft:acacia_sign		block.minecraft.acacia_sign
in	minecraft:acacia_hanging_sign		block.minecraft.acacia_hanging_sign
in	minecraft:dark_oak_sign		block.minecraft.dark_oak_sign
in	minecraft:dark_oak_hanging_sign		block.minecraft.dark_oak_hanging_sign
in	minecraft:mangrove_sign		block.minecraft.mangrove_sign
in	minecraft:mangrove_hanging_sign		block.minecraft.mangrove_hanging_sign
in	minecraft:cherry_sign		block.minecraft.cherry_sign
in	minecraft:cherry_hanging_sign		block.minecraft.cherry_hanging_sign
in	minecraft:pale_oak_sign		block.minecraft.pale_oak_sign
in	minecraft:pale_oak_hanging_sign		block.minecraft.pale_oak_hanging_sign
in	minecraft:bamboo_sign		block.minecraft.bamboo_sign
in	minecraft:bamboo_hanging_sign		block.minecraft.bamboo_hanging_sign
in	minecraft:crimson_sign		block.minecraft.crimson_sign
in	minecraft:crimson_hanging_sign		block.minecraft.crimson_hanging_sign
in	minecraft:warped_sign		block.minecraft.warped_sign
in	minecraft:warped_hanging_sign		block.minecraft.warped_hanging_sign
in	minecraft:chest		block.minecraft.chest
in	minecraft:copper_chest		block.minecraft.copper_chest
in	minecraft:exposed_copper_chest		block.minecraft.exposed_copper_chest
in	minecraft:weathered_copper_chest		block.minecraft.weathered_copper_chest
in	minecraft:oxidized_copper_chest		block.minecraft.oxidized_copper_chest
in	minecraft:waxed_copper_chest		block.minecraft.waxed_copper_chest
in	minecraft:waxed_exposed_copper_chest		block.minecraft.waxed_exposed_copper_chest
in	minecraft:waxed_weathered_copper_chest		block.minecraft.waxed_weathered_copper_chest
in	minecraft:waxed_oxidized_copper_chest		block.minecraft.waxed_oxidized_copper_chest
in	minecraft:barrel		block.minecraft.barrel
in	minecraft:ender_chest		block.minecraft.ender_chest
in	minecraft:respawn_anchor		block.minecraft.respawn_anchor
in	minecraft:white_banner	{"minecraft:banner_patterns":[{color:"cyan",pattern:"minecraft:rhombus"},{color:"light_gray",pattern:"minecraft:stripe_bottom"},{color:"gray",pattern:"minecraft:stripe_center"},{color:"light_gray",pattern:"minecraft:border"},{color:"black",pattern:"minecraft:stripe_middle"},{color:"light_gray",pattern:"minecraft:half_horizontal"},{color:"light_gray",pattern:"minecraft:circle"},{color:"black",pattern:"minecraft:border"}],"minecraft:item_name":{translate:"block.minecraft.ominous_banner"},"minecraft:rarity":"uncommon","minecraft:tooltip_display":{hidden_components:["minecraft:banner_patterns"]}}	block.minecraft.ominous_banner
in	minecraft:skeleton_skull		block.minecraft.skeleton_skull
in	minecraft:wither_skeleton_skull		block.minecraft.wither_skeleton_skull
in	minecraft:player_head		block.minecraft.player_head
in	minecraft:zombie_head		block.minecraft.zombie_head
in	minecraft:creeper_head		block.minecraft.creeper_head
in	minecraft:piglin_head		block.minecraft.piglin_head
in	minecraft:dragon_head		block.minecraft.dragon_head
in	minecraft:dragon_egg		block.minecraft.dragon_egg
in	minecraft:end_portal_frame		block.minecraft.end_portal_frame
in	minecraft:vault		block.minecraft.vault
in	minecraft:ender_eye		item.minecraft.ender_eye
in	minecraft:copper_golem_statue		block.minecraft.copper_golem_statue
in	minecraft:exposed_copper_golem_statue		block.minecraft.exposed_copper_golem_statue
in	minecraft:weathered_copper_golem_statue		block.minecraft.weathered_copper_golem_statue
in	minecraft:oxidized_copper_golem_statue		block.minecraft.oxidized_copper_golem_statue
in	minecraft:waxed_copper_golem_statue		block.minecraft.waxed_copper_golem_statue
in	minecraft:waxed_exposed_copper_golem_statue		block.minecraft.waxed_exposed_copper_golem_statue
in	minecraft:waxed_weathered_copper_golem_statue		block.minecraft.waxed_weathered_copper_golem_statue
in	minecraft:waxed_oxidized_copper_golem_statue		block.minecraft.waxed_oxidized_copper_golem_statue
in	minecraft:infested_stone		block.minecraft.infested_stone
in	minecraft:infested_cobblestone		block.minecraft.infested_cobblestone
in	minecraft:infested_stone_bricks		block.minecraft.infested_stone_bricks
in	minecraft:infested_mossy_stone_bricks		block.minecraft.infested_mossy_stone_bricks
in	minecraft:infested_cracked_stone_bricks		block.minecraft.infested_cracked_stone_bricks
in	minecraft:infested_chiseled_stone_bricks		block.minecraft.infested_chiseled_stone_bricks
in	minecraft:infested_deepslate		block.minecraft.infested_deepslate
in	minecraft:redstone		item.minecraft.redstone
in	minecraft:repeater		block.minecraft.repeater
in	minecraft:comparator		block.minecraft.comparator
in	minecraft:target		block.minecraft.target
in	minecraft:lever		block.minecraft.lever
in	minecraft:calibrated_sculk_sensor		block.minecraft.calibrated_sculk_sensor
in	minecraft:tripwire_hook		block.minecraft.tripwire_hook
in	minecraft:string		item.minecraft.string
in	minecraft:daylight_detector		block.minecraft.daylight_detector
in	minecraft:piston		block.minecraft.piston
in	minecraft:sticky_piston		block.minecraft.sticky_piston
in	minecraft:dispenser		block.minecraft.dispenser
in	minecraft:dropper		block.minecraft.dropper
in	minecraft:crafter		block.minecraft.crafter
in	minecraft:hopper		block.minecraft.hopper
in	minecraft:trapped_chest		block.minecraft.trapped_chest
in	minecraft:observer		block.minecraft.observer
in	minecraft:rail		block.minecraft.rail
in	minecraft:powered_rail		block.minecraft.powered_rail
in	minecraft:detector_rail		block.minecraft.detector_rail
in	minecraft:activator_rail		block.minecraft.activator_rail
in	minecraft:minecart		item.minecraft.minecart
in	minecraft:hopper_minecart		item.minecraft.hopper_minecart
in	minecraft:chest_minecart		item.minecraft.chest_minecart
in	minecraft:furnace_minecart		item.minecraft.furnace_minecart
in	minecraft:tnt_minecart		item.minecraft.tnt_minecart
in	minecraft:oak_chest_boat		item.minecraft.oak_chest_boat
in	minecraft:bamboo_chest_raft		item.minecraft.bamboo_chest_raft
in	minecraft:tnt		block.minecraft.tnt
in	minecraft:wooden_shovel		item.minecraft.wooden_shovel
in	minecraft:wooden_pickaxe		item.minecraft.wooden_pickaxe
in	minecraft:wooden_axe		item.minecraft.wooden_axe
in	minecraft:wooden_hoe		item.minecraft.wooden_hoe
in	minecraft:stone_shovel		item.minecraft.stone_shovel
in	minecraft:stone_pickaxe		item.minecraft.stone_pickaxe
in	minecraft:stone_axe		item.minecraft.stone_axe
in	minecraft:stone_hoe		item.minecraft.stone_hoe
in	minecraft:copper_shovel		item.minecraft.copper_shovel
in	minecraft:copper_pickaxe		item.minecraft.copper_pickaxe
in	minecraft:copper_axe		item.minecraft.copper_axe
in	minecraft:copper_hoe		item.minecraft.copper_hoe
in	minecraft:iron_shovel		item.minecraft.iron_shovel
in	minecraft:iron_pickaxe		item.minecraft.iron_pickaxe
in	minecraft:iron_axe		item.minecraft.iron_axe
in	minecraft:iron_hoe		item.minecraft.iron_hoe
in	minecraft:golden_shovel		item.minecraft.golden_shovel
in	minecraft:golden_pickaxe		item.minecraft.golden_pickaxe
in	minecraft:golden_axe		item.minecraft.golden_axe
in	minecraft:golden_hoe		item.minecraft.golden_hoe
in	minecraft:diamond_shovel		item.minecraft.diamond_shovel
in	minecraft:diamond_pickaxe		item.minecraft.diamond_pickaxe
in	minecraft:diamond_axe		item.minecraft.diamond_axe
in	minecraft:diamond_hoe		item.minecraft.diamond_hoe
in	minecraft:netherite_shovel		item.minecraft.netherite_shovel
in	minecraft:netherite_pickaxe		item.minecraft.netherite_pickaxe
in	minecraft:netherite_axe		item.minecraft.netherite_axe
in	minecraft:netherite_hoe		item.minecraft.netherite_hoe
in	minecraft:bucket		item.minecraft.bucket
in	minecraft:water_bucket		item.minecraft.water_bucket
in	minecraft:cod_bucket		item.minecraft.cod_bucket
in	minecraft:salmon_bucket		item.minecraft.salmon_bucket
in	minecraft:tropical_fish_bucket		item.minecraft.tropical_fish_bucket
in	minecraft:pufferfish_bucket		item.minecraft.pufferfish_bucket
in	minecraft:axolotl_bucket		item.minecraft.axolotl_bucket
in	minecraft:tadpole_bucket		item.minecraft.tadpole_bucket
in	minecraft:sulfur_cube_bucket		item.minecraft.sulfur_cube_bucket
in	minecraft:lava_bucket		item.minecraft.lava_bucket
in	minecraft:powder_snow_bucket		item.minecraft.powder_snow_bucket
in	minecraft:milk_bucket		item.minecraft.milk_bucket
in	minecraft:fishing_rod		item.minecraft.fishing_rod
in	minecraft:flint_and_steel		item.minecraft.flint_and_steel
in	minecraft:fire_charge		item.minecraft.fire_charge
in	minecraft:bone_meal		item.minecraft.bone_meal
in	minecraft:shears		item.minecraft.shears
in	minecraft:brush		item.minecraft.brush
in	minecraft:name_tag		item.minecraft.name_tag
in	minecraft:lead		item.minecraft.lead
in	minecraft:bundle		item.minecraft.bundle
in	minecraft:white_bundle		item.minecraft.white_bundle
in	minecraft:orange_bundle		item.minecraft.orange_bundle
in	minecraft:magenta_bundle		item.minecraft.magenta_bundle
in	minecraft:light_blue_bundle		item.minecraft.light_blue_bundle
in	minecraft:yellow_bundle		item.minecraft.yellow_bundle
in	minecraft:lime_bundle		item.minecraft.lime_bundle
in	minecraft:pink_bundle		item.minecraft.pink_bundle
in	minecraft:gray_bundle		item.minecraft.gray_bundle
in	minecraft:light_gray_bundle		item.minecraft.light_gray_bundle
in	minecraft:cyan_bundle		item.minecraft.cyan_bundle
in	minecraft:purple_bundle		item.minecraft.purple_bundle
in	minecraft:blue_bundle		item.minecraft.blue_bundle
in	minecraft:brown_bundle		item.minecraft.brown_bundle
in	minecraft:green_bundle		item.minecraft.green_bundle
in	minecraft:red_bundle		item.minecraft.red_bundle
in	minecraft:black_bundle		item.minecraft.black_bundle
in	minecraft:compass		item.minecraft.compass
in	minecraft:recovery_compass		item.minecraft.recovery_compass
in	minecraft:clock		item.minecraft.clock
in	minecraft:spyglass		item.minecraft.spyglass
in	minecraft:map		item.minecraft.map
in	minecraft:writable_book		item.minecraft.writable_book
in	minecraft:wind_charge		item.minecraft.wind_charge
in	minecraft:ender_pearl		item.minecraft.ender_pearl
in	minecraft:elytra		item.minecraft.elytra
in	minecraft:firework_rocket		item.minecraft.firework_rocket
in	minecraft:firework_rocket	{"minecraft:fireworks":{flight_duration:2b}}	item.minecraft.firework_rocket
in	minecraft:firework_rocket	{"minecraft:fireworks":{flight_duration:3b}}	item.minecraft.firework_rocket
in	minecraft:saddle		item.minecraft.saddle
in	minecraft:white_harness		item.minecraft.white_harness
in	minecraft:orange_harness		item.minecraft.orange_harness
in	minecraft:magenta_harness		item.minecraft.magenta_harness
in	minecraft:light_blue_harness		item.minecraft.light_blue_harness
in	minecraft:yellow_harness		item.minecraft.yellow_harness
in	minecraft:lime_harness		item.minecraft.lime_harness
in	minecraft:pink_harness		item.minecraft.pink_harness
in	minecraft:gray_harness		item.minecraft.gray_harness
in	minecraft:light_gray_harness		item.minecraft.light_gray_harness
in	minecraft:cyan_harness		item.minecraft.cyan_harness
in	minecraft:purple_harness		item.minecraft.purple_harness
in	minecraft:blue_harness		item.minecraft.blue_harness
in	minecraft:brown_harness		item.minecraft.brown_harness
in	minecraft:green_harness		item.minecraft.green_harness
in	minecraft:red_harness		item.minecraft.red_harness
in	minecraft:black_harness		item.minecraft.black_harness
in	minecraft:carrot_on_a_stick		item.minecraft.carrot_on_a_stick
in	minecraft:warped_fungus_on_a_stick		item.minecraft.warped_fungus_on_a_stick
in	minecraft:oak_boat		item.minecraft.oak_boat
in	minecraft:spruce_boat		item.minecraft.spruce_boat
in	minecraft:spruce_chest_boat		item.minecraft.spruce_chest_boat
in	minecraft:birch_boat		item.minecraft.birch_boat
in	minecraft:birch_chest_boat		item.minecraft.birch_chest_boat
in	minecraft:jungle_boat		item.minecraft.jungle_boat
in	minecraft:jungle_chest_boat		item.minecraft.jungle_chest_boat
in	minecraft:acacia_boat		item.minecraft.acacia_boat
in	minecraft:acacia_chest_boat		item.minecraft.acacia_chest_boat
in	minecraft:dark_oak_boat		item.minecraft.dark_oak_boat
in	minecraft:dark_oak_chest_boat		item.minecraft.dark_oak_chest_boat
in	minecraft:mangrove_boat		item.minecraft.mangrove_boat
in	minecraft:mangrove_chest_boat		item.minecraft.mangrove_chest_boat
in	minecraft:cherry_boat		item.minecraft.cherry_boat
in	minecraft:cherry_chest_boat		item.minecraft.cherry_chest_boat
in	minecraft:pale_oak_boat		item.minecraft.pale_oak_boat
in	minecraft:pale_oak_chest_boat		item.minecraft.pale_oak_chest_boat
in	minecraft:bamboo_raft		item.minecraft.bamboo_raft
in	minecraft:goat_horn		item.minecraft.goat_horn
in	minecraft:goat_horn	{"minecraft:instrument":"minecraft:sing_goat_horn"}	item.minecraft.goat_horn
in	minecraft:goat_horn	{"minecraft:instrument":"minecraft:seek_goat_horn"}	item.minecraft.goat_horn
in	minecraft:goat_horn	{"minecraft:instrument":"minecraft:feel_goat_horn"}	item.minecraft.goat_horn
in	minecraft:goat_horn	{"minecraft:instrument":"minecraft:admire_goat_horn"}	item.minecraft.goat_horn
in	minecraft:goat_horn	{"minecraft:instrument":"minecraft:call_goat_horn"}	item.minecraft.goat_horn
in	minecraft:goat_horn	{"minecraft:instrument":"minecraft:yearn_goat_horn"}	item.minecraft.goat_horn
in	minecraft:goat_horn	{"minecraft:instrument":"minecraft:dream_goat_horn"}	item.minecraft.goat_horn
in	minecraft:music_disc_13		item.minecraft.music_disc_13
in	minecraft:music_disc_cat		item.minecraft.music_disc_cat
in	minecraft:music_disc_blocks		item.minecraft.music_disc_blocks
in	minecraft:music_disc_chirp		item.minecraft.music_disc_chirp
in	minecraft:music_disc_far		item.minecraft.music_disc_far
in	minecraft:music_disc_mall		item.minecraft.music_disc_mall
in	minecraft:music_disc_mellohi		item.minecraft.music_disc_mellohi
in	minecraft:music_disc_stal		item.minecraft.music_disc_stal
in	minecraft:music_disc_strad		item.minecraft.music_disc_strad
in	minecraft:music_disc_ward		item.minecraft.music_disc_ward
in	minecraft:music_disc_11		item.minecraft.music_disc_11
in	minecraft:music_disc_creator_music_box		item.minecraft.music_disc_creator_music_box
in	minecraft:music_disc_wait		item.minecraft.music_disc_wait
in	minecraft:music_disc_creator		item.minecraft.music_disc_creator
in	minecraft:music_disc_precipice		item.minecraft.music_disc_precipice
in	minecraft:music_disc_otherside		item.minecraft.music_disc_otherside
in	minecraft:music_disc_relic		item.minecraft.music_disc_relic
in	minecraft:music_disc_5		item.minecraft.music_disc_5
in	minecraft:music_disc_pigstep		item.minecraft.music_disc_pigstep
in	minecraft:music_disc_tears		item.minecraft.music_disc_tears
in	minecraft:music_disc_lava_chicken		item.minecraft.music_disc_lava_chicken
in	minecraft:music_disc_bounce		item.minecraft.music_disc_bounce
in	minecraft:wooden_sword		item.minecraft.wooden_sword
in	minecraft:stone_sword		item.minecraft.stone_sword
in	minecraft:copper_sword		item.minecraft.copper_sword
in	minecraft:iron_sword		item.minecraft.iron_sword
in	minecraft:golden_sword		item.minecraft.golden_sword
in	minecraft:diamond_sword		item.minecraft.diamond_sword
in	minecraft:netherite_sword		item.minecraft.netherite_sword
in	minecraft:wooden_spear		item.minecraft.wooden_spear
in	minecraft:stone_spear		item.minecraft.stone_spear
in	minecraft:copper_spear		item.minecraft.copper_spear
in	minecraft:iron_spear		item.minecraft.iron_spear
in	minecraft:golden_spear		item.minecraft.golden_spear
in	minecraft:diamond_spear		item.minecraft.diamond_spear
in	minecraft:netherite_spear		item.minecraft.netherite_spear
in	minecraft:trident		item.minecraft.trident
in	minecraft:mace		item.minecraft.mace
in	minecraft:shield		item.minecraft.shield
in	minecraft:leather_helmet		item.minecraft.leather_helmet
in	minecraft:leather_chestplate		item.minecraft.leather_chestplate
in	minecraft:leather_leggings		item.minecraft.leather_leggings
in	minecraft:leather_boots		item.minecraft.leather_boots
in	minecraft:copper_helmet		item.minecraft.copper_helmet
in	minecraft:copper_chestplate		item.minecraft.copper_chestplate
in	minecraft:copper_leggings		item.minecraft.copper_leggings
in	minecraft:copper_boots		item.minecraft.copper_boots
in	minecraft:chainmail_helmet		item.minecraft.chainmail_helmet
in	minecraft:chainmail_chestplate		item.minecraft.chainmail_chestplate
in	minecraft:chainmail_leggings		item.minecraft.chainmail_leggings
in	minecraft:chainmail_boots		item.minecraft.chainmail_boots
in	minecraft:iron_helmet		item.minecraft.iron_helmet
in	minecraft:iron_chestplate		item.minecraft.iron_chestplate
in	minecraft:iron_leggings		item.minecraft.iron_leggings
in	minecraft:iron_boots		item.minecraft.iron_boots
in	minecraft:golden_helmet		item.minecraft.golden_helmet
in	minecraft:golden_chestplate		item.minecraft.golden_chestplate
in	minecraft:golden_leggings		item.minecraft.golden_leggings
in	minecraft:golden_boots		item.minecraft.golden_boots
in	minecraft:diamond_helmet		item.minecraft.diamond_helmet
in	minecraft:diamond_chestplate		item.minecraft.diamond_chestplate
in	minecraft:diamond_leggings		item.minecraft.diamond_leggings
in	minecraft:diamond_boots		item.minecraft.diamond_boots
in	minecraft:netherite_helmet		item.minecraft.netherite_helmet
in	minecraft:netherite_chestplate		item.minecraft.netherite_chestplate
in	minecraft:netherite_leggings		item.minecraft.netherite_leggings
in	minecraft:netherite_boots		item.minecraft.netherite_boots
in	minecraft:turtle_helmet		item.minecraft.turtle_helmet
in	minecraft:leather_horse_armor		item.minecraft.leather_horse_armor
in	minecraft:copper_horse_armor		item.minecraft.copper_horse_armor
in	minecraft:iron_horse_armor		item.minecraft.iron_horse_armor
in	minecraft:golden_horse_armor		item.minecraft.golden_horse_armor
in	minecraft:diamond_horse_armor		item.minecraft.diamond_horse_armor
in	minecraft:netherite_horse_armor		item.minecraft.netherite_horse_armor
in	minecraft:wolf_armor		item.minecraft.wolf_armor
in	minecraft:copper_nautilus_armor		item.minecraft.copper_nautilus_armor
in	minecraft:iron_nautilus_armor		item.minecraft.iron_nautilus_armor
in	minecraft:golden_nautilus_armor		item.minecraft.golden_nautilus_armor
in	minecraft:diamond_nautilus_armor		item.minecraft.diamond_nautilus_armor
in	minecraft:netherite_nautilus_armor		item.minecraft.netherite_nautilus_armor
in	minecraft:totem_of_undying		item.minecraft.totem_of_undying
in	minecraft:snowball		item.minecraft.snowball
in	minecraft:egg		item.minecraft.egg
in	minecraft:brown_egg		item.minecraft.brown_egg
in	minecraft:blue_egg		item.minecraft.blue_egg
in	minecraft:bow		item.minecraft.bow
in	minecraft:crossbow		item.minecraft.crossbow
in	minecraft:arrow		item.minecraft.arrow
in	minecraft:spectral_arrow		item.minecraft.spectral_arrow
in	minecraft:tipped_arrow	{"minecraft:potion_contents":{potion:"minecraft:water"}}	item.minecraft.tipped_arrow.effect.water
in	minecraft:tipped_arrow	{"minecraft:potion_contents":{potion:"minecraft:mundane"}}	item.minecraft.tipped_arrow.effect.mundane
in	minecraft:tipped_arrow	{"minecraft:potion_contents":{potion:"minecraft:thick"}}	item.minecraft.tipped_arrow.effect.thick
in	minecraft:tipped_arrow	{"minecraft:potion_contents":{potion:"minecraft:awkward"}}	item.minecraft.tipped_arrow.effect.awkward
in	minecraft:tipped_arrow	{"minecraft:potion_contents":{potion:"minecraft:night_vision"}}	item.minecraft.tipped_arrow.effect.night_vision
in	minecraft:tipped_arrow	{"minecraft:potion_contents":{potion:"minecraft:long_night_vision"}}	item.minecraft.tipped_arrow.effect.night_vision
in	minecraft:tipped_arrow	{"minecraft:potion_contents":{potion:"minecraft:invisibility"}}	item.minecraft.tipped_arrow.effect.invisibility
in	minecraft:tipped_arrow	{"minecraft:potion_contents":{potion:"minecraft:long_invisibility"}}	item.minecraft.tipped_arrow.effect.invisibility
in	minecraft:tipped_arrow	{"minecraft:potion_contents":{potion:"minecraft:leaping"}}	item.minecraft.tipped_arrow.effect.leaping
in	minecraft:tipped_arrow	{"minecraft:potion_contents":{potion:"minecraft:long_leaping"}}	item.minecraft.tipped_arrow.effect.leaping
in	minecraft:tipped_arrow	{"minecraft:potion_contents":{potion:"minecraft:strong_leaping"}}	item.minecraft.tipped_arrow.effect.leaping
in	minecraft:tipped_arrow	{"minecraft:potion_contents":{potion:"minecraft:fire_resistance"}}	item.minecraft.tipped_arrow.effect.fire_resistance
in	minecraft:tipped_arrow	{"minecraft:potion_contents":{potion:"minecraft:long_fire_resistance"}}	item.minecraft.tipped_arrow.effect.fire_resistance
in	minecraft:tipped_arrow	{"minecraft:potion_contents":{potion:"minecraft:swiftness"}}	item.minecraft.tipped_arrow.effect.swiftness
in	minecraft:tipped_arrow	{"minecraft:potion_contents":{potion:"minecraft:long_swiftness"}}	item.minecraft.tipped_arrow.effect.swiftness
in	minecraft:tipped_arrow	{"minecraft:potion_contents":{potion:"minecraft:strong_swiftness"}}	item.minecraft.tipped_arrow.effect.swiftness
in	minecraft:tipped_arrow	{"minecraft:potion_contents":{potion:"minecraft:slowness"}}	item.minecraft.tipped_arrow.effect.slowness
in	minecraft:tipped_arrow	{"minecraft:potion_contents":{potion:"minecraft:long_slowness"}}	item.minecraft.tipped_arrow.effect.slowness
in	minecraft:tipped_arrow	{"minecraft:potion_contents":{potion:"minecraft:strong_slowness"}}	item.minecraft.tipped_arrow.effect.slowness
in	minecraft:tipped_arrow	{"minecraft:potion_contents":{potion:"minecraft:turtle_master"}}	item.minecraft.tipped_arrow.effect.turtle_master
in	minecraft:tipped_arrow	{"minecraft:potion_contents":{potion:"minecraft:long_turtle_master"}}	item.minecraft.tipped_arrow.effect.turtle_master
in	minecraft:tipped_arrow	{"minecraft:potion_contents":{potion:"minecraft:strong_turtle_master"}}	item.minecraft.tipped_arrow.effect.turtle_master
in	minecraft:tipped_arrow	{"minecraft:potion_contents":{potion:"minecraft:water_breathing"}}	item.minecraft.tipped_arrow.effect.water_breathing
in	minecraft:tipped_arrow	{"minecraft:potion_contents":{potion:"minecraft:long_water_breathing"}}	item.minecraft.tipped_arrow.effect.water_breathing
in	minecraft:tipped_arrow	{"minecraft:potion_contents":{potion:"minecraft:healing"}}	item.minecraft.tipped_arrow.effect.healing
in	minecraft:tipped_arrow	{"minecraft:potion_contents":{potion:"minecraft:strong_healing"}}	item.minecraft.tipped_arrow.effect.healing
in	minecraft:tipped_arrow	{"minecraft:potion_contents":{potion:"minecraft:harming"}}	item.minecraft.tipped_arrow.effect.harming
in	minecraft:tipped_arrow	{"minecraft:potion_contents":{potion:"minecraft:strong_harming"}}	item.minecraft.tipped_arrow.effect.harming
in	minecraft:tipped_arrow	{"minecraft:potion_contents":{potion:"minecraft:poison"}}	item.minecraft.tipped_arrow.effect.poison
in	minecraft:tipped_arrow	{"minecraft:potion_contents":{potion:"minecraft:long_poison"}}	item.minecraft.tipped_arrow.effect.poison
in	minecraft:tipped_arrow	{"minecraft:potion_contents":{potion:"minecraft:strong_poison"}}	item.minecraft.tipped_arrow.effect.poison
in	minecraft:tipped_arrow	{"minecraft:potion_contents":{potion:"minecraft:regeneration"}}	item.minecraft.tipped_arrow.effect.regeneration
in	minecraft:tipped_arrow	{"minecraft:potion_contents":{potion:"minecraft:long_regeneration"}}	item.minecraft.tipped_arrow.effect.regeneration
in	minecraft:tipped_arrow	{"minecraft:potion_contents":{potion:"minecraft:strong_regeneration"}}	item.minecraft.tipped_arrow.effect.regeneration
in	minecraft:tipped_arrow	{"minecraft:potion_contents":{potion:"minecraft:strength"}}	item.minecraft.tipped_arrow.effect.strength
in	minecraft:tipped_arrow	{"minecraft:potion_contents":{potion:"minecraft:long_strength"}}	item.minecraft.tipped_arrow.effect.strength
in	minecraft:tipped_arrow	{"minecraft:potion_contents":{potion:"minecraft:strong_strength"}}	item.minecraft.tipped_arrow.effect.strength
in	minecraft:tipped_arrow	{"minecraft:potion_contents":{potion:"minecraft:weakness"}}	item.minecraft.tipped_arrow.effect.weakness
in	minecraft:tipped_arrow	{"minecraft:potion_contents":{potion:"minecraft:long_weakness"}}	item.minecraft.tipped_arrow.effect.weakness
in	minecraft:tipped_arrow	{"minecraft:potion_contents":{potion:"minecraft:luck"}}	item.minecraft.tipped_arrow.effect.luck
in	minecraft:tipped_arrow	{"minecraft:potion_contents":{potion:"minecraft:slow_falling"}}	item.minecraft.tipped_arrow.effect.slow_falling
in	minecraft:tipped_arrow	{"minecraft:potion_contents":{potion:"minecraft:long_slow_falling"}}	item.minecraft.tipped_arrow.effect.slow_falling
in	minecraft:tipped_arrow	{"minecraft:potion_contents":{potion:"minecraft:wind_charged"}}	item.minecraft.tipped_arrow.effect.wind_charged
in	minecraft:tipped_arrow	{"minecraft:potion_contents":{potion:"minecraft:weaving"}}	item.minecraft.tipped_arrow.effect.weaving
in	minecraft:tipped_arrow	{"minecraft:potion_contents":{potion:"minecraft:oozing"}}	item.minecraft.tipped_arrow.effect.oozing
in	minecraft:tipped_arrow	{"minecraft:potion_contents":{potion:"minecraft:infested"}}	item.minecraft.tipped_arrow.effect.infested
in	minecraft:apple		item.minecraft.apple
in	minecraft:golden_apple		item.minecraft.golden_apple
in	minecraft:enchanted_golden_apple		item.minecraft.enchanted_golden_apple
in	minecraft:melon_slice		item.minecraft.melon_slice
in	minecraft:chorus_fruit		item.minecraft.chorus_fruit
in	minecraft:carrot		item.minecraft.carrot
in	minecraft:golden_carrot		item.minecraft.golden_carrot
in	minecraft:potato		item.minecraft.potato
in	minecraft:baked_potato		item.minecraft.baked_potato
in	minecraft:poisonous_potato		item.minecraft.poisonous_potato
in	minecraft:beetroot		item.minecraft.beetroot
in	minecraft:golden_dandelion		block.minecraft.golden_dandelion
in	minecraft:dried_kelp		item.minecraft.dried_kelp
in	minecraft:beef		item.minecraft.beef
in	minecraft:cooked_beef		item.minecraft.cooked_beef
in	minecraft:porkchop		item.minecraft.porkchop
in	minecraft:cooked_porkchop		item.minecraft.cooked_porkchop
in	minecraft:mutton		item.minecraft.mutton
in	minecraft:cooked_mutton		item.minecraft.cooked_mutton
in	minecraft:chicken		item.minecraft.chicken
in	minecraft:cooked_chicken		item.minecraft.cooked_chicken
in	minecraft:rabbit		item.minecraft.rabbit
in	minecraft:cooked_rabbit		item.minecraft.cooked_rabbit
in	minecraft:cod		item.minecraft.cod
in	minecraft:cooked_cod		item.minecraft.cooked_cod
in	minecraft:salmon		item.minecraft.salmon
in	minecraft:cooked_salmon		item.minecraft.cooked_salmon
in	minecraft:tropical_fish		item.minecraft.tropical_fish
in	minecraft:pufferfish		item.minecraft.pufferfish
in	minecraft:bread		item.minecraft.bread
in	minecraft:cookie		item.minecraft.cookie
in	minecraft:cake		block.minecraft.cake
in	minecraft:pumpkin_pie		item.minecraft.pumpkin_pie
in	minecraft:rotten_flesh		item.minecraft.rotten_flesh
in	minecraft:spider_eye		item.minecraft.spider_eye
in	minecraft:mushroom_stew		item.minecraft.mushroom_stew
in	minecraft:beetroot_soup		item.minecraft.beetroot_soup
in	minecraft:rabbit_stew		item.minecraft.rabbit_stew
in	minecraft:suspicious_stew	{"minecraft:suspicious_stew_effects":[{duration:7,id:"minecraft:saturation"}]}	item.minecraft.suspicious_stew
in	minecraft:suspicious_stew	{"minecraft:suspicious_stew_effects":[{duration:220,id:"minecraft:blindness"}]}	item.minecraft.suspicious_stew
in	minecraft:suspicious_stew	{"minecraft:suspicious_stew_effects":[{duration:140,id:"minecraft:nausea"}]}	item.minecraft.suspicious_stew
in	minecraft:suspicious_stew	{"minecraft:suspicious_stew_effects":[{duration:100,id:"minecraft:night_vision"}]}	item.minecraft.suspicious_stew
in	minecraft:suspicious_stew	{"minecraft:suspicious_stew_effects":[{duration:60,id:"minecraft:fire_resistance"}]}	item.minecraft.suspicious_stew
in	minecraft:suspicious_stew	{"minecraft:suspicious_stew_effects":[{duration:140,id:"minecraft:weakness"}]}	item.minecraft.suspicious_stew
in	minecraft:suspicious_stew	{"minecraft:suspicious_stew_effects":[{duration:140,id:"minecraft:regeneration"}]}	item.minecraft.suspicious_stew
in	minecraft:suspicious_stew	{"minecraft:suspicious_stew_effects":[{duration:100,id:"minecraft:jump_boost"}]}	item.minecraft.suspicious_stew
in	minecraft:suspicious_stew	{"minecraft:suspicious_stew_effects":[{duration:220,id:"minecraft:poison"}]}	item.minecraft.suspicious_stew
in	minecraft:suspicious_stew	{"minecraft:suspicious_stew_effects":[{duration:140,id:"minecraft:wither"}]}	item.minecraft.suspicious_stew
in	minecraft:honey_bottle		item.minecraft.honey_bottle
in	minecraft:ominous_bottle		item.minecraft.ominous_bottle
in	minecraft:ominous_bottle	{"minecraft:ominous_bottle_amplifier":1}	item.minecraft.ominous_bottle
in	minecraft:ominous_bottle	{"minecraft:ominous_bottle_amplifier":2}	item.minecraft.ominous_bottle
in	minecraft:ominous_bottle	{"minecraft:ominous_bottle_amplifier":3}	item.minecraft.ominous_bottle
in	minecraft:ominous_bottle	{"minecraft:ominous_bottle_amplifier":4}	item.minecraft.ominous_bottle
in	minecraft:potion	{"minecraft:potion_contents":{potion:"minecraft:water"}}	item.minecraft.potion.effect.water
in	minecraft:potion	{"minecraft:potion_contents":{potion:"minecraft:mundane"}}	item.minecraft.potion.effect.mundane
in	minecraft:potion	{"minecraft:potion_contents":{potion:"minecraft:thick"}}	item.minecraft.potion.effect.thick
in	minecraft:potion	{"minecraft:potion_contents":{potion:"minecraft:awkward"}}	item.minecraft.potion.effect.awkward
in	minecraft:potion	{"minecraft:potion_contents":{potion:"minecraft:night_vision"}}	item.minecraft.potion.effect.night_vision
in	minecraft:potion	{"minecraft:potion_contents":{potion:"minecraft:long_night_vision"}}	item.minecraft.potion.effect.night_vision
in	minecraft:potion	{"minecraft:potion_contents":{potion:"minecraft:invisibility"}}	item.minecraft.potion.effect.invisibility
in	minecraft:potion	{"minecraft:potion_contents":{potion:"minecraft:long_invisibility"}}	item.minecraft.potion.effect.invisibility
in	minecraft:potion	{"minecraft:potion_contents":{potion:"minecraft:leaping"}}	item.minecraft.potion.effect.leaping
in	minecraft:potion	{"minecraft:potion_contents":{potion:"minecraft:long_leaping"}}	item.minecraft.potion.effect.leaping
in	minecraft:potion	{"minecraft:potion_contents":{potion:"minecraft:strong_leaping"}}	item.minecraft.potion.effect.leaping
in	minecraft:potion	{"minecraft:potion_contents":{potion:"minecraft:fire_resistance"}}	item.minecraft.potion.effect.fire_resistance
in	minecraft:potion	{"minecraft:potion_contents":{potion:"minecraft:long_fire_resistance"}}	item.minecraft.potion.effect.fire_resistance
in	minecraft:potion	{"minecraft:potion_contents":{potion:"minecraft:swiftness"}}	item.minecraft.potion.effect.swiftness
in	minecraft:potion	{"minecraft:potion_contents":{potion:"minecraft:long_swiftness"}}	item.minecraft.potion.effect.swiftness
in	minecraft:potion	{"minecraft:potion_contents":{potion:"minecraft:strong_swiftness"}}	item.minecraft.potion.effect.swiftness
in	minecraft:potion	{"minecraft:potion_contents":{potion:"minecraft:slowness"}}	item.minecraft.potion.effect.slowness
in	minecraft:potion	{"minecraft:potion_contents":{potion:"minecraft:long_slowness"}}	item.minecraft.potion.effect.slowness
in	minecraft:potion	{"minecraft:potion_contents":{potion:"minecraft:strong_slowness"}}	item.minecraft.potion.effect.slowness
in	minecraft:potion	{"minecraft:potion_contents":{potion:"minecraft:turtle_master"}}	item.minecraft.potion.effect.turtle_master
in	minecraft:potion	{"minecraft:potion_contents":{potion:"minecraft:long_turtle_master"}}	item.minecraft.potion.effect.turtle_master
in	minecraft:potion	{"minecraft:potion_contents":{potion:"minecraft:strong_turtle_master"}}	item.minecraft.potion.effect.turtle_master
in	minecraft:potion	{"minecraft:potion_contents":{potion:"minecraft:water_breathing"}}	item.minecraft.potion.effect.water_breathing
in	minecraft:potion	{"minecraft:potion_contents":{potion:"minecraft:long_water_breathing"}}	item.minecraft.potion.effect.water_breathing
in	minecraft:potion	{"minecraft:potion_contents":{potion:"minecraft:healing"}}	item.minecraft.potion.effect.healing
in	minecraft:potion	{"minecraft:potion_contents":{potion:"minecraft:strong_healing"}}	item.minecraft.potion.effect.healing
in	minecraft:potion	{"minecraft:potion_contents":{potion:"minecraft:harming"}}	item.minecraft.potion.effect.harming
in	minecraft:potion	{"minecraft:potion_contents":{potion:"minecraft:strong_harming"}}	item.minecraft.potion.effect.harming
in	minecraft:potion	{"minecraft:potion_contents":{potion:"minecraft:poison"}}	item.minecraft.potion.effect.poison
in	minecraft:potion	{"minecraft:potion_contents":{potion:"minecraft:long_poison"}}	item.minecraft.potion.effect.poison
in	minecraft:potion	{"minecraft:potion_contents":{potion:"minecraft:strong_poison"}}	item.minecraft.potion.effect.poison
in	minecraft:potion	{"minecraft:potion_contents":{potion:"minecraft:regeneration"}}	item.minecraft.potion.effect.regeneration
in	minecraft:potion	{"minecraft:potion_contents":{potion:"minecraft:long_regeneration"}}	item.minecraft.potion.effect.regeneration
in	minecraft:potion	{"minecraft:potion_contents":{potion:"minecraft:strong_regeneration"}}	item.minecraft.potion.effect.regeneration
in	minecraft:potion	{"minecraft:potion_contents":{potion:"minecraft:strength"}}	item.minecraft.potion.effect.strength
in	minecraft:potion	{"minecraft:potion_contents":{potion:"minecraft:long_strength"}}	item.minecraft.potion.effect.strength
in	minecraft:potion	{"minecraft:potion_contents":{potion:"minecraft:strong_strength"}}	item.minecraft.potion.effect.strength
in	minecraft:potion	{"minecraft:potion_contents":{potion:"minecraft:weakness"}}	item.minecraft.potion.effect.weakness
in	minecraft:potion	{"minecraft:potion_contents":{potion:"minecraft:long_weakness"}}	item.minecraft.potion.effect.weakness
in	minecraft:potion	{"minecraft:potion_contents":{potion:"minecraft:luck"}}	item.minecraft.potion.effect.luck
in	minecraft:potion	{"minecraft:potion_contents":{potion:"minecraft:slow_falling"}}	item.minecraft.potion.effect.slow_falling
in	minecraft:potion	{"minecraft:potion_contents":{potion:"minecraft:long_slow_falling"}}	item.minecraft.potion.effect.slow_falling
in	minecraft:potion	{"minecraft:potion_contents":{potion:"minecraft:wind_charged"}}	item.minecraft.potion.effect.wind_charged
in	minecraft:potion	{"minecraft:potion_contents":{potion:"minecraft:weaving"}}	item.minecraft.potion.effect.weaving
in	minecraft:potion	{"minecraft:potion_contents":{potion:"minecraft:oozing"}}	item.minecraft.potion.effect.oozing
in	minecraft:potion	{"minecraft:potion_contents":{potion:"minecraft:infested"}}	item.minecraft.potion.effect.infested
in	minecraft:splash_potion	{"minecraft:potion_contents":{potion:"minecraft:water"}}	item.minecraft.splash_potion.effect.water
in	minecraft:splash_potion	{"minecraft:potion_contents":{potion:"minecraft:mundane"}}	item.minecraft.splash_potion.effect.mundane
in	minecraft:splash_potion	{"minecraft:potion_contents":{potion:"minecraft:thick"}}	item.minecraft.splash_potion.effect.thick
in	minecraft:splash_potion	{"minecraft:potion_contents":{potion:"minecraft:awkward"}}	item.minecraft.splash_potion.effect.awkward
in	minecraft:splash_potion	{"minecraft:potion_contents":{potion:"minecraft:night_vision"}}	item.minecraft.splash_potion.effect.night_vision
in	minecraft:splash_potion	{"minecraft:potion_contents":{potion:"minecraft:long_night_vision"}}	item.minecraft.splash_potion.effect.night_vision
in	minecraft:splash_potion	{"minecraft:potion_contents":{potion:"minecraft:invisibility"}}	item.minecraft.splash_potion.effect.invisibility
in	minecraft:splash_potion	{"minecraft:potion_contents":{potion:"minecraft:long_invisibility"}}	item.minecraft.splash_potion.effect.invisibility
in	minecraft:splash_potion	{"minecraft:potion_contents":{potion:"minecraft:leaping"}}	item.minecraft.splash_potion.effect.leaping
in	minecraft:splash_potion	{"minecraft:potion_contents":{potion:"minecraft:long_leaping"}}	item.minecraft.splash_potion.effect.leaping
in	minecraft:splash_potion	{"minecraft:potion_contents":{potion:"minecraft:strong_leaping"}}	item.minecraft.splash_potion.effect.leaping
in	minecraft:splash_potion	{"minecraft:potion_contents":{potion:"minecraft:fire_resistance"}}	item.minecraft.splash_potion.effect.fire_resistance
in	minecraft:splash_potion	{"minecraft:potion_contents":{potion:"minecraft:long_fire_resistance"}}	item.minecraft.splash_potion.effect.fire_resistance
in	minecraft:splash_potion	{"minecraft:potion_contents":{potion:"minecraft:swiftness"}}	item.minecraft.splash_potion.effect.swiftness
in	minecraft:splash_potion	{"minecraft:potion_contents":{potion:"minecraft:long_swiftness"}}	item.minecraft.splash_potion.effect.swiftness
in	minecraft:splash_potion	{"minecraft:potion_contents":{potion:"minecraft:strong_swiftness"}}	item.minecraft.splash_potion.effect.swiftness
in	minecraft:splash_potion	{"minecraft:potion_contents":{potion:"minecraft:slowness"}}	item.minecraft.splash_potion.effect.slowness
in	minecraft:splash_potion	{"minecraft:potion_contents":{potion:"minecraft:long_slowness"}}	item.minecraft.splash_potion.effect.slowness
in	minecraft:splash_potion	{"minecraft:potion_contents":{potion:"minecraft:strong_slowness"}}	item.minecraft.splash_potion.effect.slowness
in	minecraft:splash_potion	{"minecraft:potion_contents":{potion:"minecraft:turtle_master"}}	item.minecraft.splash_potion.effect.turtle_master
in	minecraft:splash_potion	{"minecraft:potion_contents":{potion:"minecraft:long_turtle_master"}}	item.minecraft.splash_potion.effect.turtle_master
in	minecraft:splash_potion	{"minecraft:potion_contents":{potion:"minecraft:strong_turtle_master"}}	item.minecraft.splash_potion.effect.turtle_master
in	minecraft:splash_potion	{"minecraft:potion_contents":{potion:"minecraft:water_breathing"}}	item.minecraft.splash_potion.effect.water_breathing
in	minecraft:splash_potion	{"minecraft:potion_contents":{potion:"minecraft:long_water_breathing"}}	item.minecraft.splash_potion.effect.water_breathing
in	minecraft:splash_potion	{"minecraft:potion_contents":{potion:"minecraft:healing"}}	item.minecraft.splash_potion.effect.healing
in	minecraft:splash_potion	{"minecraft:potion_contents":{potion:"minecraft:strong_healing"}}	item.minecraft.splash_potion.effect.healing
in	minecraft:splash_potion	{"minecraft:potion_contents":{potion:"minecraft:harming"}}	item.minecraft.splash_potion.effect.harming
in	minecraft:splash_potion	{"minecraft:potion_contents":{potion:"minecraft:strong_harming"}}	item.minecraft.splash_potion.effect.harming
in	minecraft:splash_potion	{"minecraft:potion_contents":{potion:"minecraft:poison"}}	item.minecraft.splash_potion.effect.poison
in	minecraft:splash_potion	{"minecraft:potion_contents":{potion:"minecraft:long_poison"}}	item.minecraft.splash_potion.effect.poison
in	minecraft:splash_potion	{"minecraft:potion_contents":{potion:"minecraft:strong_poison"}}	item.minecraft.splash_potion.effect.poison
in	minecraft:splash_potion	{"minecraft:potion_contents":{potion:"minecraft:regeneration"}}	item.minecraft.splash_potion.effect.regeneration
in	minecraft:splash_potion	{"minecraft:potion_contents":{potion:"minecraft:long_regeneration"}}	item.minecraft.splash_potion.effect.regeneration
in	minecraft:splash_potion	{"minecraft:potion_contents":{potion:"minecraft:strong_regeneration"}}	item.minecraft.splash_potion.effect.regeneration
in	minecraft:splash_potion	{"minecraft:potion_contents":{potion:"minecraft:strength"}}	item.minecraft.splash_potion.effect.strength
in	minecraft:splash_potion	{"minecraft:potion_contents":{potion:"minecraft:long_strength"}}	item.minecraft.splash_potion.effect.strength
in	minecraft:splash_potion	{"minecraft:potion_contents":{potion:"minecraft:strong_strength"}}	item.minecraft.splash_potion.effect.strength
in	minecraft:splash_potion	{"minecraft:potion_contents":{potion:"minecraft:weakness"}}	item.minecraft.splash_potion.effect.weakness
in	minecraft:splash_potion	{"minecraft:potion_contents":{potion:"minecraft:long_weakness"}}	item.minecraft.splash_potion.effect.weakness
in	minecraft:splash_potion	{"minecraft:potion_contents":{potion:"minecraft:luck"}}	item.minecraft.splash_potion.effect.luck
in	minecraft:splash_potion	{"minecraft:potion_contents":{potion:"minecraft:slow_falling"}}	item.minecraft.splash_potion.effect.slow_falling
in	minecraft:splash_potion	{"minecraft:potion_contents":{potion:"minecraft:long_slow_falling"}}	item.minecraft.splash_potion.effect.slow_falling
in	minecraft:splash_potion	{"minecraft:potion_contents":{potion:"minecraft:wind_charged"}}	item.minecraft.splash_potion.effect.wind_charged
in	minecraft:splash_potion	{"minecraft:potion_contents":{potion:"minecraft:weaving"}}	item.minecraft.splash_potion.effect.weaving
in	minecraft:splash_potion	{"minecraft:potion_contents":{potion:"minecraft:oozing"}}	item.minecraft.splash_potion.effect.oozing
in	minecraft:splash_potion	{"minecraft:potion_contents":{potion:"minecraft:infested"}}	item.minecraft.splash_potion.effect.infested
in	minecraft:lingering_potion	{"minecraft:potion_contents":{potion:"minecraft:water"}}	item.minecraft.lingering_potion.effect.water
in	minecraft:lingering_potion	{"minecraft:potion_contents":{potion:"minecraft:mundane"}}	item.minecraft.lingering_potion.effect.mundane
in	minecraft:lingering_potion	{"minecraft:potion_contents":{potion:"minecraft:thick"}}	item.minecraft.lingering_potion.effect.thick
in	minecraft:lingering_potion	{"minecraft:potion_contents":{potion:"minecraft:awkward"}}	item.minecraft.lingering_potion.effect.awkward
in	minecraft:lingering_potion	{"minecraft:potion_contents":{potion:"minecraft:night_vision"}}	item.minecraft.lingering_potion.effect.night_vision
in	minecraft:lingering_potion	{"minecraft:potion_contents":{potion:"minecraft:long_night_vision"}}	item.minecraft.lingering_potion.effect.night_vision
in	minecraft:lingering_potion	{"minecraft:potion_contents":{potion:"minecraft:invisibility"}}	item.minecraft.lingering_potion.effect.invisibility
in	minecraft:lingering_potion	{"minecraft:potion_contents":{potion:"minecraft:long_invisibility"}}	item.minecraft.lingering_potion.effect.invisibility
in	minecraft:lingering_potion	{"minecraft:potion_contents":{potion:"minecraft:leaping"}}	item.minecraft.lingering_potion.effect.leaping
in	minecraft:lingering_potion	{"minecraft:potion_contents":{potion:"minecraft:long_leaping"}}	item.minecraft.lingering_potion.effect.leaping
in	minecraft:lingering_potion	{"minecraft:potion_contents":{potion:"minecraft:strong_leaping"}}	item.minecraft.lingering_potion.effect.leaping
in	minecraft:lingering_potion	{"minecraft:potion_contents":{potion:"minecraft:fire_resistance"}}	item.minecraft.lingering_potion.effect.fire_resistance
in	minecraft:lingering_potion	{"minecraft:potion_contents":{potion:"minecraft:long_fire_resistance"}}	item.minecraft.lingering_potion.effect.fire_resistance
in	minecraft:lingering_potion	{"minecraft:potion_contents":{potion:"minecraft:swiftness"}}	item.minecraft.lingering_potion.effect.swiftness
in	minecraft:lingering_potion	{"minecraft:potion_contents":{potion:"minecraft:long_swiftness"}}	item.minecraft.lingering_potion.effect.swiftness
in	minecraft:lingering_potion	{"minecraft:potion_contents":{potion:"minecraft:strong_swiftness"}}	item.minecraft.lingering_potion.effect.swiftness
in	minecraft:lingering_potion	{"minecraft:potion_contents":{potion:"minecraft:slowness"}}	item.minecraft.lingering_potion.effect.slowness
in	minecraft:lingering_potion	{"minecraft:potion_contents":{potion:"minecraft:long_slowness"}}	item.minecraft.lingering_potion.effect.slowness
in	minecraft:lingering_potion	{"minecraft:potion_contents":{potion:"minecraft:strong_slowness"}}	item.minecraft.lingering_potion.effect.slowness
in	minecraft:lingering_potion	{"minecraft:potion_contents":{potion:"minecraft:turtle_master"}}	item.minecraft.lingering_potion.effect.turtle_master
in	minecraft:lingering_potion	{"minecraft:potion_contents":{potion:"minecraft:long_turtle_master"}}	item.minecraft.lingering_potion.effect.turtle_master
in	minecraft:lingering_potion	{"minecraft:potion_contents":{potion:"minecraft:strong_turtle_master"}}	item.minecraft.lingering_potion.effect.turtle_master
in	minecraft:lingering_potion	{"minecraft:potion_contents":{potion:"minecraft:water_breathing"}}	item.minecraft.lingering_potion.effect.water_breathing
in	minecraft:lingering_potion	{"minecraft:potion_contents":{potion:"minecraft:long_water_breathing"}}	item.minecraft.lingering_potion.effect.water_breathing
in	minecraft:lingering_potion	{"minecraft:potion_contents":{potion:"minecraft:healing"}}	item.minecraft.lingering_potion.effect.healing
in	minecraft:lingering_potion	{"minecraft:potion_contents":{potion:"minecraft:strong_healing"}}	item.minecraft.lingering_potion.effect.healing
in	minecraft:lingering_potion	{"minecraft:potion_contents":{potion:"minecraft:harming"}}	item.minecraft.lingering_potion.effect.harming
in	minecraft:lingering_potion	{"minecraft:potion_contents":{potion:"minecraft:strong_harming"}}	item.minecraft.lingering_potion.effect.harming
in	minecraft:lingering_potion	{"minecraft:potion_contents":{potion:"minecraft:poison"}}	item.minecraft.lingering_potion.effect.poison
in	minecraft:lingering_potion	{"minecraft:potion_contents":{potion:"minecraft:long_poison"}}	item.minecraft.lingering_potion.effect.poison
in	minecraft:lingering_potion	{"minecraft:potion_contents":{potion:"minecraft:strong_poison"}}	item.minecraft.lingering_potion.effect.poison
in	minecraft:lingering_potion	{"minecraft:potion_contents":{potion:"minecraft:regeneration"}}	item.minecraft.lingering_potion.effect.regeneration
in	minecraft:lingering_potion	{"minecraft:potion_contents":{potion:"minecraft:long_regeneration"}}	item.minecraft.lingering_potion.effect.regeneration
in	minecraft:lingering_potion	{"minecraft:potion_contents":{potion:"minecraft:strong_regeneration"}}	item.minecraft.lingering_potion.effect.regeneration
in	minecraft:lingering_potion	{"minecraft:potion_contents":{potion:"minecraft:strength"}}	item.minecraft.lingering_potion.effect.strength
in	minecraft:lingering_potion	{"minecraft:potion_contents":{potion:"minecraft:long_strength"}}	item.minecraft.lingering_potion.effect.strength
in	minecraft:lingering_potion	{"minecraft:potion_contents":{potion:"minecraft:strong_strength"}}	item.minecraft.lingering_potion.effect.strength
in	minecraft:lingering_potion	{"minecraft:potion_contents":{potion:"minecraft:weakness"}}	item.minecraft.lingering_potion.effect.weakness
in	minecraft:lingering_potion	{"minecraft:potion_contents":{potion:"minecraft:long_weakness"}}	item.minecraft.lingering_potion.effect.weakness
in	minecraft:lingering_potion	{"minecraft:potion_contents":{potion:"minecraft:luck"}}	item.minecraft.lingering_potion.effect.luck
in	minecraft:lingering_potion	{"minecraft:potion_contents":{potion:"minecraft:slow_falling"}}	item.minecraft.lingering_potion.effect.slow_falling
in	minecraft:lingering_potion	{"minecraft:potion_contents":{potion:"minecraft:long_slow_falling"}}	item.minecraft.lingering_potion.effect.slow_falling
in	minecraft:lingering_potion	{"minecraft:potion_contents":{potion:"minecraft:wind_charged"}}	item.minecraft.lingering_potion.effect.wind_charged
in	minecraft:lingering_potion	{"minecraft:potion_contents":{potion:"minecraft:weaving"}}	item.minecraft.lingering_potion.effect.weaving
in	minecraft:lingering_potion	{"minecraft:potion_contents":{potion:"minecraft:oozing"}}	item.minecraft.lingering_potion.effect.oozing
in	minecraft:lingering_potion	{"minecraft:potion_contents":{potion:"minecraft:infested"}}	item.minecraft.lingering_potion.effect.infested
in	minecraft:coal		item.minecraft.coal
in	minecraft:charcoal		item.minecraft.charcoal
in	minecraft:raw_copper		item.minecraft.raw_copper
in	minecraft:raw_iron		item.minecraft.raw_iron
in	minecraft:raw_gold		item.minecraft.raw_gold
in	minecraft:emerald		item.minecraft.emerald
in	minecraft:lapis_lazuli		item.minecraft.lapis_lazuli
in	minecraft:diamond		item.minecraft.diamond
in	minecraft:quartz		item.minecraft.quartz
in	minecraft:amethyst_shard		item.minecraft.amethyst_shard
in	minecraft:copper_nugget		item.minecraft.copper_nugget
in	minecraft:iron_nugget		item.minecraft.iron_nugget
in	minecraft:gold_nugget		item.minecraft.gold_nugget
in	minecraft:copper_ingot		item.minecraft.copper_ingot
in	minecraft:iron_ingot		item.minecraft.iron_ingot
in	minecraft:gold_ingot		item.minecraft.gold_ingot
in	minecraft:netherite_scrap		item.minecraft.netherite_scrap
in	minecraft:netherite_ingot		item.minecraft.netherite_ingot
in	minecraft:stick		item.minecraft.stick
in	minecraft:flint		item.minecraft.flint
in	minecraft:wheat		item.minecraft.wheat
in	minecraft:bone		item.minecraft.bone
in	minecraft:feather		item.minecraft.feather
in	minecraft:leather		item.minecraft.leather
in	minecraft:rabbit_hide		item.minecraft.rabbit_hide
in	minecraft:honeycomb		item.minecraft.honeycomb
in	minecraft:resin_clump		item.minecraft.resin_clump
in	minecraft:ink_sac		item.minecraft.ink_sac
in	minecraft:glow_ink_sac		item.minecraft.glow_ink_sac
in	minecraft:turtle_scute		item.minecraft.turtle_scute
in	minecraft:armadillo_scute		item.minecraft.armadillo_scute
in	minecraft:slime_ball		item.minecraft.slime_ball
in	minecraft:clay_ball		item.minecraft.clay_ball
in	minecraft:prismarine_shard		item.minecraft.prismarine_shard
in	minecraft:prismarine_crystals		item.minecraft.prismarine_crystals
in	minecraft:nautilus_shell		item.minecraft.nautilus_shell
in	minecraft:heart_of_the_sea		item.minecraft.heart_of_the_sea
in	minecraft:blaze_rod		item.minecraft.blaze_rod
in	minecraft:breeze_rod		item.minecraft.breeze_rod
in	minecraft:heavy_core		block.minecraft.heavy_core
in	minecraft:nether_star		item.minecraft.nether_star
in	minecraft:shulker_shell		item.minecraft.shulker_shell
in	minecraft:popped_chorus_fruit		item.minecraft.popped_chorus_fruit
in	minecraft:echo_shard		item.minecraft.echo_shard
in	minecraft:disc_fragment_5		item.minecraft.disc_fragment_5
in	minecraft:white_dye		item.minecraft.white_dye
in	minecraft:orange_dye		item.minecraft.orange_dye
in	minecraft:magenta_dye		item.minecraft.magenta_dye
in	minecraft:light_blue_dye		item.minecraft.light_blue_dye
in	minecraft:yellow_dye		item.minecraft.yellow_dye
in	minecraft:lime_dye		item.minecraft.lime_dye
in	minecraft:pink_dye		item.minecraft.pink_dye
in	minecraft:gray_dye		item.minecraft.gray_dye
in	minecraft:light_gray_dye		item.minecraft.light_gray_dye
in	minecraft:cyan_dye		item.minecraft.cyan_dye
in	minecraft:purple_dye		item.minecraft.purple_dye
in	minecraft:blue_dye		item.minecraft.blue_dye
in	minecraft:brown_dye		item.minecraft.brown_dye
in	minecraft:green_dye		item.minecraft.green_dye
in	minecraft:red_dye		item.minecraft.red_dye
in	minecraft:black_dye		item.minecraft.black_dye
in	minecraft:bowl		item.minecraft.bowl
in	minecraft:brick		item.minecraft.brick
in	minecraft:nether_brick		item.minecraft.nether_brick
in	minecraft:resin_brick		item.minecraft.resin_brick
in	minecraft:paper		item.minecraft.paper
in	minecraft:book		item.minecraft.book
in	minecraft:firework_star		item.minecraft.firework_star
in	minecraft:glass_bottle		item.minecraft.glass_bottle
in	minecraft:glowstone_dust		item.minecraft.glowstone_dust
in	minecraft:gunpowder		item.minecraft.gunpowder
in	minecraft:dragon_breath		item.minecraft.dragon_breath
in	minecraft:fermented_spider_eye		item.minecraft.fermented_spider_eye
in	minecraft:blaze_powder		item.minecraft.blaze_powder
in	minecraft:sugar		item.minecraft.sugar
in	minecraft:rabbit_foot		item.minecraft.rabbit_foot
in	minecraft:glistering_melon_slice		item.minecraft.glistering_melon_slice
in	minecraft:magma_cream		item.minecraft.magma_cream
in	minecraft:ghast_tear		item.minecraft.ghast_tear
in	minecraft:phantom_membrane		item.minecraft.phantom_membrane
in	minecraft:field_masoned_banner_pattern		item.minecraft.field_masoned_banner_pattern
in	minecraft:bordure_indented_banner_pattern		item.minecraft.bordure_indented_banner_pattern
in	minecraft:flower_banner_pattern		item.minecraft.flower_banner_pattern
in	minecraft:creeper_banner_pattern		item.minecraft.creeper_banner_pattern
in	minecraft:skull_banner_pattern		item.minecraft.skull_banner_pattern
in	minecraft:mojang_banner_pattern		item.minecraft.mojang_banner_pattern
in	minecraft:globe_banner_pattern		item.minecraft.globe_banner_pattern
in	minecraft:piglin_banner_pattern		item.minecraft.piglin_banner_pattern
in	minecraft:flow_banner_pattern		item.minecraft.flow_banner_pattern
in	minecraft:guster_banner_pattern		item.minecraft.guster_banner_pattern
in	minecraft:angler_pottery_sherd		item.minecraft.angler_pottery_sherd
in	minecraft:archer_pottery_sherd		item.minecraft.archer_pottery_sherd
in	minecraft:arms_up_pottery_sherd		item.minecraft.arms_up_pottery_sherd
in	minecraft:blade_pottery_sherd		item.minecraft.blade_pottery_sherd
in	minecraft:brewer_pottery_sherd		item.minecraft.brewer_pottery_sherd
in	minecraft:burn_pottery_sherd		item.minecraft.burn_pottery_sherd
in	minecraft:danger_pottery_sherd		item.minecraft.danger_pottery_sherd
in	minecraft:explorer_pottery_sherd		item.minecraft.explorer_pottery_sherd
in	minecraft:flow_pottery_sherd		item.minecraft.flow_pottery_sherd
in	minecraft:friend_pottery_sherd		item.minecraft.friend_pottery_sherd
in	minecraft:guster_pottery_sherd		item.minecraft.guster_pottery_sherd
in	minecraft:heart_pottery_sherd		item.minecraft.heart_pottery_sherd
in	minecraft:heartbreak_pottery_sherd		item.minecraft.heartbreak_pottery_sherd
in	minecraft:howl_pottery_sherd		item.minecraft.howl_pottery_sherd
in	minecraft:miner_pottery_sherd		item.minecraft.miner_pottery_sherd
in	minecraft:mourner_pottery_sherd		item.minecraft.mourner_pottery_sherd
in	minecraft:plenty_pottery_sherd		item.minecraft.plenty_pottery_sherd
in	minecraft:prize_pottery_sherd		item.minecraft.prize_pottery_sherd
in	minecraft:scrape_pottery_sherd		item.minecraft.scrape_pottery_sherd
in	minecraft:sheaf_pottery_sherd		item.minecraft.sheaf_pottery_sherd
in	minecraft:shelter_pottery_sherd		item.minecraft.shelter_pottery_sherd
in	minecraft:skull_pottery_sherd		item.minecraft.skull_pottery_sherd
in	minecraft:snort_pottery_sherd		item.minecraft.snort_pottery_sherd
in	minecraft:netherite_upgrade_smithing_template		item.minecraft.netherite_upgrade_smithing_template
in	minecraft:sentry_armor_trim_smithing_template		item.minecraft.sentry_armor_trim_smithing_template
in	minecraft:vex_armor_trim_smithing_template		item.minecraft.vex_armor_trim_smithing_template
in	minecraft:wild_armor_trim_smithing_template		item.minecraft.wild_armor_trim_smithing_template
in	minecraft:coast_armor_trim_smithing_template		item.minecraft.coast_armor_trim_smithing_template
in	minecraft:dune_armor_trim_smithing_template		item.minecraft.dune_armor_trim_smithing_template
in	minecraft:wayfinder_armor_trim_smithing_template		item.minecraft.wayfinder_armor_trim_smithing_template
in	minecraft:raiser_armor_trim_smithing_template		item.minecraft.raiser_armor_trim_smithing_template
in	minecraft:shaper_armor_trim_smithing_template		item.minecraft.shaper_armor_trim_smithing_template
in	minecraft:host_armor_trim_smithing_template		item.minecraft.host_armor_trim_smithing_template
in	minecraft:ward_armor_trim_smithing_template		item.minecraft.ward_armor_trim_smithing_template
in	minecraft:silence_armor_trim_smithing_template		item.minecraft.silence_armor_trim_smithing_template
in	minecraft:tide_armor_trim_smithing_template		item.minecraft.tide_armor_trim_smithing_template
in	minecraft:snout_armor_trim_smithing_template		item.minecraft.snout_armor_trim_smithing_template
in	minecraft:rib_armor_trim_smithing_template		item.minecraft.rib_armor_trim_smithing_template
in	minecraft:eye_armor_trim_smithing_template		item.minecraft.eye_armor_trim_smithing_template
in	minecraft:spire_armor_trim_smithing_template		item.minecraft.spire_armor_trim_smithing_template
in	minecraft:flow_armor_trim_smithing_template		item.minecraft.flow_armor_trim_smithing_template
in	minecraft:bolt_armor_trim_smithing_template		item.minecraft.bolt_armor_trim_smithing_template
in	minecraft:experience_bottle		item.minecraft.experience_bottle
in	minecraft:trial_key		item.minecraft.trial_key
in	minecraft:ominous_trial_key		item.minecraft.ominous_trial_key
in	minecraft:enchanted_book	{"minecraft:stored_enchantments":{"minecraft:aqua_affinity":1}}	item.minecraft.enchanted_book
in	minecraft:enchanted_book	{"minecraft:stored_enchantments":{"minecraft:bane_of_arthropods":1}}	item.minecraft.enchanted_book
in	minecraft:enchanted_book	{"minecraft:stored_enchantments":{"minecraft:bane_of_arthropods":2}}	item.minecraft.enchanted_book
in	minecraft:enchanted_book	{"minecraft:stored_enchantments":{"minecraft:bane_of_arthropods":3}}	item.minecraft.enchanted_book
in	minecraft:enchanted_book	{"minecraft:stored_enchantments":{"minecraft:bane_of_arthropods":4}}	item.minecraft.enchanted_book
in	minecraft:enchanted_book	{"minecraft:stored_enchantments":{"minecraft:bane_of_arthropods":5}}	item.minecraft.enchanted_book
in	minecraft:enchanted_book	{"minecraft:stored_enchantments":{"minecraft:binding_curse":1}}	item.minecraft.enchanted_book
in	minecraft:enchanted_book	{"minecraft:stored_enchantments":{"minecraft:blast_protection":1}}	item.minecraft.enchanted_book
in	minecraft:enchanted_book	{"minecraft:stored_enchantments":{"minecraft:blast_protection":2}}	item.minecraft.enchanted_book
in	minecraft:enchanted_book	{"minecraft:stored_enchantments":{"minecraft:blast_protection":3}}	item.minecraft.enchanted_book
in	minecraft:enchanted_book	{"minecraft:stored_enchantments":{"minecraft:blast_protection":4}}	item.minecraft.enchanted_book
in	minecraft:enchanted_book	{"minecraft:stored_enchantments":{"minecraft:breach":1}}	item.minecraft.enchanted_book
in	minecraft:enchanted_book	{"minecraft:stored_enchantments":{"minecraft:breach":2}}	item.minecraft.enchanted_book
in	minecraft:enchanted_book	{"minecraft:stored_enchantments":{"minecraft:breach":3}}	item.minecraft.enchanted_book
in	minecraft:enchanted_book	{"minecraft:stored_enchantments":{"minecraft:breach":4}}	item.minecraft.enchanted_book
in	minecraft:enchanted_book	{"minecraft:stored_enchantments":{"minecraft:channeling":1}}	item.minecraft.enchanted_book
in	minecraft:enchanted_book	{"minecraft:stored_enchantments":{"minecraft:density":1}}	item.minecraft.enchanted_book
in	minecraft:enchanted_book	{"minecraft:stored_enchantments":{"minecraft:density":2}}	item.minecraft.enchanted_book
in	minecraft:enchanted_book	{"minecraft:stored_enchantments":{"minecraft:density":3}}	item.minecraft.enchanted_book
in	minecraft:enchanted_book	{"minecraft:stored_enchantments":{"minecraft:density":4}}	item.minecraft.enchanted_book
in	minecraft:enchanted_book	{"minecraft:stored_enchantments":{"minecraft:density":5}}	item.minecraft.enchanted_book
in	minecraft:enchanted_book	{"minecraft:stored_enchantments":{"minecraft:depth_strider":1}}	item.minecraft.enchanted_book
in	minecraft:enchanted_book	{"minecraft:stored_enchantments":{"minecraft:depth_strider":2}}	item.minecraft.enchanted_book
in	minecraft:enchanted_book	{"minecraft:stored_enchantments":{"minecraft:depth_strider":3}}	item.minecraft.enchanted_book
in	minecraft:enchanted_book	{"minecraft:stored_enchantments":{"minecraft:efficiency":1}}	item.minecraft.enchanted_book
in	minecraft:enchanted_book	{"minecraft:stored_enchantments":{"minecraft:efficiency":2}}	item.minecraft.enchanted_book
in	minecraft:enchanted_book	{"minecraft:stored_enchantments":{"minecraft:efficiency":3}}	item.minecraft.enchanted_book
in	minecraft:enchanted_book	{"minecraft:stored_enchantments":{"minecraft:efficiency":4}}	item.minecraft.enchanted_book
in	minecraft:enchanted_book	{"minecraft:stored_enchantments":{"minecraft:efficiency":5}}	item.minecraft.enchanted_book
in	minecraft:enchanted_book	{"minecraft:stored_enchantments":{"minecraft:feather_falling":1}}	item.minecraft.enchanted_book
in	minecraft:enchanted_book	{"minecraft:stored_enchantments":{"minecraft:feather_falling":2}}	item.minecraft.enchanted_book
in	minecraft:enchanted_book	{"minecraft:stored_enchantments":{"minecraft:feather_falling":3}}	item.minecraft.enchanted_book
in	minecraft:enchanted_book	{"minecraft:stored_enchantments":{"minecraft:feather_falling":4}}	item.minecraft.enchanted_book
in	minecraft:enchanted_book	{"minecraft:stored_enchantments":{"minecraft:fire_aspect":1}}	item.minecraft.enchanted_book
in	minecraft:enchanted_book	{"minecraft:stored_enchantments":{"minecraft:fire_aspect":2}}	item.minecraft.enchanted_book
in	minecraft:enchanted_book	{"minecraft:stored_enchantments":{"minecraft:fire_protection":1}}	item.minecraft.enchanted_book
in	minecraft:enchanted_book	{"minecraft:stored_enchantments":{"minecraft:fire_protection":2}}	item.minecraft.enchanted_book
in	minecraft:enchanted_book	{"minecraft:stored_enchantments":{"minecraft:fire_protection":3}}	item.minecraft.enchanted_book
in	minecraft:enchanted_book	{"minecraft:stored_enchantments":{"minecraft:fire_protection":4}}	item.minecraft.enchanted_book
in	minecraft:enchanted_book	{"minecraft:stored_enchantments":{"minecraft:flame":1}}	item.minecraft.enchanted_book
in	minecraft:enchanted_book	{"minecraft:stored_enchantments":{"minecraft:fortune":1}}	item.minecraft.enchanted_book
in	minecraft:enchanted_book	{"minecraft:stored_enchantments":{"minecraft:fortune":2}}	item.minecraft.enchanted_book
in	minecraft:enchanted_book	{"minecraft:stored_enchantments":{"minecraft:fortune":3}}	item.minecraft.enchanted_book
in	minecraft:enchanted_book	{"minecraft:stored_enchantments":{"minecraft:frost_walker":1}}	item.minecraft.enchanted_book
in	minecraft:enchanted_book	{"minecraft:stored_enchantments":{"minecraft:frost_walker":2}}	item.minecraft.enchanted_book
in	minecraft:enchanted_book	{"minecraft:stored_enchantments":{"minecraft:impaling":1}}	item.minecraft.enchanted_book
in	minecraft:enchanted_book	{"minecraft:stored_enchantments":{"minecraft:impaling":2}}	item.minecraft.enchanted_book
in	minecraft:enchanted_book	{"minecraft:stored_enchantments":{"minecraft:impaling":3}}	item.minecraft.enchanted_book
in	minecraft:enchanted_book	{"minecraft:stored_enchantments":{"minecraft:impaling":4}}	item.minecraft.enchanted_book
in	minecraft:enchanted_book	{"minecraft:stored_enchantments":{"minecraft:impaling":5}}	item.minecraft.enchanted_book
in	minecraft:enchanted_book	{"minecraft:stored_enchantments":{"minecraft:infinity":1}}	item.minecraft.enchanted_book
in	minecraft:enchanted_book	{"minecraft:stored_enchantments":{"minecraft:knockback":1}}	item.minecraft.enchanted_book
in	minecraft:enchanted_book	{"minecraft:stored_enchantments":{"minecraft:knockback":2}}	item.minecraft.enchanted_book
in	minecraft:enchanted_book	{"minecraft:stored_enchantments":{"minecraft:looting":1}}	item.minecraft.enchanted_book
in	minecraft:enchanted_book	{"minecraft:stored_enchantments":{"minecraft:looting":2}}	item.minecraft.enchanted_book
in	minecraft:enchanted_book	{"minecraft:stored_enchantments":{"minecraft:looting":3}}	item.minecraft.enchanted_book
in	minecraft:enchanted_book	{"minecraft:stored_enchantments":{"minecraft:loyalty":1}}	item.minecraft.enchanted_book
in	minecraft:enchanted_book	{"minecraft:stored_enchantments":{"minecraft:loyalty":2}}	item.minecraft.enchanted_book
in	minecraft:enchanted_book	{"minecraft:stored_enchantments":{"minecraft:loyalty":3}}	item.minecraft.enchanted_book
in	minecraft:enchanted_book	{"minecraft:stored_enchantments":{"minecraft:luck_of_the_sea":1}}	item.minecraft.enchanted_book
in	minecraft:enchanted_book	{"minecraft:stored_enchantments":{"minecraft:luck_of_the_sea":2}}	item.minecraft.enchanted_book
in	minecraft:enchanted_book	{"minecraft:stored_enchantments":{"minecraft:luck_of_the_sea":3}}	item.minecraft.enchanted_book
in	minecraft:enchanted_book	{"minecraft:stored_enchantments":{"minecraft:lunge":1}}	item.minecraft.enchanted_book
in	minecraft:enchanted_book	{"minecraft:stored_enchantments":{"minecraft:lunge":2}}	item.minecraft.enchanted_book
in	minecraft:enchanted_book	{"minecraft:stored_enchantments":{"minecraft:lunge":3}}	item.minecraft.enchanted_book
in	minecraft:enchanted_book	{"minecraft:stored_enchantments":{"minecraft:lure":1}}	item.minecraft.enchanted_book
in	minecraft:enchanted_book	{"minecraft:stored_enchantments":{"minecraft:lure":2}}	item.minecraft.enchanted_book
in	minecraft:enchanted_book	{"minecraft:stored_enchantments":{"minecraft:lure":3}}	item.minecraft.enchanted_book
in	minecraft:enchanted_book	{"minecraft:stored_enchantments":{"minecraft:mending":1}}	item.minecraft.enchanted_book
in	minecraft:enchanted_book	{"minecraft:stored_enchantments":{"minecraft:multishot":1}}	item.minecraft.enchanted_book
in	minecraft:enchanted_book	{"minecraft:stored_enchantments":{"minecraft:piercing":1}}	item.minecraft.enchanted_book
in	minecraft:enchanted_book	{"minecraft:stored_enchantments":{"minecraft:piercing":2}}	item.minecraft.enchanted_book
in	minecraft:enchanted_book	{"minecraft:stored_enchantments":{"minecraft:piercing":3}}	item.minecraft.enchanted_book
in	minecraft:enchanted_book	{"minecraft:stored_enchantments":{"minecraft:piercing":4}}	item.minecraft.enchanted_book
in	minecraft:enchanted_book	{"minecraft:stored_enchantments":{"minecraft:power":1}}	item.minecraft.enchanted_book
in	minecraft:enchanted_book	{"minecraft:stored_enchantments":{"minecraft:power":2}}	item.minecraft.enchanted_book
in	minecraft:enchanted_book	{"minecraft:stored_enchantments":{"minecraft:power":3}}	item.minecraft.enchanted_book
in	minecraft:enchanted_book	{"minecraft:stored_enchantments":{"minecraft:power":4}}	item.minecraft.enchanted_book
in	minecraft:enchanted_book	{"minecraft:stored_enchantments":{"minecraft:power":5}}	item.minecraft.enchanted_book
in	minecraft:enchanted_book	{"minecraft:stored_enchantments":{"minecraft:projectile_protection":1}}	item.minecraft.enchanted_book
in	minecraft:enchanted_book	{"minecraft:stored_enchantments":{"minecraft:projectile_protection":2}}	item.minecraft.enchanted_book
in	minecraft:enchanted_book	{"minecraft:stored_enchantments":{"minecraft:projectile_protection":3}}	item.minecraft.enchanted_book
in	minecraft:enchanted_book	{"minecraft:stored_enchantments":{"minecraft:projectile_protection":4}}	item.minecraft.enchanted_book
in	minecraft:enchanted_book	{"minecraft:stored_enchantments":{"minecraft:protection":1}}	item.minecraft.enchanted_book
in	minecraft:enchanted_book	{"minecraft:stored_enchantments":{"minecraft:protection":2}}	item.minecraft.enchanted_book
in	minecraft:enchanted_book	{"minecraft:stored_enchantments":{"minecraft:protection":3}}	item.minecraft.enchanted_book
in	minecraft:enchanted_book	{"minecraft:stored_enchantments":{"minecraft:protection":4}}	item.minecraft.enchanted_book
in	minecraft:enchanted_book	{"minecraft:stored_enchantments":{"minecraft:punch":1}}	item.minecraft.enchanted_book
in	minecraft:enchanted_book	{"minecraft:stored_enchantments":{"minecraft:punch":2}}	item.minecraft.enchanted_book
in	minecraft:enchanted_book	{"minecraft:stored_enchantments":{"minecraft:quick_charge":1}}	item.minecraft.enchanted_book
in	minecraft:enchanted_book	{"minecraft:stored_enchantments":{"minecraft:quick_charge":2}}	item.minecraft.enchanted_book
in	minecraft:enchanted_book	{"minecraft:stored_enchantments":{"minecraft:quick_charge":3}}	item.minecraft.enchanted_book
in	minecraft:enchanted_book	{"minecraft:stored_enchantments":{"minecraft:respiration":1}}	item.minecraft.enchanted_book
in	minecraft:enchanted_book	{"minecraft:stored_enchantments":{"minecraft:respiration":2}}	item.minecraft.enchanted_book
in	minecraft:enchanted_book	{"minecraft:stored_enchantments":{"minecraft:respiration":3}}	item.minecraft.enchanted_book
in	minecraft:enchanted_book	{"minecraft:stored_enchantments":{"minecraft:riptide":1}}	item.minecraft.enchanted_book
in	minecraft:enchanted_book	{"minecraft:stored_enchantments":{"minecraft:riptide":2}}	item.minecraft.enchanted_book
in	minecraft:enchanted_book	{"minecraft:stored_enchantments":{"minecraft:riptide":3}}	item.minecraft.enchanted_book
in	minecraft:enchanted_book	{"minecraft:stored_enchantments":{"minecraft:sharpness":1}}	item.minecraft.enchanted_book
in	minecraft:enchanted_book	{"minecraft:stored_enchantments":{"minecraft:sharpness":2}}	item.minecraft.enchanted_book
in	minecraft:enchanted_book	{"minecraft:stored_enchantments":{"minecraft:sharpness":3}}	item.minecraft.enchanted_book
in	minecraft:enchanted_book	{"minecraft:stored_enchantments":{"minecraft:sharpness":4}}	item.minecraft.enchanted_book
in	minecraft:enchanted_book	{"minecraft:stored_enchantments":{"minecraft:sharpness":5}}	item.minecraft.enchanted_book
in	minecraft:enchanted_book	{"minecraft:stored_enchantments":{"minecraft:silk_touch":1}}	item.minecraft.enchanted_book
in	minecraft:enchanted_book	{"minecraft:stored_enchantments":{"minecraft:smite":1}}	item.minecraft.enchanted_book
in	minecraft:enchanted_book	{"minecraft:stored_enchantments":{"minecraft:smite":2}}	item.minecraft.enchanted_book
in	minecraft:enchanted_book	{"minecraft:stored_enchantments":{"minecraft:smite":3}}	item.minecraft.enchanted_book
in	minecraft:enchanted_book	{"minecraft:stored_enchantments":{"minecraft:smite":4}}	item.minecraft.enchanted_book
in	minecraft:enchanted_book	{"minecraft:stored_enchantments":{"minecraft:smite":5}}	item.minecraft.enchanted_book
in	minecraft:enchanted_book	{"minecraft:stored_enchantments":{"minecraft:soul_speed":1}}	item.minecraft.enchanted_book
in	minecraft:enchanted_book	{"minecraft:stored_enchantments":{"minecraft:soul_speed":2}}	item.minecraft.enchanted_book
in	minecraft:enchanted_book	{"minecraft:stored_enchantments":{"minecraft:soul_speed":3}}	item.minecraft.enchanted_book
in	minecraft:enchanted_book	{"minecraft:stored_enchantments":{"minecraft:sweeping_edge":1}}	item.minecraft.enchanted_book
in	minecraft:enchanted_book	{"minecraft:stored_enchantments":{"minecraft:sweeping_edge":2}}	item.minecraft.enchanted_book
in	minecraft:enchanted_book	{"minecraft:stored_enchantments":{"minecraft:sweeping_edge":3}}	item.minecraft.enchanted_book
in	minecraft:enchanted_book	{"minecraft:stored_enchantments":{"minecraft:swift_sneak":1}}	item.minecraft.enchanted_book
in	minecraft:enchanted_book	{"minecraft:stored_enchantments":{"minecraft:swift_sneak":2}}	item.minecraft.enchanted_book
in	minecraft:enchanted_book	{"minecraft:stored_enchantments":{"minecraft:swift_sneak":3}}	item.minecraft.enchanted_book
in	minecraft:enchanted_book	{"minecraft:stored_enchantments":{"minecraft:thorns":1}}	item.minecraft.enchanted_book
in	minecraft:enchanted_book	{"minecraft:stored_enchantments":{"minecraft:thorns":2}}	item.minecraft.enchanted_book
in	minecraft:enchanted_book	{"minecraft:stored_enchantments":{"minecraft:thorns":3}}	item.minecraft.enchanted_book
in	minecraft:enchanted_book	{"minecraft:stored_enchantments":{"minecraft:unbreaking":1}}	item.minecraft.enchanted_book
in	minecraft:enchanted_book	{"minecraft:stored_enchantments":{"minecraft:unbreaking":2}}	item.minecraft.enchanted_book
in	minecraft:enchanted_book	{"minecraft:stored_enchantments":{"minecraft:unbreaking":3}}	item.minecraft.enchanted_book
in	minecraft:enchanted_book	{"minecraft:stored_enchantments":{"minecraft:vanishing_curse":1}}	item.minecraft.enchanted_book
in	minecraft:enchanted_book	{"minecraft:stored_enchantments":{"minecraft:wind_burst":1}}	item.minecraft.enchanted_book
in	minecraft:enchanted_book	{"minecraft:stored_enchantments":{"minecraft:wind_burst":2}}	item.minecraft.enchanted_book
in	minecraft:enchanted_book	{"minecraft:stored_enchantments":{"minecraft:wind_burst":3}}	item.minecraft.enchanted_book
in	minecraft:spawner		block.minecraft.spawner
in	minecraft:trial_spawner		block.minecraft.trial_spawner
in	minecraft:creaking_heart		block.minecraft.creaking_heart
in	minecraft:chicken_spawn_egg		item.minecraft.chicken_spawn_egg
in	minecraft:cow_spawn_egg		item.minecraft.cow_spawn_egg
in	minecraft:pig_spawn_egg		item.minecraft.pig_spawn_egg
in	minecraft:sheep_spawn_egg		item.minecraft.sheep_spawn_egg
in	minecraft:camel_spawn_egg		item.minecraft.camel_spawn_egg
in	minecraft:donkey_spawn_egg		item.minecraft.donkey_spawn_egg
in	minecraft:horse_spawn_egg		item.minecraft.horse_spawn_egg
in	minecraft:mule_spawn_egg		item.minecraft.mule_spawn_egg
in	minecraft:cat_spawn_egg		item.minecraft.cat_spawn_egg
in	minecraft:parrot_spawn_egg		item.minecraft.parrot_spawn_egg
in	minecraft:wolf_spawn_egg		item.minecraft.wolf_spawn_egg
in	minecraft:armadillo_spawn_egg		item.minecraft.armadillo_spawn_egg
in	minecraft:bat_spawn_egg		item.minecraft.bat_spawn_egg
in	minecraft:bee_spawn_egg		item.minecraft.bee_spawn_egg
in	minecraft:fox_spawn_egg		item.minecraft.fox_spawn_egg
in	minecraft:goat_spawn_egg		item.minecraft.goat_spawn_egg
in	minecraft:llama_spawn_egg		item.minecraft.llama_spawn_egg
in	minecraft:ocelot_spawn_egg		item.minecraft.ocelot_spawn_egg
in	minecraft:panda_spawn_egg		item.minecraft.panda_spawn_egg
in	minecraft:polar_bear_spawn_egg		item.minecraft.polar_bear_spawn_egg
in	minecraft:rabbit_spawn_egg		item.minecraft.rabbit_spawn_egg
in	minecraft:axolotl_spawn_egg		item.minecraft.axolotl_spawn_egg
in	minecraft:cod_spawn_egg		item.minecraft.cod_spawn_egg
in	minecraft:dolphin_spawn_egg		item.minecraft.dolphin_spawn_egg
in	minecraft:frog_spawn_egg		item.minecraft.frog_spawn_egg
in	minecraft:glow_squid_spawn_egg		item.minecraft.glow_squid_spawn_egg
in	minecraft:nautilus_spawn_egg		item.minecraft.nautilus_spawn_egg
in	minecraft:pufferfish_spawn_egg		item.minecraft.pufferfish_spawn_egg
in	minecraft:salmon_spawn_egg		item.minecraft.salmon_spawn_egg
in	minecraft:squid_spawn_egg		item.minecraft.squid_spawn_egg
in	minecraft:tadpole_spawn_egg		item.minecraft.tadpole_spawn_egg
in	minecraft:tropical_fish_spawn_egg		item.minecraft.tropical_fish_spawn_egg
in	minecraft:turtle_spawn_egg		item.minecraft.turtle_spawn_egg
in	minecraft:allay_spawn_egg		item.minecraft.allay_spawn_egg
in	minecraft:mooshroom_spawn_egg		item.minecraft.mooshroom_spawn_egg
in	minecraft:sniffer_spawn_egg		item.minecraft.sniffer_spawn_egg
in	minecraft:sulfur_cube_spawn_egg		item.minecraft.sulfur_cube_spawn_egg
in	minecraft:copper_golem_spawn_egg		item.minecraft.copper_golem_spawn_egg
in	minecraft:iron_golem_spawn_egg		item.minecraft.iron_golem_spawn_egg
in	minecraft:snow_golem_spawn_egg		item.minecraft.snow_golem_spawn_egg
in	minecraft:trader_llama_spawn_egg		item.minecraft.trader_llama_spawn_egg
in	minecraft:villager_spawn_egg		item.minecraft.villager_spawn_egg
in	minecraft:wandering_trader_spawn_egg		item.minecraft.wandering_trader_spawn_egg
in	minecraft:bogged_spawn_egg		item.minecraft.bogged_spawn_egg
in	minecraft:camel_husk_spawn_egg		item.minecraft.camel_husk_spawn_egg
in	minecraft:drowned_spawn_egg		item.minecraft.drowned_spawn_egg
in	minecraft:husk_spawn_egg		item.minecraft.husk_spawn_egg
in	minecraft:parched_spawn_egg		item.minecraft.parched_spawn_egg
in	minecraft:skeleton_spawn_egg		item.minecraft.skeleton_spawn_egg
in	minecraft:skeleton_horse_spawn_egg		item.minecraft.skeleton_horse_spawn_egg
in	minecraft:stray_spawn_egg		item.minecraft.stray_spawn_egg
in	minecraft:zombie_spawn_egg		item.minecraft.zombie_spawn_egg
in	minecraft:zombie_horse_spawn_egg		item.minecraft.zombie_horse_spawn_egg
in	minecraft:zombie_nautilus_spawn_egg		item.minecraft.zombie_nautilus_spawn_egg
in	minecraft:zombie_villager_spawn_egg		item.minecraft.zombie_villager_spawn_egg
in	minecraft:cave_spider_spawn_egg		item.minecraft.cave_spider_spawn_egg
in	minecraft:spider_spawn_egg		item.minecraft.spider_spawn_egg
in	minecraft:breeze_spawn_egg		item.minecraft.breeze_spawn_egg
in	minecraft:creaking_spawn_egg		item.minecraft.creaking_spawn_egg
in	minecraft:creeper_spawn_egg		item.minecraft.creeper_spawn_egg
in	minecraft:elder_guardian_spawn_egg		item.minecraft.elder_guardian_spawn_egg
in	minecraft:guardian_spawn_egg		item.minecraft.guardian_spawn_egg
in	minecraft:phantom_spawn_egg		item.minecraft.phantom_spawn_egg
in	minecraft:silverfish_spawn_egg		item.minecraft.silverfish_spawn_egg
in	minecraft:slime_spawn_egg		item.minecraft.slime_spawn_egg
in	minecraft:warden_spawn_egg		item.minecraft.warden_spawn_egg
in	minecraft:witch_spawn_egg		item.minecraft.witch_spawn_egg
in	minecraft:evoker_spawn_egg		item.minecraft.evoker_spawn_egg
in	minecraft:pillager_spawn_egg		item.minecraft.pillager_spawn_egg
in	minecraft:ravager_spawn_egg		item.minecraft.ravager_spawn_egg
in	minecraft:vex_spawn_egg		item.minecraft.vex_spawn_egg
in	minecraft:vindicator_spawn_egg		item.minecraft.vindicator_spawn_egg
in	minecraft:blaze_spawn_egg		item.minecraft.blaze_spawn_egg
in	minecraft:ghast_spawn_egg		item.minecraft.ghast_spawn_egg
in	minecraft:happy_ghast_spawn_egg		item.minecraft.happy_ghast_spawn_egg
in	minecraft:hoglin_spawn_egg		item.minecraft.hoglin_spawn_egg
in	minecraft:magma_cube_spawn_egg		item.minecraft.magma_cube_spawn_egg
in	minecraft:piglin_spawn_egg		item.minecraft.piglin_spawn_egg
in	minecraft:piglin_brute_spawn_egg		item.minecraft.piglin_brute_spawn_egg
in	minecraft:strider_spawn_egg		item.minecraft.strider_spawn_egg
in	minecraft:wither_skeleton_spawn_egg		item.minecraft.wither_skeleton_spawn_egg
in	minecraft:zoglin_spawn_egg		item.minecraft.zoglin_spawn_egg
in	minecraft:zombified_piglin_spawn_egg		item.minecraft.zombified_piglin_spawn_egg
in	minecraft:enderman_spawn_egg		item.minecraft.enderman_spawn_egg
in	minecraft:endermite_spawn_egg		item.minecraft.endermite_spawn_egg
in	minecraft:shulker_spawn_egg		item.minecraft.shulker_spawn_egg
in	minecraft:command_block		block.minecraft.command_block
in	minecraft:chain_command_block		block.minecraft.chain_command_block
in	minecraft:repeating_command_block		block.minecraft.repeating_command_block
in	minecraft:command_block_minecart		item.minecraft.command_block_minecart
in	minecraft:jigsaw		block.minecraft.jigsaw
in	minecraft:structure_block		block.minecraft.structure_block
in	minecraft:structure_void		block.minecraft.structure_void
in	minecraft:barrier		block.minecraft.barrier
in	minecraft:debug_stick		item.minecraft.debug_stick
in	minecraft:test_instance_block		block.minecraft.test_instance_block
in	minecraft:test_block		block.minecraft.test_block
in	minecraft:test_block	{"minecraft:block_state":{mode:"log"}}	block.minecraft.test_block
in	minecraft:test_block	{"minecraft:block_state":{mode:"fail"}}	block.minecraft.test_block
in	minecraft:test_block	{"minecraft:block_state":{mode:"accept"}}	block.minecraft.test_block
in	minecraft:light		block.minecraft.light
in	minecraft:light	{"minecraft:block_state":{level:"14"}}	block.minecraft.light
in	minecraft:light	{"minecraft:block_state":{level:"13"}}	block.minecraft.light
in	minecraft:light	{"minecraft:block_state":{level:"12"}}	block.minecraft.light
in	minecraft:light	{"minecraft:block_state":{level:"11"}}	block.minecraft.light
in	minecraft:light	{"minecraft:block_state":{level:"10"}}	block.minecraft.light
in	minecraft:light	{"minecraft:block_state":{level:"9"}}	block.minecraft.light
in	minecraft:light	{"minecraft:block_state":{level:"8"}}	block.minecraft.light
in	minecraft:light	{"minecraft:block_state":{level:"7"}}	block.minecraft.light
in	minecraft:light	{"minecraft:block_state":{level:"6"}}	block.minecraft.light
in	minecraft:light	{"minecraft:block_state":{level:"5"}}	block.minecraft.light
in	minecraft:light	{"minecraft:block_state":{level:"4"}}	block.minecraft.light
in	minecraft:light	{"minecraft:block_state":{level:"3"}}	block.minecraft.light
in	minecraft:light	{"minecraft:block_state":{level:"2"}}	block.minecraft.light
in	minecraft:light	{"minecraft:block_state":{level:"1"}}	block.minecraft.light
in	minecraft:light	{"minecraft:block_state":{level:"0"}}	block.minecraft.light
in	minecraft:painting	{"minecraft:painting/variant":"minecraft:earth"}	item.minecraft.painting
in	minecraft:painting	{"minecraft:painting/variant":"minecraft:fire"}	item.minecraft.painting
in	minecraft:painting	{"minecraft:painting/variant":"minecraft:water"}	item.minecraft.painting
in	minecraft:painting	{"minecraft:painting/variant":"minecraft:wind"}	item.minecraft.painting
tab	itemGroup.tools	minecraft:diamond_pickaxe
in	minecraft:wooden_shovel		item.minecraft.wooden_shovel
in	minecraft:wooden_pickaxe		item.minecraft.wooden_pickaxe
in	minecraft:wooden_axe		item.minecraft.wooden_axe
in	minecraft:wooden_hoe		item.minecraft.wooden_hoe
in	minecraft:stone_shovel		item.minecraft.stone_shovel
in	minecraft:stone_pickaxe		item.minecraft.stone_pickaxe
in	minecraft:stone_axe		item.minecraft.stone_axe
in	minecraft:stone_hoe		item.minecraft.stone_hoe
in	minecraft:copper_shovel		item.minecraft.copper_shovel
in	minecraft:copper_pickaxe		item.minecraft.copper_pickaxe
in	minecraft:copper_axe		item.minecraft.copper_axe
in	minecraft:copper_hoe		item.minecraft.copper_hoe
in	minecraft:iron_shovel		item.minecraft.iron_shovel
in	minecraft:iron_pickaxe		item.minecraft.iron_pickaxe
in	minecraft:iron_axe		item.minecraft.iron_axe
in	minecraft:iron_hoe		item.minecraft.iron_hoe
in	minecraft:golden_shovel		item.minecraft.golden_shovel
in	minecraft:golden_pickaxe		item.minecraft.golden_pickaxe
in	minecraft:golden_axe		item.minecraft.golden_axe
in	minecraft:golden_hoe		item.minecraft.golden_hoe
in	minecraft:diamond_shovel		item.minecraft.diamond_shovel
in	minecraft:diamond_pickaxe		item.minecraft.diamond_pickaxe
in	minecraft:diamond_axe		item.minecraft.diamond_axe
in	minecraft:diamond_hoe		item.minecraft.diamond_hoe
in	minecraft:netherite_shovel		item.minecraft.netherite_shovel
in	minecraft:netherite_pickaxe		item.minecraft.netherite_pickaxe
in	minecraft:netherite_axe		item.minecraft.netherite_axe
in	minecraft:netherite_hoe		item.minecraft.netherite_hoe
in	minecraft:bucket		item.minecraft.bucket
in	minecraft:water_bucket		item.minecraft.water_bucket
in	minecraft:cod_bucket		item.minecraft.cod_bucket
in	minecraft:salmon_bucket		item.minecraft.salmon_bucket
in	minecraft:tropical_fish_bucket		item.minecraft.tropical_fish_bucket
in	minecraft:pufferfish_bucket		item.minecraft.pufferfish_bucket
in	minecraft:axolotl_bucket		item.minecraft.axolotl_bucket
in	minecraft:tadpole_bucket		item.minecraft.tadpole_bucket
in	minecraft:sulfur_cube_bucket		item.minecraft.sulfur_cube_bucket
in	minecraft:lava_bucket		item.minecraft.lava_bucket
in	minecraft:powder_snow_bucket		item.minecraft.powder_snow_bucket
in	minecraft:milk_bucket		item.minecraft.milk_bucket
in	minecraft:fishing_rod		item.minecraft.fishing_rod
in	minecraft:flint_and_steel		item.minecraft.flint_and_steel
in	minecraft:fire_charge		item.minecraft.fire_charge
in	minecraft:bone_meal		item.minecraft.bone_meal
in	minecraft:shears		item.minecraft.shears
in	minecraft:brush		item.minecraft.brush
in	minecraft:name_tag		item.minecraft.name_tag
in	minecraft:lead		item.minecraft.lead
in	minecraft:bundle		item.minecraft.bundle
in	minecraft:white_bundle		item.minecraft.white_bundle
in	minecraft:orange_bundle		item.minecraft.orange_bundle
in	minecraft:magenta_bundle		item.minecraft.magenta_bundle
in	minecraft:light_blue_bundle		item.minecraft.light_blue_bundle
in	minecraft:yellow_bundle		item.minecraft.yellow_bundle
in	minecraft:lime_bundle		item.minecraft.lime_bundle
in	minecraft:pink_bundle		item.minecraft.pink_bundle
in	minecraft:gray_bundle		item.minecraft.gray_bundle
in	minecraft:light_gray_bundle		item.minecraft.light_gray_bundle
in	minecraft:cyan_bundle		item.minecraft.cyan_bundle
in	minecraft:purple_bundle		item.minecraft.purple_bundle
in	minecraft:blue_bundle		item.minecraft.blue_bundle
in	minecraft:brown_bundle		item.minecraft.brown_bundle
in	minecraft:green_bundle		item.minecraft.green_bundle
in	minecraft:red_bundle		item.minecraft.red_bundle
in	minecraft:black_bundle		item.minecraft.black_bundle
in	minecraft:compass		item.minecraft.compass
in	minecraft:recovery_compass		item.minecraft.recovery_compass
in	minecraft:clock		item.minecraft.clock
in	minecraft:spyglass		item.minecraft.spyglass
in	minecraft:map		item.minecraft.map
in	minecraft:writable_book		item.minecraft.writable_book
in	minecraft:wind_charge		item.minecraft.wind_charge
in	minecraft:ender_pearl		item.minecraft.ender_pearl
in	minecraft:ender_eye		item.minecraft.ender_eye
in	minecraft:elytra		item.minecraft.elytra
in	minecraft:firework_rocket		item.minecraft.firework_rocket
in	minecraft:firework_rocket	{"minecraft:fireworks":{flight_duration:2b}}	item.minecraft.firework_rocket
in	minecraft:firework_rocket	{"minecraft:fireworks":{flight_duration:3b}}	item.minecraft.firework_rocket
in	minecraft:saddle		item.minecraft.saddle
in	minecraft:white_harness		item.minecraft.white_harness
in	minecraft:orange_harness		item.minecraft.orange_harness
in	minecraft:magenta_harness		item.minecraft.magenta_harness
in	minecraft:light_blue_harness		item.minecraft.light_blue_harness
in	minecraft:yellow_harness		item.minecraft.yellow_harness
in	minecraft:lime_harness		item.minecraft.lime_harness
in	minecraft:pink_harness		item.minecraft.pink_harness
in	minecraft:gray_harness		item.minecraft.gray_harness
in	minecraft:light_gray_harness		item.minecraft.light_gray_harness
in	minecraft:cyan_harness		item.minecraft.cyan_harness
in	minecraft:purple_harness		item.minecraft.purple_harness
in	minecraft:blue_harness		item.minecraft.blue_harness
in	minecraft:brown_harness		item.minecraft.brown_harness
in	minecraft:green_harness		item.minecraft.green_harness
in	minecraft:red_harness		item.minecraft.red_harness
in	minecraft:black_harness		item.minecraft.black_harness
in	minecraft:carrot_on_a_stick		item.minecraft.carrot_on_a_stick
in	minecraft:warped_fungus_on_a_stick		item.minecraft.warped_fungus_on_a_stick
in	minecraft:oak_boat		item.minecraft.oak_boat
in	minecraft:oak_chest_boat		item.minecraft.oak_chest_boat
in	minecraft:spruce_boat		item.minecraft.spruce_boat
in	minecraft:spruce_chest_boat		item.minecraft.spruce_chest_boat
in	minecraft:birch_boat		item.minecraft.birch_boat
in	minecraft:birch_chest_boat		item.minecraft.birch_chest_boat
in	minecraft:jungle_boat		item.minecraft.jungle_boat
in	minecraft:jungle_chest_boat		item.minecraft.jungle_chest_boat
in	minecraft:acacia_boat		item.minecraft.acacia_boat
in	minecraft:acacia_chest_boat		item.minecraft.acacia_chest_boat
in	minecraft:dark_oak_boat		item.minecraft.dark_oak_boat
in	minecraft:dark_oak_chest_boat		item.minecraft.dark_oak_chest_boat
in	minecraft:mangrove_boat		item.minecraft.mangrove_boat
in	minecraft:mangrove_chest_boat		item.minecraft.mangrove_chest_boat
in	minecraft:cherry_boat		item.minecraft.cherry_boat
in	minecraft:cherry_chest_boat		item.minecraft.cherry_chest_boat
in	minecraft:pale_oak_boat		item.minecraft.pale_oak_boat
in	minecraft:pale_oak_chest_boat		item.minecraft.pale_oak_chest_boat
in	minecraft:bamboo_raft		item.minecraft.bamboo_raft
in	minecraft:bamboo_chest_raft		item.minecraft.bamboo_chest_raft
in	minecraft:rail		block.minecraft.rail
in	minecraft:powered_rail		block.minecraft.powered_rail
in	minecraft:detector_rail		block.minecraft.detector_rail
in	minecraft:activator_rail		block.minecraft.activator_rail
in	minecraft:minecart		item.minecraft.minecart
in	minecraft:hopper_minecart		item.minecraft.hopper_minecart
in	minecraft:chest_minecart		item.minecraft.chest_minecart
in	minecraft:furnace_minecart		item.minecraft.furnace_minecart
in	minecraft:tnt_minecart		item.minecraft.tnt_minecart
in	minecraft:goat_horn		item.minecraft.goat_horn
in	minecraft:goat_horn	{"minecraft:instrument":"minecraft:sing_goat_horn"}	item.minecraft.goat_horn
in	minecraft:goat_horn	{"minecraft:instrument":"minecraft:seek_goat_horn"}	item.minecraft.goat_horn
in	minecraft:goat_horn	{"minecraft:instrument":"minecraft:feel_goat_horn"}	item.minecraft.goat_horn
in	minecraft:goat_horn	{"minecraft:instrument":"minecraft:admire_goat_horn"}	item.minecraft.goat_horn
in	minecraft:goat_horn	{"minecraft:instrument":"minecraft:call_goat_horn"}	item.minecraft.goat_horn
in	minecraft:goat_horn	{"minecraft:instrument":"minecraft:yearn_goat_horn"}	item.minecraft.goat_horn
in	minecraft:goat_horn	{"minecraft:instrument":"minecraft:dream_goat_horn"}	item.minecraft.goat_horn
in	minecraft:music_disc_13		item.minecraft.music_disc_13
in	minecraft:music_disc_cat		item.minecraft.music_disc_cat
in	minecraft:music_disc_blocks		item.minecraft.music_disc_blocks
in	minecraft:music_disc_chirp		item.minecraft.music_disc_chirp
in	minecraft:music_disc_far		item.minecraft.music_disc_far
in	minecraft:music_disc_mall		item.minecraft.music_disc_mall
in	minecraft:music_disc_mellohi		item.minecraft.music_disc_mellohi
in	minecraft:music_disc_stal		item.minecraft.music_disc_stal
in	minecraft:music_disc_strad		item.minecraft.music_disc_strad
in	minecraft:music_disc_ward		item.minecraft.music_disc_ward
in	minecraft:music_disc_11		item.minecraft.music_disc_11
in	minecraft:music_disc_creator_music_box		item.minecraft.music_disc_creator_music_box
in	minecraft:music_disc_wait		item.minecraft.music_disc_wait
in	minecraft:music_disc_creator		item.minecraft.music_disc_creator
in	minecraft:music_disc_precipice		item.minecraft.music_disc_precipice
in	minecraft:music_disc_otherside		item.minecraft.music_disc_otherside
in	minecraft:music_disc_relic		item.minecraft.music_disc_relic
in	minecraft:music_disc_5		item.minecraft.music_disc_5
in	minecraft:music_disc_pigstep		item.minecraft.music_disc_pigstep
in	minecraft:music_disc_tears		item.minecraft.music_disc_tears
in	minecraft:music_disc_lava_chicken		item.minecraft.music_disc_lava_chicken
in	minecraft:music_disc_bounce		item.minecraft.music_disc_bounce
tab	itemGroup.combat	minecraft:netherite_sword
in	minecraft:wooden_sword		item.minecraft.wooden_sword
in	minecraft:stone_sword		item.minecraft.stone_sword
in	minecraft:copper_sword		item.minecraft.copper_sword
in	minecraft:iron_sword		item.minecraft.iron_sword
in	minecraft:golden_sword		item.minecraft.golden_sword
in	minecraft:diamond_sword		item.minecraft.diamond_sword
in	minecraft:netherite_sword		item.minecraft.netherite_sword
in	minecraft:wooden_spear		item.minecraft.wooden_spear
in	minecraft:stone_spear		item.minecraft.stone_spear
in	minecraft:copper_spear		item.minecraft.copper_spear
in	minecraft:iron_spear		item.minecraft.iron_spear
in	minecraft:golden_spear		item.minecraft.golden_spear
in	minecraft:diamond_spear		item.minecraft.diamond_spear
in	minecraft:netherite_spear		item.minecraft.netherite_spear
in	minecraft:wooden_axe		item.minecraft.wooden_axe
in	minecraft:stone_axe		item.minecraft.stone_axe
in	minecraft:copper_axe		item.minecraft.copper_axe
in	minecraft:iron_axe		item.minecraft.iron_axe
in	minecraft:golden_axe		item.minecraft.golden_axe
in	minecraft:diamond_axe		item.minecraft.diamond_axe
in	minecraft:netherite_axe		item.minecraft.netherite_axe
in	minecraft:trident		item.minecraft.trident
in	minecraft:mace		item.minecraft.mace
in	minecraft:shield		item.minecraft.shield
in	minecraft:leather_helmet		item.minecraft.leather_helmet
in	minecraft:leather_chestplate		item.minecraft.leather_chestplate
in	minecraft:leather_leggings		item.minecraft.leather_leggings
in	minecraft:leather_boots		item.minecraft.leather_boots
in	minecraft:copper_helmet		item.minecraft.copper_helmet
in	minecraft:copper_chestplate		item.minecraft.copper_chestplate
in	minecraft:copper_leggings		item.minecraft.copper_leggings
in	minecraft:copper_boots		item.minecraft.copper_boots
in	minecraft:chainmail_helmet		item.minecraft.chainmail_helmet
in	minecraft:chainmail_chestplate		item.minecraft.chainmail_chestplate
in	minecraft:chainmail_leggings		item.minecraft.chainmail_leggings
in	minecraft:chainmail_boots		item.minecraft.chainmail_boots
in	minecraft:iron_helmet		item.minecraft.iron_helmet
in	minecraft:iron_chestplate		item.minecraft.iron_chestplate
in	minecraft:iron_leggings		item.minecraft.iron_leggings
in	minecraft:iron_boots		item.minecraft.iron_boots
in	minecraft:golden_helmet		item.minecraft.golden_helmet
in	minecraft:golden_chestplate		item.minecraft.golden_chestplate
in	minecraft:golden_leggings		item.minecraft.golden_leggings
in	minecraft:golden_boots		item.minecraft.golden_boots
in	minecraft:diamond_helmet		item.minecraft.diamond_helmet
in	minecraft:diamond_chestplate		item.minecraft.diamond_chestplate
in	minecraft:diamond_leggings		item.minecraft.diamond_leggings
in	minecraft:diamond_boots		item.minecraft.diamond_boots
in	minecraft:netherite_helmet		item.minecraft.netherite_helmet
in	minecraft:netherite_chestplate		item.minecraft.netherite_chestplate
in	minecraft:netherite_leggings		item.minecraft.netherite_leggings
in	minecraft:netherite_boots		item.minecraft.netherite_boots
in	minecraft:turtle_helmet		item.minecraft.turtle_helmet
in	minecraft:leather_horse_armor		item.minecraft.leather_horse_armor
in	minecraft:copper_horse_armor		item.minecraft.copper_horse_armor
in	minecraft:iron_horse_armor		item.minecraft.iron_horse_armor
in	minecraft:golden_horse_armor		item.minecraft.golden_horse_armor
in	minecraft:diamond_horse_armor		item.minecraft.diamond_horse_armor
in	minecraft:netherite_horse_armor		item.minecraft.netherite_horse_armor
in	minecraft:wolf_armor		item.minecraft.wolf_armor
in	minecraft:copper_nautilus_armor		item.minecraft.copper_nautilus_armor
in	minecraft:iron_nautilus_armor		item.minecraft.iron_nautilus_armor
in	minecraft:golden_nautilus_armor		item.minecraft.golden_nautilus_armor
in	minecraft:diamond_nautilus_armor		item.minecraft.diamond_nautilus_armor
in	minecraft:netherite_nautilus_armor		item.minecraft.netherite_nautilus_armor
in	minecraft:totem_of_undying		item.minecraft.totem_of_undying
in	minecraft:tnt		block.minecraft.tnt
in	minecraft:end_crystal		item.minecraft.end_crystal
in	minecraft:snowball		item.minecraft.snowball
in	minecraft:egg		item.minecraft.egg
in	minecraft:brown_egg		item.minecraft.brown_egg
in	minecraft:blue_egg		item.minecraft.blue_egg
in	minecraft:wind_charge		item.minecraft.wind_charge
in	minecraft:bow		item.minecraft.bow
in	minecraft:crossbow		item.minecraft.crossbow
in	minecraft:firework_rocket		item.minecraft.firework_rocket
in	minecraft:firework_rocket	{"minecraft:fireworks":{flight_duration:2b}}	item.minecraft.firework_rocket
in	minecraft:firework_rocket	{"minecraft:fireworks":{flight_duration:3b}}	item.minecraft.firework_rocket
in	minecraft:arrow		item.minecraft.arrow
in	minecraft:spectral_arrow		item.minecraft.spectral_arrow
in	minecraft:tipped_arrow	{"minecraft:potion_contents":{potion:"minecraft:water"}}	item.minecraft.tipped_arrow.effect.water
in	minecraft:tipped_arrow	{"minecraft:potion_contents":{potion:"minecraft:mundane"}}	item.minecraft.tipped_arrow.effect.mundane
in	minecraft:tipped_arrow	{"minecraft:potion_contents":{potion:"minecraft:thick"}}	item.minecraft.tipped_arrow.effect.thick
in	minecraft:tipped_arrow	{"minecraft:potion_contents":{potion:"minecraft:awkward"}}	item.minecraft.tipped_arrow.effect.awkward
in	minecraft:tipped_arrow	{"minecraft:potion_contents":{potion:"minecraft:night_vision"}}	item.minecraft.tipped_arrow.effect.night_vision
in	minecraft:tipped_arrow	{"minecraft:potion_contents":{potion:"minecraft:long_night_vision"}}	item.minecraft.tipped_arrow.effect.night_vision
in	minecraft:tipped_arrow	{"minecraft:potion_contents":{potion:"minecraft:invisibility"}}	item.minecraft.tipped_arrow.effect.invisibility
in	minecraft:tipped_arrow	{"minecraft:potion_contents":{potion:"minecraft:long_invisibility"}}	item.minecraft.tipped_arrow.effect.invisibility
in	minecraft:tipped_arrow	{"minecraft:potion_contents":{potion:"minecraft:leaping"}}	item.minecraft.tipped_arrow.effect.leaping
in	minecraft:tipped_arrow	{"minecraft:potion_contents":{potion:"minecraft:long_leaping"}}	item.minecraft.tipped_arrow.effect.leaping
in	minecraft:tipped_arrow	{"minecraft:potion_contents":{potion:"minecraft:strong_leaping"}}	item.minecraft.tipped_arrow.effect.leaping
in	minecraft:tipped_arrow	{"minecraft:potion_contents":{potion:"minecraft:fire_resistance"}}	item.minecraft.tipped_arrow.effect.fire_resistance
in	minecraft:tipped_arrow	{"minecraft:potion_contents":{potion:"minecraft:long_fire_resistance"}}	item.minecraft.tipped_arrow.effect.fire_resistance
in	minecraft:tipped_arrow	{"minecraft:potion_contents":{potion:"minecraft:swiftness"}}	item.minecraft.tipped_arrow.effect.swiftness
in	minecraft:tipped_arrow	{"minecraft:potion_contents":{potion:"minecraft:long_swiftness"}}	item.minecraft.tipped_arrow.effect.swiftness
in	minecraft:tipped_arrow	{"minecraft:potion_contents":{potion:"minecraft:strong_swiftness"}}	item.minecraft.tipped_arrow.effect.swiftness
in	minecraft:tipped_arrow	{"minecraft:potion_contents":{potion:"minecraft:slowness"}}	item.minecraft.tipped_arrow.effect.slowness
in	minecraft:tipped_arrow	{"minecraft:potion_contents":{potion:"minecraft:long_slowness"}}	item.minecraft.tipped_arrow.effect.slowness
in	minecraft:tipped_arrow	{"minecraft:potion_contents":{potion:"minecraft:strong_slowness"}}	item.minecraft.tipped_arrow.effect.slowness
in	minecraft:tipped_arrow	{"minecraft:potion_contents":{potion:"minecraft:turtle_master"}}	item.minecraft.tipped_arrow.effect.turtle_master
in	minecraft:tipped_arrow	{"minecraft:potion_contents":{potion:"minecraft:long_turtle_master"}}	item.minecraft.tipped_arrow.effect.turtle_master
in	minecraft:tipped_arrow	{"minecraft:potion_contents":{potion:"minecraft:strong_turtle_master"}}	item.minecraft.tipped_arrow.effect.turtle_master
in	minecraft:tipped_arrow	{"minecraft:potion_contents":{potion:"minecraft:water_breathing"}}	item.minecraft.tipped_arrow.effect.water_breathing
in	minecraft:tipped_arrow	{"minecraft:potion_contents":{potion:"minecraft:long_water_breathing"}}	item.minecraft.tipped_arrow.effect.water_breathing
in	minecraft:tipped_arrow	{"minecraft:potion_contents":{potion:"minecraft:healing"}}	item.minecraft.tipped_arrow.effect.healing
in	minecraft:tipped_arrow	{"minecraft:potion_contents":{potion:"minecraft:strong_healing"}}	item.minecraft.tipped_arrow.effect.healing
in	minecraft:tipped_arrow	{"minecraft:potion_contents":{potion:"minecraft:harming"}}	item.minecraft.tipped_arrow.effect.harming
in	minecraft:tipped_arrow	{"minecraft:potion_contents":{potion:"minecraft:strong_harming"}}	item.minecraft.tipped_arrow.effect.harming
in	minecraft:tipped_arrow	{"minecraft:potion_contents":{potion:"minecraft:poison"}}	item.minecraft.tipped_arrow.effect.poison
in	minecraft:tipped_arrow	{"minecraft:potion_contents":{potion:"minecraft:long_poison"}}	item.minecraft.tipped_arrow.effect.poison
in	minecraft:tipped_arrow	{"minecraft:potion_contents":{potion:"minecraft:strong_poison"}}	item.minecraft.tipped_arrow.effect.poison
in	minecraft:tipped_arrow	{"minecraft:potion_contents":{potion:"minecraft:regeneration"}}	item.minecraft.tipped_arrow.effect.regeneration
in	minecraft:tipped_arrow	{"minecraft:potion_contents":{potion:"minecraft:long_regeneration"}}	item.minecraft.tipped_arrow.effect.regeneration
in	minecraft:tipped_arrow	{"minecraft:potion_contents":{potion:"minecraft:strong_regeneration"}}	item.minecraft.tipped_arrow.effect.regeneration
in	minecraft:tipped_arrow	{"minecraft:potion_contents":{potion:"minecraft:strength"}}	item.minecraft.tipped_arrow.effect.strength
in	minecraft:tipped_arrow	{"minecraft:potion_contents":{potion:"minecraft:long_strength"}}	item.minecraft.tipped_arrow.effect.strength
in	minecraft:tipped_arrow	{"minecraft:potion_contents":{potion:"minecraft:strong_strength"}}	item.minecraft.tipped_arrow.effect.strength
in	minecraft:tipped_arrow	{"minecraft:potion_contents":{potion:"minecraft:weakness"}}	item.minecraft.tipped_arrow.effect.weakness
in	minecraft:tipped_arrow	{"minecraft:potion_contents":{potion:"minecraft:long_weakness"}}	item.minecraft.tipped_arrow.effect.weakness
in	minecraft:tipped_arrow	{"minecraft:potion_contents":{potion:"minecraft:luck"}}	item.minecraft.tipped_arrow.effect.luck
in	minecraft:tipped_arrow	{"minecraft:potion_contents":{potion:"minecraft:slow_falling"}}	item.minecraft.tipped_arrow.effect.slow_falling
in	minecraft:tipped_arrow	{"minecraft:potion_contents":{potion:"minecraft:long_slow_falling"}}	item.minecraft.tipped_arrow.effect.slow_falling
in	minecraft:tipped_arrow	{"minecraft:potion_contents":{potion:"minecraft:wind_charged"}}	item.minecraft.tipped_arrow.effect.wind_charged
in	minecraft:tipped_arrow	{"minecraft:potion_contents":{potion:"minecraft:weaving"}}	item.minecraft.tipped_arrow.effect.weaving
in	minecraft:tipped_arrow	{"minecraft:potion_contents":{potion:"minecraft:oozing"}}	item.minecraft.tipped_arrow.effect.oozing
in	minecraft:tipped_arrow	{"minecraft:potion_contents":{potion:"minecraft:infested"}}	item.minecraft.tipped_arrow.effect.infested
tab	itemGroup.foodAndDrink	minecraft:golden_apple
in	minecraft:apple		item.minecraft.apple
in	minecraft:golden_apple		item.minecraft.golden_apple
in	minecraft:enchanted_golden_apple		item.minecraft.enchanted_golden_apple
in	minecraft:melon_slice		item.minecraft.melon_slice
in	minecraft:sweet_berries		item.minecraft.sweet_berries
in	minecraft:glow_berries		item.minecraft.glow_berries
in	minecraft:chorus_fruit		item.minecraft.chorus_fruit
in	minecraft:carrot		item.minecraft.carrot
in	minecraft:golden_carrot		item.minecraft.golden_carrot
in	minecraft:potato		item.minecraft.potato
in	minecraft:baked_potato		item.minecraft.baked_potato
in	minecraft:poisonous_potato		item.minecraft.poisonous_potato
in	minecraft:beetroot		item.minecraft.beetroot
in	minecraft:golden_dandelion		block.minecraft.golden_dandelion
in	minecraft:dried_kelp		item.minecraft.dried_kelp
in	minecraft:beef		item.minecraft.beef
in	minecraft:cooked_beef		item.minecraft.cooked_beef
in	minecraft:porkchop		item.minecraft.porkchop
in	minecraft:cooked_porkchop		item.minecraft.cooked_porkchop
in	minecraft:mutton		item.minecraft.mutton
in	minecraft:cooked_mutton		item.minecraft.cooked_mutton
in	minecraft:chicken		item.minecraft.chicken
in	minecraft:cooked_chicken		item.minecraft.cooked_chicken
in	minecraft:rabbit		item.minecraft.rabbit
in	minecraft:cooked_rabbit		item.minecraft.cooked_rabbit
in	minecraft:cod		item.minecraft.cod
in	minecraft:cooked_cod		item.minecraft.cooked_cod
in	minecraft:salmon		item.minecraft.salmon
in	minecraft:cooked_salmon		item.minecraft.cooked_salmon
in	minecraft:tropical_fish		item.minecraft.tropical_fish
in	minecraft:pufferfish		item.minecraft.pufferfish
in	minecraft:bread		item.minecraft.bread
in	minecraft:cookie		item.minecraft.cookie
in	minecraft:cake		block.minecraft.cake
in	minecraft:pumpkin_pie		item.minecraft.pumpkin_pie
in	minecraft:rotten_flesh		item.minecraft.rotten_flesh
in	minecraft:spider_eye		item.minecraft.spider_eye
in	minecraft:mushroom_stew		item.minecraft.mushroom_stew
in	minecraft:beetroot_soup		item.minecraft.beetroot_soup
in	minecraft:rabbit_stew		item.minecraft.rabbit_stew
in	minecraft:suspicious_stew	{"minecraft:suspicious_stew_effects":[{duration:7,id:"minecraft:saturation"}]}	item.minecraft.suspicious_stew
in	minecraft:suspicious_stew	{"minecraft:suspicious_stew_effects":[{duration:220,id:"minecraft:blindness"}]}	item.minecraft.suspicious_stew
in	minecraft:suspicious_stew	{"minecraft:suspicious_stew_effects":[{duration:140,id:"minecraft:nausea"}]}	item.minecraft.suspicious_stew
in	minecraft:suspicious_stew	{"minecraft:suspicious_stew_effects":[{duration:100,id:"minecraft:night_vision"}]}	item.minecraft.suspicious_stew
in	minecraft:suspicious_stew	{"minecraft:suspicious_stew_effects":[{duration:60,id:"minecraft:fire_resistance"}]}	item.minecraft.suspicious_stew
in	minecraft:suspicious_stew	{"minecraft:suspicious_stew_effects":[{duration:140,id:"minecraft:weakness"}]}	item.minecraft.suspicious_stew
in	minecraft:suspicious_stew	{"minecraft:suspicious_stew_effects":[{duration:140,id:"minecraft:regeneration"}]}	item.minecraft.suspicious_stew
in	minecraft:suspicious_stew	{"minecraft:suspicious_stew_effects":[{duration:100,id:"minecraft:jump_boost"}]}	item.minecraft.suspicious_stew
in	minecraft:suspicious_stew	{"minecraft:suspicious_stew_effects":[{duration:220,id:"minecraft:poison"}]}	item.minecraft.suspicious_stew
in	minecraft:suspicious_stew	{"minecraft:suspicious_stew_effects":[{duration:140,id:"minecraft:wither"}]}	item.minecraft.suspicious_stew
in	minecraft:milk_bucket		item.minecraft.milk_bucket
in	minecraft:honey_bottle		item.minecraft.honey_bottle
in	minecraft:ominous_bottle		item.minecraft.ominous_bottle
in	minecraft:ominous_bottle	{"minecraft:ominous_bottle_amplifier":1}	item.minecraft.ominous_bottle
in	minecraft:ominous_bottle	{"minecraft:ominous_bottle_amplifier":2}	item.minecraft.ominous_bottle
in	minecraft:ominous_bottle	{"minecraft:ominous_bottle_amplifier":3}	item.minecraft.ominous_bottle
in	minecraft:ominous_bottle	{"minecraft:ominous_bottle_amplifier":4}	item.minecraft.ominous_bottle
in	minecraft:potion	{"minecraft:potion_contents":{potion:"minecraft:water"}}	item.minecraft.potion.effect.water
in	minecraft:potion	{"minecraft:potion_contents":{potion:"minecraft:mundane"}}	item.minecraft.potion.effect.mundane
in	minecraft:potion	{"minecraft:potion_contents":{potion:"minecraft:thick"}}	item.minecraft.potion.effect.thick
in	minecraft:potion	{"minecraft:potion_contents":{potion:"minecraft:awkward"}}	item.minecraft.potion.effect.awkward
in	minecraft:potion	{"minecraft:potion_contents":{potion:"minecraft:night_vision"}}	item.minecraft.potion.effect.night_vision
in	minecraft:potion	{"minecraft:potion_contents":{potion:"minecraft:long_night_vision"}}	item.minecraft.potion.effect.night_vision
in	minecraft:potion	{"minecraft:potion_contents":{potion:"minecraft:invisibility"}}	item.minecraft.potion.effect.invisibility
in	minecraft:potion	{"minecraft:potion_contents":{potion:"minecraft:long_invisibility"}}	item.minecraft.potion.effect.invisibility
in	minecraft:potion	{"minecraft:potion_contents":{potion:"minecraft:leaping"}}	item.minecraft.potion.effect.leaping
in	minecraft:potion	{"minecraft:potion_contents":{potion:"minecraft:long_leaping"}}	item.minecraft.potion.effect.leaping
in	minecraft:potion	{"minecraft:potion_contents":{potion:"minecraft:strong_leaping"}}	item.minecraft.potion.effect.leaping
in	minecraft:potion	{"minecraft:potion_contents":{potion:"minecraft:fire_resistance"}}	item.minecraft.potion.effect.fire_resistance
in	minecraft:potion	{"minecraft:potion_contents":{potion:"minecraft:long_fire_resistance"}}	item.minecraft.potion.effect.fire_resistance
in	minecraft:potion	{"minecraft:potion_contents":{potion:"minecraft:swiftness"}}	item.minecraft.potion.effect.swiftness
in	minecraft:potion	{"minecraft:potion_contents":{potion:"minecraft:long_swiftness"}}	item.minecraft.potion.effect.swiftness
in	minecraft:potion	{"minecraft:potion_contents":{potion:"minecraft:strong_swiftness"}}	item.minecraft.potion.effect.swiftness
in	minecraft:potion	{"minecraft:potion_contents":{potion:"minecraft:slowness"}}	item.minecraft.potion.effect.slowness
in	minecraft:potion	{"minecraft:potion_contents":{potion:"minecraft:long_slowness"}}	item.minecraft.potion.effect.slowness
in	minecraft:potion	{"minecraft:potion_contents":{potion:"minecraft:strong_slowness"}}	item.minecraft.potion.effect.slowness
in	minecraft:potion	{"minecraft:potion_contents":{potion:"minecraft:turtle_master"}}	item.minecraft.potion.effect.turtle_master
in	minecraft:potion	{"minecraft:potion_contents":{potion:"minecraft:long_turtle_master"}}	item.minecraft.potion.effect.turtle_master
in	minecraft:potion	{"minecraft:potion_contents":{potion:"minecraft:strong_turtle_master"}}	item.minecraft.potion.effect.turtle_master
in	minecraft:potion	{"minecraft:potion_contents":{potion:"minecraft:water_breathing"}}	item.minecraft.potion.effect.water_breathing
in	minecraft:potion	{"minecraft:potion_contents":{potion:"minecraft:long_water_breathing"}}	item.minecraft.potion.effect.water_breathing
in	minecraft:potion	{"minecraft:potion_contents":{potion:"minecraft:healing"}}	item.minecraft.potion.effect.healing
in	minecraft:potion	{"minecraft:potion_contents":{potion:"minecraft:strong_healing"}}	item.minecraft.potion.effect.healing
in	minecraft:potion	{"minecraft:potion_contents":{potion:"minecraft:harming"}}	item.minecraft.potion.effect.harming
in	minecraft:potion	{"minecraft:potion_contents":{potion:"minecraft:strong_harming"}}	item.minecraft.potion.effect.harming
in	minecraft:potion	{"minecraft:potion_contents":{potion:"minecraft:poison"}}	item.minecraft.potion.effect.poison
in	minecraft:potion	{"minecraft:potion_contents":{potion:"minecraft:long_poison"}}	item.minecraft.potion.effect.poison
in	minecraft:potion	{"minecraft:potion_contents":{potion:"minecraft:strong_poison"}}	item.minecraft.potion.effect.poison
in	minecraft:potion	{"minecraft:potion_contents":{potion:"minecraft:regeneration"}}	item.minecraft.potion.effect.regeneration
in	minecraft:potion	{"minecraft:potion_contents":{potion:"minecraft:long_regeneration"}}	item.minecraft.potion.effect.regeneration
in	minecraft:potion	{"minecraft:potion_contents":{potion:"minecraft:strong_regeneration"}}	item.minecraft.potion.effect.regeneration
in	minecraft:potion	{"minecraft:potion_contents":{potion:"minecraft:strength"}}	item.minecraft.potion.effect.strength
in	minecraft:potion	{"minecraft:potion_contents":{potion:"minecraft:long_strength"}}	item.minecraft.potion.effect.strength
in	minecraft:potion	{"minecraft:potion_contents":{potion:"minecraft:strong_strength"}}	item.minecraft.potion.effect.strength
in	minecraft:potion	{"minecraft:potion_contents":{potion:"minecraft:weakness"}}	item.minecraft.potion.effect.weakness
in	minecraft:potion	{"minecraft:potion_contents":{potion:"minecraft:long_weakness"}}	item.minecraft.potion.effect.weakness
in	minecraft:potion	{"minecraft:potion_contents":{potion:"minecraft:luck"}}	item.minecraft.potion.effect.luck
in	minecraft:potion	{"minecraft:potion_contents":{potion:"minecraft:slow_falling"}}	item.minecraft.potion.effect.slow_falling
in	minecraft:potion	{"minecraft:potion_contents":{potion:"minecraft:long_slow_falling"}}	item.minecraft.potion.effect.slow_falling
in	minecraft:potion	{"minecraft:potion_contents":{potion:"minecraft:wind_charged"}}	item.minecraft.potion.effect.wind_charged
in	minecraft:potion	{"minecraft:potion_contents":{potion:"minecraft:weaving"}}	item.minecraft.potion.effect.weaving
in	minecraft:potion	{"minecraft:potion_contents":{potion:"minecraft:oozing"}}	item.minecraft.potion.effect.oozing
in	minecraft:potion	{"minecraft:potion_contents":{potion:"minecraft:infested"}}	item.minecraft.potion.effect.infested
in	minecraft:splash_potion	{"minecraft:potion_contents":{potion:"minecraft:water"}}	item.minecraft.splash_potion.effect.water
in	minecraft:splash_potion	{"minecraft:potion_contents":{potion:"minecraft:mundane"}}	item.minecraft.splash_potion.effect.mundane
in	minecraft:splash_potion	{"minecraft:potion_contents":{potion:"minecraft:thick"}}	item.minecraft.splash_potion.effect.thick
in	minecraft:splash_potion	{"minecraft:potion_contents":{potion:"minecraft:awkward"}}	item.minecraft.splash_potion.effect.awkward
in	minecraft:splash_potion	{"minecraft:potion_contents":{potion:"minecraft:night_vision"}}	item.minecraft.splash_potion.effect.night_vision
in	minecraft:splash_potion	{"minecraft:potion_contents":{potion:"minecraft:long_night_vision"}}	item.minecraft.splash_potion.effect.night_vision
in	minecraft:splash_potion	{"minecraft:potion_contents":{potion:"minecraft:invisibility"}}	item.minecraft.splash_potion.effect.invisibility
in	minecraft:splash_potion	{"minecraft:potion_contents":{potion:"minecraft:long_invisibility"}}	item.minecraft.splash_potion.effect.invisibility
in	minecraft:splash_potion	{"minecraft:potion_contents":{potion:"minecraft:leaping"}}	item.minecraft.splash_potion.effect.leaping
in	minecraft:splash_potion	{"minecraft:potion_contents":{potion:"minecraft:long_leaping"}}	item.minecraft.splash_potion.effect.leaping
in	minecraft:splash_potion	{"minecraft:potion_contents":{potion:"minecraft:strong_leaping"}}	item.minecraft.splash_potion.effect.leaping
in	minecraft:splash_potion	{"minecraft:potion_contents":{potion:"minecraft:fire_resistance"}}	item.minecraft.splash_potion.effect.fire_resistance
in	minecraft:splash_potion	{"minecraft:potion_contents":{potion:"minecraft:long_fire_resistance"}}	item.minecraft.splash_potion.effect.fire_resistance
in	minecraft:splash_potion	{"minecraft:potion_contents":{potion:"minecraft:swiftness"}}	item.minecraft.splash_potion.effect.swiftness
in	minecraft:splash_potion	{"minecraft:potion_contents":{potion:"minecraft:long_swiftness"}}	item.minecraft.splash_potion.effect.swiftness
in	minecraft:splash_potion	{"minecraft:potion_contents":{potion:"minecraft:strong_swiftness"}}	item.minecraft.splash_potion.effect.swiftness
in	minecraft:splash_potion	{"minecraft:potion_contents":{potion:"minecraft:slowness"}}	item.minecraft.splash_potion.effect.slowness
in	minecraft:splash_potion	{"minecraft:potion_contents":{potion:"minecraft:long_slowness"}}	item.minecraft.splash_potion.effect.slowness
in	minecraft:splash_potion	{"minecraft:potion_contents":{potion:"minecraft:strong_slowness"}}	item.minecraft.splash_potion.effect.slowness
in	minecraft:splash_potion	{"minecraft:potion_contents":{potion:"minecraft:turtle_master"}}	item.minecraft.splash_potion.effect.turtle_master
in	minecraft:splash_potion	{"minecraft:potion_contents":{potion:"minecraft:long_turtle_master"}}	item.minecraft.splash_potion.effect.turtle_master
in	minecraft:splash_potion	{"minecraft:potion_contents":{potion:"minecraft:strong_turtle_master"}}	item.minecraft.splash_potion.effect.turtle_master
in	minecraft:splash_potion	{"minecraft:potion_contents":{potion:"minecraft:water_breathing"}}	item.minecraft.splash_potion.effect.water_breathing
in	minecraft:splash_potion	{"minecraft:potion_contents":{potion:"minecraft:long_water_breathing"}}	item.minecraft.splash_potion.effect.water_breathing
in	minecraft:splash_potion	{"minecraft:potion_contents":{potion:"minecraft:healing"}}	item.minecraft.splash_potion.effect.healing
in	minecraft:splash_potion	{"minecraft:potion_contents":{potion:"minecraft:strong_healing"}}	item.minecraft.splash_potion.effect.healing
in	minecraft:splash_potion	{"minecraft:potion_contents":{potion:"minecraft:harming"}}	item.minecraft.splash_potion.effect.harming
in	minecraft:splash_potion	{"minecraft:potion_contents":{potion:"minecraft:strong_harming"}}	item.minecraft.splash_potion.effect.harming
in	minecraft:splash_potion	{"minecraft:potion_contents":{potion:"minecraft:poison"}}	item.minecraft.splash_potion.effect.poison
in	minecraft:splash_potion	{"minecraft:potion_contents":{potion:"minecraft:long_poison"}}	item.minecraft.splash_potion.effect.poison
in	minecraft:splash_potion	{"minecraft:potion_contents":{potion:"minecraft:strong_poison"}}	item.minecraft.splash_potion.effect.poison
in	minecraft:splash_potion	{"minecraft:potion_contents":{potion:"minecraft:regeneration"}}	item.minecraft.splash_potion.effect.regeneration
in	minecraft:splash_potion	{"minecraft:potion_contents":{potion:"minecraft:long_regeneration"}}	item.minecraft.splash_potion.effect.regeneration
in	minecraft:splash_potion	{"minecraft:potion_contents":{potion:"minecraft:strong_regeneration"}}	item.minecraft.splash_potion.effect.regeneration
in	minecraft:splash_potion	{"minecraft:potion_contents":{potion:"minecraft:strength"}}	item.minecraft.splash_potion.effect.strength
in	minecraft:splash_potion	{"minecraft:potion_contents":{potion:"minecraft:long_strength"}}	item.minecraft.splash_potion.effect.strength
in	minecraft:splash_potion	{"minecraft:potion_contents":{potion:"minecraft:strong_strength"}}	item.minecraft.splash_potion.effect.strength
in	minecraft:splash_potion	{"minecraft:potion_contents":{potion:"minecraft:weakness"}}	item.minecraft.splash_potion.effect.weakness
in	minecraft:splash_potion	{"minecraft:potion_contents":{potion:"minecraft:long_weakness"}}	item.minecraft.splash_potion.effect.weakness
in	minecraft:splash_potion	{"minecraft:potion_contents":{potion:"minecraft:luck"}}	item.minecraft.splash_potion.effect.luck
in	minecraft:splash_potion	{"minecraft:potion_contents":{potion:"minecraft:slow_falling"}}	item.minecraft.splash_potion.effect.slow_falling
in	minecraft:splash_potion	{"minecraft:potion_contents":{potion:"minecraft:long_slow_falling"}}	item.minecraft.splash_potion.effect.slow_falling
in	minecraft:splash_potion	{"minecraft:potion_contents":{potion:"minecraft:wind_charged"}}	item.minecraft.splash_potion.effect.wind_charged
in	minecraft:splash_potion	{"minecraft:potion_contents":{potion:"minecraft:weaving"}}	item.minecraft.splash_potion.effect.weaving
in	minecraft:splash_potion	{"minecraft:potion_contents":{potion:"minecraft:oozing"}}	item.minecraft.splash_potion.effect.oozing
in	minecraft:splash_potion	{"minecraft:potion_contents":{potion:"minecraft:infested"}}	item.minecraft.splash_potion.effect.infested
in	minecraft:lingering_potion	{"minecraft:potion_contents":{potion:"minecraft:water"}}	item.minecraft.lingering_potion.effect.water
in	minecraft:lingering_potion	{"minecraft:potion_contents":{potion:"minecraft:mundane"}}	item.minecraft.lingering_potion.effect.mundane
in	minecraft:lingering_potion	{"minecraft:potion_contents":{potion:"minecraft:thick"}}	item.minecraft.lingering_potion.effect.thick
in	minecraft:lingering_potion	{"minecraft:potion_contents":{potion:"minecraft:awkward"}}	item.minecraft.lingering_potion.effect.awkward
in	minecraft:lingering_potion	{"minecraft:potion_contents":{potion:"minecraft:night_vision"}}	item.minecraft.lingering_potion.effect.night_vision
in	minecraft:lingering_potion	{"minecraft:potion_contents":{potion:"minecraft:long_night_vision"}}	item.minecraft.lingering_potion.effect.night_vision
in	minecraft:lingering_potion	{"minecraft:potion_contents":{potion:"minecraft:invisibility"}}	item.minecraft.lingering_potion.effect.invisibility
in	minecraft:lingering_potion	{"minecraft:potion_contents":{potion:"minecraft:long_invisibility"}}	item.minecraft.lingering_potion.effect.invisibility
in	minecraft:lingering_potion	{"minecraft:potion_contents":{potion:"minecraft:leaping"}}	item.minecraft.lingering_potion.effect.leaping
in	minecraft:lingering_potion	{"minecraft:potion_contents":{potion:"minecraft:long_leaping"}}	item.minecraft.lingering_potion.effect.leaping
in	minecraft:lingering_potion	{"minecraft:potion_contents":{potion:"minecraft:strong_leaping"}}	item.minecraft.lingering_potion.effect.leaping
in	minecraft:lingering_potion	{"minecraft:potion_contents":{potion:"minecraft:fire_resistance"}}	item.minecraft.lingering_potion.effect.fire_resistance
in	minecraft:lingering_potion	{"minecraft:potion_contents":{potion:"minecraft:long_fire_resistance"}}	item.minecraft.lingering_potion.effect.fire_resistance
in	minecraft:lingering_potion	{"minecraft:potion_contents":{potion:"minecraft:swiftness"}}	item.minecraft.lingering_potion.effect.swiftness
in	minecraft:lingering_potion	{"minecraft:potion_contents":{potion:"minecraft:long_swiftness"}}	item.minecraft.lingering_potion.effect.swiftness
in	minecraft:lingering_potion	{"minecraft:potion_contents":{potion:"minecraft:strong_swiftness"}}	item.minecraft.lingering_potion.effect.swiftness
in	minecraft:lingering_potion	{"minecraft:potion_contents":{potion:"minecraft:slowness"}}	item.minecraft.lingering_potion.effect.slowness
in	minecraft:lingering_potion	{"minecraft:potion_contents":{potion:"minecraft:long_slowness"}}	item.minecraft.lingering_potion.effect.slowness
in	minecraft:lingering_potion	{"minecraft:potion_contents":{potion:"minecraft:strong_slowness"}}	item.minecraft.lingering_potion.effect.slowness
in	minecraft:lingering_potion	{"minecraft:potion_contents":{potion:"minecraft:turtle_master"}}	item.minecraft.lingering_potion.effect.turtle_master
in	minecraft:lingering_potion	{"minecraft:potion_contents":{potion:"minecraft:long_turtle_master"}}	item.minecraft.lingering_potion.effect.turtle_master
in	minecraft:lingering_potion	{"minecraft:potion_contents":{potion:"minecraft:strong_turtle_master"}}	item.minecraft.lingering_potion.effect.turtle_master
in	minecraft:lingering_potion	{"minecraft:potion_contents":{potion:"minecraft:water_breathing"}}	item.minecraft.lingering_potion.effect.water_breathing
in	minecraft:lingering_potion	{"minecraft:potion_contents":{potion:"minecraft:long_water_breathing"}}	item.minecraft.lingering_potion.effect.water_breathing
in	minecraft:lingering_potion	{"minecraft:potion_contents":{potion:"minecraft:healing"}}	item.minecraft.lingering_potion.effect.healing
in	minecraft:lingering_potion	{"minecraft:potion_contents":{potion:"minecraft:strong_healing"}}	item.minecraft.lingering_potion.effect.healing
in	minecraft:lingering_potion	{"minecraft:potion_contents":{potion:"minecraft:harming"}}	item.minecraft.lingering_potion.effect.harming
in	minecraft:lingering_potion	{"minecraft:potion_contents":{potion:"minecraft:strong_harming"}}	item.minecraft.lingering_potion.effect.harming
in	minecraft:lingering_potion	{"minecraft:potion_contents":{potion:"minecraft:poison"}}	item.minecraft.lingering_potion.effect.poison
in	minecraft:lingering_potion	{"minecraft:potion_contents":{potion:"minecraft:long_poison"}}	item.minecraft.lingering_potion.effect.poison
in	minecraft:lingering_potion	{"minecraft:potion_contents":{potion:"minecraft:strong_poison"}}	item.minecraft.lingering_potion.effect.poison
in	minecraft:lingering_potion	{"minecraft:potion_contents":{potion:"minecraft:regeneration"}}	item.minecraft.lingering_potion.effect.regeneration
in	minecraft:lingering_potion	{"minecraft:potion_contents":{potion:"minecraft:long_regeneration"}}	item.minecraft.lingering_potion.effect.regeneration
in	minecraft:lingering_potion	{"minecraft:potion_contents":{potion:"minecraft:strong_regeneration"}}	item.minecraft.lingering_potion.effect.regeneration
in	minecraft:lingering_potion	{"minecraft:potion_contents":{potion:"minecraft:strength"}}	item.minecraft.lingering_potion.effect.strength
in	minecraft:lingering_potion	{"minecraft:potion_contents":{potion:"minecraft:long_strength"}}	item.minecraft.lingering_potion.effect.strength
in	minecraft:lingering_potion	{"minecraft:potion_contents":{potion:"minecraft:strong_strength"}}	item.minecraft.lingering_potion.effect.strength
in	minecraft:lingering_potion	{"minecraft:potion_contents":{potion:"minecraft:weakness"}}	item.minecraft.lingering_potion.effect.weakness
in	minecraft:lingering_potion	{"minecraft:potion_contents":{potion:"minecraft:long_weakness"}}	item.minecraft.lingering_potion.effect.weakness
in	minecraft:lingering_potion	{"minecraft:potion_contents":{potion:"minecraft:luck"}}	item.minecraft.lingering_potion.effect.luck
in	minecraft:lingering_potion	{"minecraft:potion_contents":{potion:"minecraft:slow_falling"}}	item.minecraft.lingering_potion.effect.slow_falling
in	minecraft:lingering_potion	{"minecraft:potion_contents":{potion:"minecraft:long_slow_falling"}}	item.minecraft.lingering_potion.effect.slow_falling
in	minecraft:lingering_potion	{"minecraft:potion_contents":{potion:"minecraft:wind_charged"}}	item.minecraft.lingering_potion.effect.wind_charged
in	minecraft:lingering_potion	{"minecraft:potion_contents":{potion:"minecraft:weaving"}}	item.minecraft.lingering_potion.effect.weaving
in	minecraft:lingering_potion	{"minecraft:potion_contents":{potion:"minecraft:oozing"}}	item.minecraft.lingering_potion.effect.oozing
in	minecraft:lingering_potion	{"minecraft:potion_contents":{potion:"minecraft:infested"}}	item.minecraft.lingering_potion.effect.infested
tab	itemGroup.ingredients	minecraft:iron_ingot
in	minecraft:coal		item.minecraft.coal
in	minecraft:charcoal		item.minecraft.charcoal
in	minecraft:raw_copper		item.minecraft.raw_copper
in	minecraft:raw_iron		item.minecraft.raw_iron
in	minecraft:raw_gold		item.minecraft.raw_gold
in	minecraft:emerald		item.minecraft.emerald
in	minecraft:lapis_lazuli		item.minecraft.lapis_lazuli
in	minecraft:diamond		item.minecraft.diamond
in	minecraft:ancient_debris		block.minecraft.ancient_debris
in	minecraft:quartz		item.minecraft.quartz
in	minecraft:amethyst_shard		item.minecraft.amethyst_shard
in	minecraft:copper_nugget		item.minecraft.copper_nugget
in	minecraft:iron_nugget		item.minecraft.iron_nugget
in	minecraft:gold_nugget		item.minecraft.gold_nugget
in	minecraft:copper_ingot		item.minecraft.copper_ingot
in	minecraft:iron_ingot		item.minecraft.iron_ingot
in	minecraft:gold_ingot		item.minecraft.gold_ingot
in	minecraft:netherite_scrap		item.minecraft.netherite_scrap
in	minecraft:netherite_ingot		item.minecraft.netherite_ingot
in	minecraft:stick		item.minecraft.stick
in	minecraft:flint		item.minecraft.flint
in	minecraft:wheat		item.minecraft.wheat
in	minecraft:bone		item.minecraft.bone
in	minecraft:bone_meal		item.minecraft.bone_meal
in	minecraft:string		item.minecraft.string
in	minecraft:feather		item.minecraft.feather
in	minecraft:snowball		item.minecraft.snowball
in	minecraft:egg		item.minecraft.egg
in	minecraft:brown_egg		item.minecraft.brown_egg
in	minecraft:blue_egg		item.minecraft.blue_egg
in	minecraft:leather		item.minecraft.leather
in	minecraft:rabbit_hide		item.minecraft.rabbit_hide
in	minecraft:honeycomb		item.minecraft.honeycomb
in	minecraft:resin_clump		item.minecraft.resin_clump
in	minecraft:ink_sac		item.minecraft.ink_sac
in	minecraft:glow_ink_sac		item.minecraft.glow_ink_sac
in	minecraft:turtle_scute		item.minecraft.turtle_scute
in	minecraft:armadillo_scute		item.minecraft.armadillo_scute
in	minecraft:slime_ball		item.minecraft.slime_ball
in	minecraft:clay_ball		item.minecraft.clay_ball
in	minecraft:prismarine_shard		item.minecraft.prismarine_shard
in	minecraft:prismarine_crystals		item.minecraft.prismarine_crystals
in	minecraft:nautilus_shell		item.minecraft.nautilus_shell
in	minecraft:heart_of_the_sea		item.minecraft.heart_of_the_sea
in	minecraft:fire_charge		item.minecraft.fire_charge
in	minecraft:blaze_rod		item.minecraft.blaze_rod
in	minecraft:breeze_rod		item.minecraft.breeze_rod
in	minecraft:heavy_core		block.minecraft.heavy_core
in	minecraft:nether_star		item.minecraft.nether_star
in	minecraft:ender_pearl		item.minecraft.ender_pearl
in	minecraft:ender_eye		item.minecraft.ender_eye
in	minecraft:shulker_shell		item.minecraft.shulker_shell
in	minecraft:popped_chorus_fruit		item.minecraft.popped_chorus_fruit
in	minecraft:echo_shard		item.minecraft.echo_shard
in	minecraft:disc_fragment_5		item.minecraft.disc_fragment_5
in	minecraft:white_dye		item.minecraft.white_dye
in	minecraft:orange_dye		item.minecraft.orange_dye
in	minecraft:magenta_dye		item.minecraft.magenta_dye
in	minecraft:light_blue_dye		item.minecraft.light_blue_dye
in	minecraft:yellow_dye		item.minecraft.yellow_dye
in	minecraft:lime_dye		item.minecraft.lime_dye
in	minecraft:pink_dye		item.minecraft.pink_dye
in	minecraft:gray_dye		item.minecraft.gray_dye
in	minecraft:light_gray_dye		item.minecraft.light_gray_dye
in	minecraft:cyan_dye		item.minecraft.cyan_dye
in	minecraft:purple_dye		item.minecraft.purple_dye
in	minecraft:blue_dye		item.minecraft.blue_dye
in	minecraft:brown_dye		item.minecraft.brown_dye
in	minecraft:green_dye		item.minecraft.green_dye
in	minecraft:red_dye		item.minecraft.red_dye
in	minecraft:black_dye		item.minecraft.black_dye
in	minecraft:bowl		item.minecraft.bowl
in	minecraft:brick		item.minecraft.brick
in	minecraft:nether_brick		item.minecraft.nether_brick
in	minecraft:resin_brick		item.minecraft.resin_brick
in	minecraft:paper		item.minecraft.paper
in	minecraft:book		item.minecraft.book
in	minecraft:firework_star		item.minecraft.firework_star
in	minecraft:glass_bottle		item.minecraft.glass_bottle
in	minecraft:nether_wart		item.minecraft.nether_wart
in	minecraft:redstone		item.minecraft.redstone
in	minecraft:glowstone_dust		item.minecraft.glowstone_dust
in	minecraft:gunpowder		item.minecraft.gunpowder
in	minecraft:dragon_breath		item.minecraft.dragon_breath
in	minecraft:fermented_spider_eye		item.minecraft.fermented_spider_eye
in	minecraft:blaze_powder		item.minecraft.blaze_powder
in	minecraft:sugar		item.minecraft.sugar
in	minecraft:rabbit_foot		item.minecraft.rabbit_foot
in	minecraft:glistering_melon_slice		item.minecraft.glistering_melon_slice
in	minecraft:spider_eye		item.minecraft.spider_eye
in	minecraft:pufferfish		item.minecraft.pufferfish
in	minecraft:magma_cream		item.minecraft.magma_cream
in	minecraft:golden_carrot		item.minecraft.golden_carrot
in	minecraft:ghast_tear		item.minecraft.ghast_tear
in	minecraft:turtle_helmet		item.minecraft.turtle_helmet
in	minecraft:phantom_membrane		item.minecraft.phantom_membrane
in	minecraft:field_masoned_banner_pattern		item.minecraft.field_masoned_banner_pattern
in	minecraft:bordure_indented_banner_pattern		item.minecraft.bordure_indented_banner_pattern
in	minecraft:flower_banner_pattern		item.minecraft.flower_banner_pattern
in	minecraft:creeper_banner_pattern		item.minecraft.creeper_banner_pattern
in	minecraft:skull_banner_pattern		item.minecraft.skull_banner_pattern
in	minecraft:mojang_banner_pattern		item.minecraft.mojang_banner_pattern
in	minecraft:globe_banner_pattern		item.minecraft.globe_banner_pattern
in	minecraft:piglin_banner_pattern		item.minecraft.piglin_banner_pattern
in	minecraft:flow_banner_pattern		item.minecraft.flow_banner_pattern
in	minecraft:guster_banner_pattern		item.minecraft.guster_banner_pattern
in	minecraft:angler_pottery_sherd		item.minecraft.angler_pottery_sherd
in	minecraft:archer_pottery_sherd		item.minecraft.archer_pottery_sherd
in	minecraft:arms_up_pottery_sherd		item.minecraft.arms_up_pottery_sherd
in	minecraft:blade_pottery_sherd		item.minecraft.blade_pottery_sherd
in	minecraft:brewer_pottery_sherd		item.minecraft.brewer_pottery_sherd
in	minecraft:burn_pottery_sherd		item.minecraft.burn_pottery_sherd
in	minecraft:danger_pottery_sherd		item.minecraft.danger_pottery_sherd
in	minecraft:explorer_pottery_sherd		item.minecraft.explorer_pottery_sherd
in	minecraft:flow_pottery_sherd		item.minecraft.flow_pottery_sherd
in	minecraft:friend_pottery_sherd		item.minecraft.friend_pottery_sherd
in	minecraft:guster_pottery_sherd		item.minecraft.guster_pottery_sherd
in	minecraft:heart_pottery_sherd		item.minecraft.heart_pottery_sherd
in	minecraft:heartbreak_pottery_sherd		item.minecraft.heartbreak_pottery_sherd
in	minecraft:howl_pottery_sherd		item.minecraft.howl_pottery_sherd
in	minecraft:miner_pottery_sherd		item.minecraft.miner_pottery_sherd
in	minecraft:mourner_pottery_sherd		item.minecraft.mourner_pottery_sherd
in	minecraft:plenty_pottery_sherd		item.minecraft.plenty_pottery_sherd
in	minecraft:prize_pottery_sherd		item.minecraft.prize_pottery_sherd
in	minecraft:scrape_pottery_sherd		item.minecraft.scrape_pottery_sherd
in	minecraft:sheaf_pottery_sherd		item.minecraft.sheaf_pottery_sherd
in	minecraft:shelter_pottery_sherd		item.minecraft.shelter_pottery_sherd
in	minecraft:skull_pottery_sherd		item.minecraft.skull_pottery_sherd
in	minecraft:snort_pottery_sherd		item.minecraft.snort_pottery_sherd
in	minecraft:netherite_upgrade_smithing_template		item.minecraft.netherite_upgrade_smithing_template
in	minecraft:sentry_armor_trim_smithing_template		item.minecraft.sentry_armor_trim_smithing_template
in	minecraft:vex_armor_trim_smithing_template		item.minecraft.vex_armor_trim_smithing_template
in	minecraft:wild_armor_trim_smithing_template		item.minecraft.wild_armor_trim_smithing_template
in	minecraft:coast_armor_trim_smithing_template		item.minecraft.coast_armor_trim_smithing_template
in	minecraft:dune_armor_trim_smithing_template		item.minecraft.dune_armor_trim_smithing_template
in	minecraft:wayfinder_armor_trim_smithing_template		item.minecraft.wayfinder_armor_trim_smithing_template
in	minecraft:raiser_armor_trim_smithing_template		item.minecraft.raiser_armor_trim_smithing_template
in	minecraft:shaper_armor_trim_smithing_template		item.minecraft.shaper_armor_trim_smithing_template
in	minecraft:host_armor_trim_smithing_template		item.minecraft.host_armor_trim_smithing_template
in	minecraft:ward_armor_trim_smithing_template		item.minecraft.ward_armor_trim_smithing_template
in	minecraft:silence_armor_trim_smithing_template		item.minecraft.silence_armor_trim_smithing_template
in	minecraft:tide_armor_trim_smithing_template		item.minecraft.tide_armor_trim_smithing_template
in	minecraft:snout_armor_trim_smithing_template		item.minecraft.snout_armor_trim_smithing_template
in	minecraft:rib_armor_trim_smithing_template		item.minecraft.rib_armor_trim_smithing_template
in	minecraft:eye_armor_trim_smithing_template		item.minecraft.eye_armor_trim_smithing_template
in	minecraft:spire_armor_trim_smithing_template		item.minecraft.spire_armor_trim_smithing_template
in	minecraft:flow_armor_trim_smithing_template		item.minecraft.flow_armor_trim_smithing_template
in	minecraft:bolt_armor_trim_smithing_template		item.minecraft.bolt_armor_trim_smithing_template
in	minecraft:experience_bottle		item.minecraft.experience_bottle
in	minecraft:trial_key		item.minecraft.trial_key
in	minecraft:ominous_trial_key		item.minecraft.ominous_trial_key
in	minecraft:enchanted_book	{"minecraft:stored_enchantments":{"minecraft:aqua_affinity":1}}	item.minecraft.enchanted_book
in	minecraft:enchanted_book	{"minecraft:stored_enchantments":{"minecraft:bane_of_arthropods":5}}	item.minecraft.enchanted_book
in	minecraft:enchanted_book	{"minecraft:stored_enchantments":{"minecraft:binding_curse":1}}	item.minecraft.enchanted_book
in	minecraft:enchanted_book	{"minecraft:stored_enchantments":{"minecraft:blast_protection":4}}	item.minecraft.enchanted_book
in	minecraft:enchanted_book	{"minecraft:stored_enchantments":{"minecraft:breach":4}}	item.minecraft.enchanted_book
in	minecraft:enchanted_book	{"minecraft:stored_enchantments":{"minecraft:channeling":1}}	item.minecraft.enchanted_book
in	minecraft:enchanted_book	{"minecraft:stored_enchantments":{"minecraft:density":5}}	item.minecraft.enchanted_book
in	minecraft:enchanted_book	{"minecraft:stored_enchantments":{"minecraft:depth_strider":3}}	item.minecraft.enchanted_book
in	minecraft:enchanted_book	{"minecraft:stored_enchantments":{"minecraft:efficiency":5}}	item.minecraft.enchanted_book
in	minecraft:enchanted_book	{"minecraft:stored_enchantments":{"minecraft:feather_falling":4}}	item.minecraft.enchanted_book
in	minecraft:enchanted_book	{"minecraft:stored_enchantments":{"minecraft:fire_aspect":2}}	item.minecraft.enchanted_book
in	minecraft:enchanted_book	{"minecraft:stored_enchantments":{"minecraft:fire_protection":4}}	item.minecraft.enchanted_book
in	minecraft:enchanted_book	{"minecraft:stored_enchantments":{"minecraft:flame":1}}	item.minecraft.enchanted_book
in	minecraft:enchanted_book	{"minecraft:stored_enchantments":{"minecraft:fortune":3}}	item.minecraft.enchanted_book
in	minecraft:enchanted_book	{"minecraft:stored_enchantments":{"minecraft:frost_walker":2}}	item.minecraft.enchanted_book
in	minecraft:enchanted_book	{"minecraft:stored_enchantments":{"minecraft:impaling":5}}	item.minecraft.enchanted_book
in	minecraft:enchanted_book	{"minecraft:stored_enchantments":{"minecraft:infinity":1}}	item.minecraft.enchanted_book
in	minecraft:enchanted_book	{"minecraft:stored_enchantments":{"minecraft:knockback":2}}	item.minecraft.enchanted_book
in	minecraft:enchanted_book	{"minecraft:stored_enchantments":{"minecraft:looting":3}}	item.minecraft.enchanted_book
in	minecraft:enchanted_book	{"minecraft:stored_enchantments":{"minecraft:loyalty":3}}	item.minecraft.enchanted_book
in	minecraft:enchanted_book	{"minecraft:stored_enchantments":{"minecraft:luck_of_the_sea":3}}	item.minecraft.enchanted_book
in	minecraft:enchanted_book	{"minecraft:stored_enchantments":{"minecraft:lunge":3}}	item.minecraft.enchanted_book
in	minecraft:enchanted_book	{"minecraft:stored_enchantments":{"minecraft:lure":3}}	item.minecraft.enchanted_book
in	minecraft:enchanted_book	{"minecraft:stored_enchantments":{"minecraft:mending":1}}	item.minecraft.enchanted_book
in	minecraft:enchanted_book	{"minecraft:stored_enchantments":{"minecraft:multishot":1}}	item.minecraft.enchanted_book
in	minecraft:enchanted_book	{"minecraft:stored_enchantments":{"minecraft:piercing":4}}	item.minecraft.enchanted_book
in	minecraft:enchanted_book	{"minecraft:stored_enchantments":{"minecraft:power":5}}	item.minecraft.enchanted_book
in	minecraft:enchanted_book	{"minecraft:stored_enchantments":{"minecraft:projectile_protection":4}}	item.minecraft.enchanted_book
in	minecraft:enchanted_book	{"minecraft:stored_enchantments":{"minecraft:protection":4}}	item.minecraft.enchanted_book
in	minecraft:enchanted_book	{"minecraft:stored_enchantments":{"minecraft:punch":2}}	item.minecraft.enchanted_book
in	minecraft:enchanted_book	{"minecraft:stored_enchantments":{"minecraft:quick_charge":3}}	item.minecraft.enchanted_book
in	minecraft:enchanted_book	{"minecraft:stored_enchantments":{"minecraft:respiration":3}}	item.minecraft.enchanted_book
in	minecraft:enchanted_book	{"minecraft:stored_enchantments":{"minecraft:riptide":3}}	item.minecraft.enchanted_book
in	minecraft:enchanted_book	{"minecraft:stored_enchantments":{"minecraft:sharpness":5}}	item.minecraft.enchanted_book
in	minecraft:enchanted_book	{"minecraft:stored_enchantments":{"minecraft:silk_touch":1}}	item.minecraft.enchanted_book
in	minecraft:enchanted_book	{"minecraft:stored_enchantments":{"minecraft:smite":5}}	item.minecraft.enchanted_book
in	minecraft:enchanted_book	{"minecraft:stored_enchantments":{"minecraft:soul_speed":3}}	item.minecraft.enchanted_book
in	minecraft:enchanted_book	{"minecraft:stored_enchantments":{"minecraft:sweeping_edge":3}}	item.minecraft.enchanted_book
in	minecraft:enchanted_book	{"minecraft:stored_enchantments":{"minecraft:swift_sneak":3}}	item.minecraft.enchanted_book
in	minecraft:enchanted_book	{"minecraft:stored_enchantments":{"minecraft:thorns":3}}	item.minecraft.enchanted_book
in	minecraft:enchanted_book	{"minecraft:stored_enchantments":{"minecraft:unbreaking":3}}	item.minecraft.enchanted_book
in	minecraft:enchanted_book	{"minecraft:stored_enchantments":{"minecraft:vanishing_curse":1}}	item.minecraft.enchanted_book
in	minecraft:enchanted_book	{"minecraft:stored_enchantments":{"minecraft:wind_burst":3}}	item.minecraft.enchanted_book
tab	itemGroup.spawnEggs	minecraft:creeper_spawn_egg
in	minecraft:spawner		block.minecraft.spawner
in	minecraft:trial_spawner		block.minecraft.trial_spawner
in	minecraft:creaking_heart		block.minecraft.creaking_heart
in	minecraft:chicken_spawn_egg		item.minecraft.chicken_spawn_egg
in	minecraft:cow_spawn_egg		item.minecraft.cow_spawn_egg
in	minecraft:pig_spawn_egg		item.minecraft.pig_spawn_egg
in	minecraft:sheep_spawn_egg		item.minecraft.sheep_spawn_egg
in	minecraft:camel_spawn_egg		item.minecraft.camel_spawn_egg
in	minecraft:donkey_spawn_egg		item.minecraft.donkey_spawn_egg
in	minecraft:horse_spawn_egg		item.minecraft.horse_spawn_egg
in	minecraft:mule_spawn_egg		item.minecraft.mule_spawn_egg
in	minecraft:cat_spawn_egg		item.minecraft.cat_spawn_egg
in	minecraft:parrot_spawn_egg		item.minecraft.parrot_spawn_egg
in	minecraft:wolf_spawn_egg		item.minecraft.wolf_spawn_egg
in	minecraft:armadillo_spawn_egg		item.minecraft.armadillo_spawn_egg
in	minecraft:bat_spawn_egg		item.minecraft.bat_spawn_egg
in	minecraft:bee_spawn_egg		item.minecraft.bee_spawn_egg
in	minecraft:fox_spawn_egg		item.minecraft.fox_spawn_egg
in	minecraft:goat_spawn_egg		item.minecraft.goat_spawn_egg
in	minecraft:llama_spawn_egg		item.minecraft.llama_spawn_egg
in	minecraft:ocelot_spawn_egg		item.minecraft.ocelot_spawn_egg
in	minecraft:panda_spawn_egg		item.minecraft.panda_spawn_egg
in	minecraft:polar_bear_spawn_egg		item.minecraft.polar_bear_spawn_egg
in	minecraft:rabbit_spawn_egg		item.minecraft.rabbit_spawn_egg
in	minecraft:axolotl_spawn_egg		item.minecraft.axolotl_spawn_egg
in	minecraft:cod_spawn_egg		item.minecraft.cod_spawn_egg
in	minecraft:dolphin_spawn_egg		item.minecraft.dolphin_spawn_egg
in	minecraft:frog_spawn_egg		item.minecraft.frog_spawn_egg
in	minecraft:glow_squid_spawn_egg		item.minecraft.glow_squid_spawn_egg
in	minecraft:nautilus_spawn_egg		item.minecraft.nautilus_spawn_egg
in	minecraft:pufferfish_spawn_egg		item.minecraft.pufferfish_spawn_egg
in	minecraft:salmon_spawn_egg		item.minecraft.salmon_spawn_egg
in	minecraft:squid_spawn_egg		item.minecraft.squid_spawn_egg
in	minecraft:tadpole_spawn_egg		item.minecraft.tadpole_spawn_egg
in	minecraft:tropical_fish_spawn_egg		item.minecraft.tropical_fish_spawn_egg
in	minecraft:turtle_spawn_egg		item.minecraft.turtle_spawn_egg
in	minecraft:allay_spawn_egg		item.minecraft.allay_spawn_egg
in	minecraft:mooshroom_spawn_egg		item.minecraft.mooshroom_spawn_egg
in	minecraft:sniffer_spawn_egg		item.minecraft.sniffer_spawn_egg
in	minecraft:sulfur_cube_spawn_egg		item.minecraft.sulfur_cube_spawn_egg
in	minecraft:copper_golem_spawn_egg		item.minecraft.copper_golem_spawn_egg
in	minecraft:iron_golem_spawn_egg		item.minecraft.iron_golem_spawn_egg
in	minecraft:snow_golem_spawn_egg		item.minecraft.snow_golem_spawn_egg
in	minecraft:trader_llama_spawn_egg		item.minecraft.trader_llama_spawn_egg
in	minecraft:villager_spawn_egg		item.minecraft.villager_spawn_egg
in	minecraft:wandering_trader_spawn_egg		item.minecraft.wandering_trader_spawn_egg
in	minecraft:bogged_spawn_egg		item.minecraft.bogged_spawn_egg
in	minecraft:camel_husk_spawn_egg		item.minecraft.camel_husk_spawn_egg
in	minecraft:drowned_spawn_egg		item.minecraft.drowned_spawn_egg
in	minecraft:husk_spawn_egg		item.minecraft.husk_spawn_egg
in	minecraft:parched_spawn_egg		item.minecraft.parched_spawn_egg
in	minecraft:skeleton_spawn_egg		item.minecraft.skeleton_spawn_egg
in	minecraft:skeleton_horse_spawn_egg		item.minecraft.skeleton_horse_spawn_egg
in	minecraft:stray_spawn_egg		item.minecraft.stray_spawn_egg
in	minecraft:zombie_spawn_egg		item.minecraft.zombie_spawn_egg
in	minecraft:zombie_horse_spawn_egg		item.minecraft.zombie_horse_spawn_egg
in	minecraft:zombie_nautilus_spawn_egg		item.minecraft.zombie_nautilus_spawn_egg
in	minecraft:zombie_villager_spawn_egg		item.minecraft.zombie_villager_spawn_egg
in	minecraft:cave_spider_spawn_egg		item.minecraft.cave_spider_spawn_egg
in	minecraft:spider_spawn_egg		item.minecraft.spider_spawn_egg
in	minecraft:breeze_spawn_egg		item.minecraft.breeze_spawn_egg
in	minecraft:creaking_spawn_egg		item.minecraft.creaking_spawn_egg
in	minecraft:creeper_spawn_egg		item.minecraft.creeper_spawn_egg
in	minecraft:elder_guardian_spawn_egg		item.minecraft.elder_guardian_spawn_egg
in	minecraft:guardian_spawn_egg		item.minecraft.guardian_spawn_egg
in	minecraft:phantom_spawn_egg		item.minecraft.phantom_spawn_egg
in	minecraft:silverfish_spawn_egg		item.minecraft.silverfish_spawn_egg
in	minecraft:slime_spawn_egg		item.minecraft.slime_spawn_egg
in	minecraft:warden_spawn_egg		item.minecraft.warden_spawn_egg
in	minecraft:witch_spawn_egg		item.minecraft.witch_spawn_egg
in	minecraft:evoker_spawn_egg		item.minecraft.evoker_spawn_egg
in	minecraft:pillager_spawn_egg		item.minecraft.pillager_spawn_egg
in	minecraft:ravager_spawn_egg		item.minecraft.ravager_spawn_egg
in	minecraft:vex_spawn_egg		item.minecraft.vex_spawn_egg
in	minecraft:vindicator_spawn_egg		item.minecraft.vindicator_spawn_egg
in	minecraft:blaze_spawn_egg		item.minecraft.blaze_spawn_egg
in	minecraft:ghast_spawn_egg		item.minecraft.ghast_spawn_egg
in	minecraft:happy_ghast_spawn_egg		item.minecraft.happy_ghast_spawn_egg
in	minecraft:hoglin_spawn_egg		item.minecraft.hoglin_spawn_egg
in	minecraft:magma_cube_spawn_egg		item.minecraft.magma_cube_spawn_egg
in	minecraft:piglin_spawn_egg		item.minecraft.piglin_spawn_egg
in	minecraft:piglin_brute_spawn_egg		item.minecraft.piglin_brute_spawn_egg
in	minecraft:strider_spawn_egg		item.minecraft.strider_spawn_egg
in	minecraft:wither_skeleton_spawn_egg		item.minecraft.wither_skeleton_spawn_egg
in	minecraft:zoglin_spawn_egg		item.minecraft.zoglin_spawn_egg
in	minecraft:zombified_piglin_spawn_egg		item.minecraft.zombified_piglin_spawn_egg
in	minecraft:enderman_spawn_egg		item.minecraft.enderman_spawn_egg
in	minecraft:endermite_spawn_egg		item.minecraft.endermite_spawn_egg
in	minecraft:shulker_spawn_egg		item.minecraft.shulker_spawn_egg
tab	itemGroup.op	minecraft:command_block
in	minecraft:command_block		block.minecraft.command_block
in	minecraft:chain_command_block		block.minecraft.chain_command_block
in	minecraft:repeating_command_block		block.minecraft.repeating_command_block
in	minecraft:command_block_minecart		item.minecraft.command_block_minecart
in	minecraft:jigsaw		block.minecraft.jigsaw
in	minecraft:structure_block		block.minecraft.structure_block
in	minecraft:structure_void		block.minecraft.structure_void
in	minecraft:barrier		block.minecraft.barrier
in	minecraft:debug_stick		item.minecraft.debug_stick
in	minecraft:test_instance_block		block.minecraft.test_instance_block
in	minecraft:test_block		block.minecraft.test_block
in	minecraft:test_block	{"minecraft:block_state":{mode:"log"}}	block.minecraft.test_block
in	minecraft:test_block	{"minecraft:block_state":{mode:"fail"}}	block.minecraft.test_block
in	minecraft:test_block	{"minecraft:block_state":{mode:"accept"}}	block.minecraft.test_block
in	minecraft:light		block.minecraft.light
in	minecraft:light	{"minecraft:block_state":{level:"14"}}	block.minecraft.light
in	minecraft:light	{"minecraft:block_state":{level:"13"}}	block.minecraft.light
in	minecraft:light	{"minecraft:block_state":{level:"12"}}	block.minecraft.light
in	minecraft:light	{"minecraft:block_state":{level:"11"}}	block.minecraft.light
in	minecraft:light	{"minecraft:block_state":{level:"10"}}	block.minecraft.light
in	minecraft:light	{"minecraft:block_state":{level:"9"}}	block.minecraft.light
in	minecraft:light	{"minecraft:block_state":{level:"8"}}	block.minecraft.light
in	minecraft:light	{"minecraft:block_state":{level:"7"}}	block.minecraft.light
in	minecraft:light	{"minecraft:block_state":{level:"6"}}	block.minecraft.light
in	minecraft:light	{"minecraft:block_state":{level:"5"}}	block.minecraft.light
in	minecraft:light	{"minecraft:block_state":{level:"4"}}	block.minecraft.light
in	minecraft:light	{"minecraft:block_state":{level:"3"}}	block.minecraft.light
in	minecraft:light	{"minecraft:block_state":{level:"2"}}	block.minecraft.light
in	minecraft:light	{"minecraft:block_state":{level:"1"}}	block.minecraft.light
in	minecraft:light	{"minecraft:block_state":{level:"0"}}	block.minecraft.light
in	minecraft:painting	{"minecraft:painting/variant":"minecraft:earth"}	item.minecraft.painting
in	minecraft:painting	{"minecraft:painting/variant":"minecraft:fire"}	item.minecraft.painting
in	minecraft:painting	{"minecraft:painting/variant":"minecraft:water"}	item.minecraft.painting
in	minecraft:painting	{"minecraft:painting/variant":"minecraft:wind"}	item.minecraft.painting
item	minecraft:air	block.minecraft.air	1	
item	minecraft:stone	block.minecraft.stone	64	minecraft:stone
item	minecraft:granite	block.minecraft.granite	64	minecraft:granite
item	minecraft:polished_granite	block.minecraft.polished_granite	64	minecraft:polished_granite
item	minecraft:diorite	block.minecraft.diorite	64	minecraft:diorite
item	minecraft:polished_diorite	block.minecraft.polished_diorite	64	minecraft:polished_diorite
item	minecraft:andesite	block.minecraft.andesite	64	minecraft:andesite
item	minecraft:polished_andesite	block.minecraft.polished_andesite	64	minecraft:polished_andesite
item	minecraft:deepslate	block.minecraft.deepslate	64	minecraft:deepslate
item	minecraft:cobbled_deepslate	block.minecraft.cobbled_deepslate	64	minecraft:cobbled_deepslate
item	minecraft:polished_deepslate	block.minecraft.polished_deepslate	64	minecraft:polished_deepslate
item	minecraft:calcite	block.minecraft.calcite	64	minecraft:calcite
item	minecraft:tuff	block.minecraft.tuff	64	minecraft:tuff
item	minecraft:tuff_slab	block.minecraft.tuff_slab	64	minecraft:tuff_slab
item	minecraft:tuff_stairs	block.minecraft.tuff_stairs	64	minecraft:tuff_stairs
item	minecraft:tuff_wall	block.minecraft.tuff_wall	64	minecraft:tuff_wall
item	minecraft:chiseled_tuff	block.minecraft.chiseled_tuff	64	minecraft:chiseled_tuff
item	minecraft:polished_tuff	block.minecraft.polished_tuff	64	minecraft:polished_tuff
item	minecraft:polished_tuff_slab	block.minecraft.polished_tuff_slab	64	minecraft:polished_tuff_slab
item	minecraft:polished_tuff_stairs	block.minecraft.polished_tuff_stairs	64	minecraft:polished_tuff_stairs
item	minecraft:polished_tuff_wall	block.minecraft.polished_tuff_wall	64	minecraft:polished_tuff_wall
item	minecraft:tuff_bricks	block.minecraft.tuff_bricks	64	minecraft:tuff_bricks
item	minecraft:tuff_brick_slab	block.minecraft.tuff_brick_slab	64	minecraft:tuff_brick_slab
item	minecraft:tuff_brick_stairs	block.minecraft.tuff_brick_stairs	64	minecraft:tuff_brick_stairs
item	minecraft:tuff_brick_wall	block.minecraft.tuff_brick_wall	64	minecraft:tuff_brick_wall
item	minecraft:chiseled_tuff_bricks	block.minecraft.chiseled_tuff_bricks	64	minecraft:chiseled_tuff_bricks
item	minecraft:sulfur	block.minecraft.sulfur	64	minecraft:sulfur
item	minecraft:potent_sulfur	block.minecraft.potent_sulfur	64	minecraft:potent_sulfur
item	minecraft:sulfur_slab	block.minecraft.sulfur_slab	64	minecraft:sulfur_slab
item	minecraft:sulfur_stairs	block.minecraft.sulfur_stairs	64	minecraft:sulfur_stairs
item	minecraft:sulfur_wall	block.minecraft.sulfur_wall	64	minecraft:sulfur_wall
item	minecraft:polished_sulfur	block.minecraft.polished_sulfur	64	minecraft:polished_sulfur
item	minecraft:polished_sulfur_slab	block.minecraft.polished_sulfur_slab	64	minecraft:polished_sulfur_slab
item	minecraft:polished_sulfur_stairs	block.minecraft.polished_sulfur_stairs	64	minecraft:polished_sulfur_stairs
item	minecraft:polished_sulfur_wall	block.minecraft.polished_sulfur_wall	64	minecraft:polished_sulfur_wall
item	minecraft:sulfur_bricks	block.minecraft.sulfur_bricks	64	minecraft:sulfur_bricks
item	minecraft:sulfur_brick_slab	block.minecraft.sulfur_brick_slab	64	minecraft:sulfur_brick_slab
item	minecraft:sulfur_brick_stairs	block.minecraft.sulfur_brick_stairs	64	minecraft:sulfur_brick_stairs
item	minecraft:sulfur_brick_wall	block.minecraft.sulfur_brick_wall	64	minecraft:sulfur_brick_wall
item	minecraft:chiseled_sulfur	block.minecraft.chiseled_sulfur	64	minecraft:chiseled_sulfur
item	minecraft:cinnabar	block.minecraft.cinnabar	64	minecraft:cinnabar
item	minecraft:cinnabar_slab	block.minecraft.cinnabar_slab	64	minecraft:cinnabar_slab
item	minecraft:cinnabar_stairs	block.minecraft.cinnabar_stairs	64	minecraft:cinnabar_stairs
item	minecraft:cinnabar_wall	block.minecraft.cinnabar_wall	64	minecraft:cinnabar_wall
item	minecraft:polished_cinnabar	block.minecraft.polished_cinnabar	64	minecraft:polished_cinnabar
item	minecraft:polished_cinnabar_slab	block.minecraft.polished_cinnabar_slab	64	minecraft:polished_cinnabar_slab
item	minecraft:polished_cinnabar_stairs	block.minecraft.polished_cinnabar_stairs	64	minecraft:polished_cinnabar_stairs
item	minecraft:polished_cinnabar_wall	block.minecraft.polished_cinnabar_wall	64	minecraft:polished_cinnabar_wall
item	minecraft:cinnabar_bricks	block.minecraft.cinnabar_bricks	64	minecraft:cinnabar_bricks
item	minecraft:cinnabar_brick_slab	block.minecraft.cinnabar_brick_slab	64	minecraft:cinnabar_brick_slab
item	minecraft:cinnabar_brick_stairs	block.minecraft.cinnabar_brick_stairs	64	minecraft:cinnabar_brick_stairs
item	minecraft:cinnabar_brick_wall	block.minecraft.cinnabar_brick_wall	64	minecraft:cinnabar_brick_wall
item	minecraft:chiseled_cinnabar	block.minecraft.chiseled_cinnabar	64	minecraft:chiseled_cinnabar
item	minecraft:dripstone_block	block.minecraft.dripstone_block	64	minecraft:dripstone_block
item	minecraft:grass_block	block.minecraft.grass_block	64	minecraft:grass_block
item	minecraft:dirt	block.minecraft.dirt	64	minecraft:dirt
item	minecraft:coarse_dirt	block.minecraft.coarse_dirt	64	minecraft:coarse_dirt
item	minecraft:podzol	block.minecraft.podzol	64	minecraft:podzol
item	minecraft:rooted_dirt	block.minecraft.rooted_dirt	64	minecraft:rooted_dirt
item	minecraft:mud	block.minecraft.mud	64	minecraft:mud
item	minecraft:crimson_nylium	block.minecraft.crimson_nylium	64	minecraft:crimson_nylium
item	minecraft:warped_nylium	block.minecraft.warped_nylium	64	minecraft:warped_nylium
item	minecraft:cobblestone	block.minecraft.cobblestone	64	minecraft:cobblestone
item	minecraft:oak_planks	block.minecraft.oak_planks	64	minecraft:oak_planks
item	minecraft:spruce_planks	block.minecraft.spruce_planks	64	minecraft:spruce_planks
item	minecraft:birch_planks	block.minecraft.birch_planks	64	minecraft:birch_planks
item	minecraft:jungle_planks	block.minecraft.jungle_planks	64	minecraft:jungle_planks
item	minecraft:acacia_planks	block.minecraft.acacia_planks	64	minecraft:acacia_planks
item	minecraft:cherry_planks	block.minecraft.cherry_planks	64	minecraft:cherry_planks
item	minecraft:dark_oak_planks	block.minecraft.dark_oak_planks	64	minecraft:dark_oak_planks
item	minecraft:pale_oak_planks	block.minecraft.pale_oak_planks	64	minecraft:pale_oak_planks
item	minecraft:mangrove_planks	block.minecraft.mangrove_planks	64	minecraft:mangrove_planks
item	minecraft:bamboo_planks	block.minecraft.bamboo_planks	64	minecraft:bamboo_planks
item	minecraft:crimson_planks	block.minecraft.crimson_planks	64	minecraft:crimson_planks
item	minecraft:warped_planks	block.minecraft.warped_planks	64	minecraft:warped_planks
item	minecraft:bamboo_mosaic	block.minecraft.bamboo_mosaic	64	minecraft:bamboo_mosaic
item	minecraft:oak_sapling	block.minecraft.oak_sapling	64	minecraft:oak_sapling
item	minecraft:spruce_sapling	block.minecraft.spruce_sapling	64	minecraft:spruce_sapling
item	minecraft:birch_sapling	block.minecraft.birch_sapling	64	minecraft:birch_sapling
item	minecraft:jungle_sapling	block.minecraft.jungle_sapling	64	minecraft:jungle_sapling
item	minecraft:acacia_sapling	block.minecraft.acacia_sapling	64	minecraft:acacia_sapling
item	minecraft:cherry_sapling	block.minecraft.cherry_sapling	64	minecraft:cherry_sapling
item	minecraft:dark_oak_sapling	block.minecraft.dark_oak_sapling	64	minecraft:dark_oak_sapling
item	minecraft:pale_oak_sapling	block.minecraft.pale_oak_sapling	64	minecraft:pale_oak_sapling
item	minecraft:mangrove_propagule	block.minecraft.mangrove_propagule	64	minecraft:mangrove_propagule
item	minecraft:bedrock	block.minecraft.bedrock	64	minecraft:bedrock
item	minecraft:sand	block.minecraft.sand	64	minecraft:sand
item	minecraft:suspicious_sand	block.minecraft.suspicious_sand	64	minecraft:suspicious_sand
item	minecraft:suspicious_gravel	block.minecraft.suspicious_gravel	64	minecraft:suspicious_gravel
item	minecraft:red_sand	block.minecraft.red_sand	64	minecraft:red_sand
item	minecraft:gravel	block.minecraft.gravel	64	minecraft:gravel
item	minecraft:coal_ore	block.minecraft.coal_ore	64	minecraft:coal_ore
item	minecraft:deepslate_coal_ore	block.minecraft.deepslate_coal_ore	64	minecraft:deepslate_coal_ore
item	minecraft:iron_ore	block.minecraft.iron_ore	64	minecraft:iron_ore
item	minecraft:deepslate_iron_ore	block.minecraft.deepslate_iron_ore	64	minecraft:deepslate_iron_ore
item	minecraft:copper_ore	block.minecraft.copper_ore	64	minecraft:copper_ore
item	minecraft:deepslate_copper_ore	block.minecraft.deepslate_copper_ore	64	minecraft:deepslate_copper_ore
item	minecraft:gold_ore	block.minecraft.gold_ore	64	minecraft:gold_ore
item	minecraft:deepslate_gold_ore	block.minecraft.deepslate_gold_ore	64	minecraft:deepslate_gold_ore
item	minecraft:redstone_ore	block.minecraft.redstone_ore	64	minecraft:redstone_ore
item	minecraft:deepslate_redstone_ore	block.minecraft.deepslate_redstone_ore	64	minecraft:deepslate_redstone_ore
item	minecraft:emerald_ore	block.minecraft.emerald_ore	64	minecraft:emerald_ore
item	minecraft:deepslate_emerald_ore	block.minecraft.deepslate_emerald_ore	64	minecraft:deepslate_emerald_ore
item	minecraft:lapis_ore	block.minecraft.lapis_ore	64	minecraft:lapis_ore
item	minecraft:deepslate_lapis_ore	block.minecraft.deepslate_lapis_ore	64	minecraft:deepslate_lapis_ore
item	minecraft:diamond_ore	block.minecraft.diamond_ore	64	minecraft:diamond_ore
item	minecraft:deepslate_diamond_ore	block.minecraft.deepslate_diamond_ore	64	minecraft:deepslate_diamond_ore
item	minecraft:nether_gold_ore	block.minecraft.nether_gold_ore	64	minecraft:nether_gold_ore
item	minecraft:nether_quartz_ore	block.minecraft.nether_quartz_ore	64	minecraft:nether_quartz_ore
item	minecraft:ancient_debris	block.minecraft.ancient_debris	64	minecraft:ancient_debris
item	minecraft:coal_block	block.minecraft.coal_block	64	minecraft:coal_block
item	minecraft:raw_iron_block	block.minecraft.raw_iron_block	64	minecraft:raw_iron_block
item	minecraft:raw_copper_block	block.minecraft.raw_copper_block	64	minecraft:raw_copper_block
item	minecraft:raw_gold_block	block.minecraft.raw_gold_block	64	minecraft:raw_gold_block
item	minecraft:heavy_core	block.minecraft.heavy_core	64	minecraft:heavy_core
item	minecraft:amethyst_block	block.minecraft.amethyst_block	64	minecraft:amethyst_block
item	minecraft:budding_amethyst	block.minecraft.budding_amethyst	64	minecraft:budding_amethyst
item	minecraft:iron_block	block.minecraft.iron_block	64	minecraft:iron_block
item	minecraft:copper_block	block.minecraft.copper_block	64	minecraft:copper_block
item	minecraft:exposed_copper	block.minecraft.exposed_copper	64	minecraft:exposed_copper
item	minecraft:weathered_copper	block.minecraft.weathered_copper	64	minecraft:weathered_copper
item	minecraft:oxidized_copper	block.minecraft.oxidized_copper	64	minecraft:oxidized_copper
item	minecraft:waxed_copper_block	block.minecraft.waxed_copper_block	64	minecraft:waxed_copper_block
item	minecraft:waxed_exposed_copper	block.minecraft.waxed_exposed_copper	64	minecraft:waxed_exposed_copper
item	minecraft:waxed_weathered_copper	block.minecraft.waxed_weathered_copper	64	minecraft:waxed_weathered_copper
item	minecraft:waxed_oxidized_copper	block.minecraft.waxed_oxidized_copper	64	minecraft:waxed_oxidized_copper
item	minecraft:gold_block	block.minecraft.gold_block	64	minecraft:gold_block
item	minecraft:diamond_block	block.minecraft.diamond_block	64	minecraft:diamond_block
item	minecraft:netherite_block	block.minecraft.netherite_block	64	minecraft:netherite_block
item	minecraft:chiseled_copper	block.minecraft.chiseled_copper	64	minecraft:chiseled_copper
item	minecraft:exposed_chiseled_copper	block.minecraft.exposed_chiseled_copper	64	minecraft:exposed_chiseled_copper
item	minecraft:weathered_chiseled_copper	block.minecraft.weathered_chiseled_copper	64	minecraft:weathered_chiseled_copper
item	minecraft:oxidized_chiseled_copper	block.minecraft.oxidized_chiseled_copper	64	minecraft:oxidized_chiseled_copper
item	minecraft:waxed_chiseled_copper	block.minecraft.waxed_chiseled_copper	64	minecraft:waxed_chiseled_copper
item	minecraft:waxed_exposed_chiseled_copper	block.minecraft.waxed_exposed_chiseled_copper	64	minecraft:waxed_exposed_chiseled_copper
item	minecraft:waxed_weathered_chiseled_copper	block.minecraft.waxed_weathered_chiseled_copper	64	minecraft:waxed_weathered_chiseled_copper
item	minecraft:waxed_oxidized_chiseled_copper	block.minecraft.waxed_oxidized_chiseled_copper	64	minecraft:waxed_oxidized_chiseled_copper
item	minecraft:cut_copper	block.minecraft.cut_copper	64	minecraft:cut_copper
item	minecraft:exposed_cut_copper	block.minecraft.exposed_cut_copper	64	minecraft:exposed_cut_copper
item	minecraft:weathered_cut_copper	block.minecraft.weathered_cut_copper	64	minecraft:weathered_cut_copper
item	minecraft:oxidized_cut_copper	block.minecraft.oxidized_cut_copper	64	minecraft:oxidized_cut_copper
item	minecraft:waxed_cut_copper	block.minecraft.waxed_cut_copper	64	minecraft:waxed_cut_copper
item	minecraft:waxed_exposed_cut_copper	block.minecraft.waxed_exposed_cut_copper	64	minecraft:waxed_exposed_cut_copper
item	minecraft:waxed_weathered_cut_copper	block.minecraft.waxed_weathered_cut_copper	64	minecraft:waxed_weathered_cut_copper
item	minecraft:waxed_oxidized_cut_copper	block.minecraft.waxed_oxidized_cut_copper	64	minecraft:waxed_oxidized_cut_copper
item	minecraft:cut_copper_stairs	block.minecraft.cut_copper_stairs	64	minecraft:cut_copper_stairs
item	minecraft:exposed_cut_copper_stairs	block.minecraft.exposed_cut_copper_stairs	64	minecraft:exposed_cut_copper_stairs
item	minecraft:weathered_cut_copper_stairs	block.minecraft.weathered_cut_copper_stairs	64	minecraft:weathered_cut_copper_stairs
item	minecraft:oxidized_cut_copper_stairs	block.minecraft.oxidized_cut_copper_stairs	64	minecraft:oxidized_cut_copper_stairs
item	minecraft:waxed_cut_copper_stairs	block.minecraft.waxed_cut_copper_stairs	64	minecraft:waxed_cut_copper_stairs
item	minecraft:waxed_exposed_cut_copper_stairs	block.minecraft.waxed_exposed_cut_copper_stairs	64	minecraft:waxed_exposed_cut_copper_stairs
item	minecraft:waxed_weathered_cut_copper_stairs	block.minecraft.waxed_weathered_cut_copper_stairs	64	minecraft:waxed_weathered_cut_copper_stairs
item	minecraft:waxed_oxidized_cut_copper_stairs	block.minecraft.waxed_oxidized_cut_copper_stairs	64	minecraft:waxed_oxidized_cut_copper_stairs
item	minecraft:cut_copper_slab	block.minecraft.cut_copper_slab	64	minecraft:cut_copper_slab
item	minecraft:exposed_cut_copper_slab	block.minecraft.exposed_cut_copper_slab	64	minecraft:exposed_cut_copper_slab
item	minecraft:weathered_cut_copper_slab	block.minecraft.weathered_cut_copper_slab	64	minecraft:weathered_cut_copper_slab
item	minecraft:oxidized_cut_copper_slab	block.minecraft.oxidized_cut_copper_slab	64	minecraft:oxidized_cut_copper_slab
item	minecraft:waxed_cut_copper_slab	block.minecraft.waxed_cut_copper_slab	64	minecraft:waxed_cut_copper_slab
item	minecraft:waxed_exposed_cut_copper_slab	block.minecraft.waxed_exposed_cut_copper_slab	64	minecraft:waxed_exposed_cut_copper_slab
item	minecraft:waxed_weathered_cut_copper_slab	block.minecraft.waxed_weathered_cut_copper_slab	64	minecraft:waxed_weathered_cut_copper_slab
item	minecraft:waxed_oxidized_cut_copper_slab	block.minecraft.waxed_oxidized_cut_copper_slab	64	minecraft:waxed_oxidized_cut_copper_slab
item	minecraft:oak_log	block.minecraft.oak_log	64	minecraft:oak_log
item	minecraft:spruce_log	block.minecraft.spruce_log	64	minecraft:spruce_log
item	minecraft:birch_log	block.minecraft.birch_log	64	minecraft:birch_log
item	minecraft:jungle_log	block.minecraft.jungle_log	64	minecraft:jungle_log
item	minecraft:acacia_log	block.minecraft.acacia_log	64	minecraft:acacia_log
item	minecraft:cherry_log	block.minecraft.cherry_log	64	minecraft:cherry_log
item	minecraft:pale_oak_log	block.minecraft.pale_oak_log	64	minecraft:pale_oak_log
item	minecraft:dark_oak_log	block.minecraft.dark_oak_log	64	minecraft:dark_oak_log
item	minecraft:mangrove_log	block.minecraft.mangrove_log	64	minecraft:mangrove_log
item	minecraft:mangrove_roots	block.minecraft.mangrove_roots	64	minecraft:mangrove_roots
item	minecraft:muddy_mangrove_roots	block.minecraft.muddy_mangrove_roots	64	minecraft:muddy_mangrove_roots
item	minecraft:crimson_stem	block.minecraft.crimson_stem	64	minecraft:crimson_stem
item	minecraft:warped_stem	block.minecraft.warped_stem	64	minecraft:warped_stem
item	minecraft:bamboo_block	block.minecraft.bamboo_block	64	minecraft:bamboo_block
item	minecraft:stripped_oak_log	block.minecraft.stripped_oak_log	64	minecraft:stripped_oak_log
item	minecraft:stripped_spruce_log	block.minecraft.stripped_spruce_log	64	minecraft:stripped_spruce_log
item	minecraft:stripped_birch_log	block.minecraft.stripped_birch_log	64	minecraft:stripped_birch_log
item	minecraft:stripped_jungle_log	block.minecraft.stripped_jungle_log	64	minecraft:stripped_jungle_log
item	minecraft:stripped_acacia_log	block.minecraft.stripped_acacia_log	64	minecraft:stripped_acacia_log
item	minecraft:stripped_cherry_log	block.minecraft.stripped_cherry_log	64	minecraft:stripped_cherry_log
item	minecraft:stripped_dark_oak_log	block.minecraft.stripped_dark_oak_log	64	minecraft:stripped_dark_oak_log
item	minecraft:stripped_pale_oak_log	block.minecraft.stripped_pale_oak_log	64	minecraft:stripped_pale_oak_log
item	minecraft:stripped_mangrove_log	block.minecraft.stripped_mangrove_log	64	minecraft:stripped_mangrove_log
item	minecraft:stripped_crimson_stem	block.minecraft.stripped_crimson_stem	64	minecraft:stripped_crimson_stem
item	minecraft:stripped_warped_stem	block.minecraft.stripped_warped_stem	64	minecraft:stripped_warped_stem
item	minecraft:stripped_oak_wood	block.minecraft.stripped_oak_wood	64	minecraft:stripped_oak_wood
item	minecraft:stripped_spruce_wood	block.minecraft.stripped_spruce_wood	64	minecraft:stripped_spruce_wood
item	minecraft:stripped_birch_wood	block.minecraft.stripped_birch_wood	64	minecraft:stripped_birch_wood
item	minecraft:stripped_jungle_wood	block.minecraft.stripped_jungle_wood	64	minecraft:stripped_jungle_wood
item	minecraft:stripped_acacia_wood	block.minecraft.stripped_acacia_wood	64	minecraft:stripped_acacia_wood
item	minecraft:stripped_cherry_wood	block.minecraft.stripped_cherry_wood	64	minecraft:stripped_cherry_wood
item	minecraft:stripped_dark_oak_wood	block.minecraft.stripped_dark_oak_wood	64	minecraft:stripped_dark_oak_wood
item	minecraft:stripped_pale_oak_wood	block.minecraft.stripped_pale_oak_wood	64	minecraft:stripped_pale_oak_wood
item	minecraft:stripped_mangrove_wood	block.minecraft.stripped_mangrove_wood	64	minecraft:stripped_mangrove_wood
item	minecraft:stripped_crimson_hyphae	block.minecraft.stripped_crimson_hyphae	64	minecraft:stripped_crimson_hyphae
item	minecraft:stripped_warped_hyphae	block.minecraft.stripped_warped_hyphae	64	minecraft:stripped_warped_hyphae
item	minecraft:stripped_bamboo_block	block.minecraft.stripped_bamboo_block	64	minecraft:stripped_bamboo_block
item	minecraft:oak_wood	block.minecraft.oak_wood	64	minecraft:oak_wood
item	minecraft:spruce_wood	block.minecraft.spruce_wood	64	minecraft:spruce_wood
item	minecraft:birch_wood	block.minecraft.birch_wood	64	minecraft:birch_wood
item	minecraft:jungle_wood	block.minecraft.jungle_wood	64	minecraft:jungle_wood
item	minecraft:acacia_wood	block.minecraft.acacia_wood	64	minecraft:acacia_wood
item	minecraft:cherry_wood	block.minecraft.cherry_wood	64	minecraft:cherry_wood
item	minecraft:pale_oak_wood	block.minecraft.pale_oak_wood	64	minecraft:pale_oak_wood
item	minecraft:dark_oak_wood	block.minecraft.dark_oak_wood	64	minecraft:dark_oak_wood
item	minecraft:mangrove_wood	block.minecraft.mangrove_wood	64	minecraft:mangrove_wood
item	minecraft:crimson_hyphae	block.minecraft.crimson_hyphae	64	minecraft:crimson_hyphae
item	minecraft:warped_hyphae	block.minecraft.warped_hyphae	64	minecraft:warped_hyphae
item	minecraft:oak_leaves	block.minecraft.oak_leaves	64	minecraft:oak_leaves
item	minecraft:spruce_leaves	block.minecraft.spruce_leaves	64	minecraft:spruce_leaves
item	minecraft:birch_leaves	block.minecraft.birch_leaves	64	minecraft:birch_leaves
item	minecraft:jungle_leaves	block.minecraft.jungle_leaves	64	minecraft:jungle_leaves
item	minecraft:acacia_leaves	block.minecraft.acacia_leaves	64	minecraft:acacia_leaves
item	minecraft:cherry_leaves	block.minecraft.cherry_leaves	64	minecraft:cherry_leaves
item	minecraft:dark_oak_leaves	block.minecraft.dark_oak_leaves	64	minecraft:dark_oak_leaves
item	minecraft:pale_oak_leaves	block.minecraft.pale_oak_leaves	64	minecraft:pale_oak_leaves
item	minecraft:mangrove_leaves	block.minecraft.mangrove_leaves	64	minecraft:mangrove_leaves
item	minecraft:azalea_leaves	block.minecraft.azalea_leaves	64	minecraft:azalea_leaves
item	minecraft:flowering_azalea_leaves	block.minecraft.flowering_azalea_leaves	64	minecraft:flowering_azalea_leaves
item	minecraft:sponge	block.minecraft.sponge	64	minecraft:sponge
item	minecraft:wet_sponge	block.minecraft.wet_sponge	64	minecraft:wet_sponge
item	minecraft:glass	block.minecraft.glass	64	minecraft:glass
item	minecraft:tinted_glass	block.minecraft.tinted_glass	64	minecraft:tinted_glass
item	minecraft:lapis_block	block.minecraft.lapis_block	64	minecraft:lapis_block
item	minecraft:sandstone	block.minecraft.sandstone	64	minecraft:sandstone
item	minecraft:chiseled_sandstone	block.minecraft.chiseled_sandstone	64	minecraft:chiseled_sandstone
item	minecraft:cut_sandstone	block.minecraft.cut_sandstone	64	minecraft:cut_sandstone
item	minecraft:cobweb	block.minecraft.cobweb	64	minecraft:cobweb
item	minecraft:short_grass	block.minecraft.short_grass	64	minecraft:short_grass
item	minecraft:fern	block.minecraft.fern	64	minecraft:fern
item	minecraft:bush	block.minecraft.bush	64	minecraft:bush
item	minecraft:azalea	block.minecraft.azalea	64	minecraft:azalea
item	minecraft:flowering_azalea	block.minecraft.flowering_azalea	64	minecraft:flowering_azalea
item	minecraft:dead_bush	block.minecraft.dead_bush	64	minecraft:dead_bush
item	minecraft:firefly_bush	block.minecraft.firefly_bush	64	minecraft:firefly_bush
item	minecraft:short_dry_grass	block.minecraft.short_dry_grass	64	minecraft:short_dry_grass
item	minecraft:tall_dry_grass	block.minecraft.tall_dry_grass	64	minecraft:tall_dry_grass
item	minecraft:seagrass	block.minecraft.seagrass	64	minecraft:seagrass
item	minecraft:sea_pickle	block.minecraft.sea_pickle	64	minecraft:sea_pickle
item	minecraft:white_wool	block.minecraft.white_wool	64	minecraft:white_wool
item	minecraft:orange_wool	block.minecraft.orange_wool	64	minecraft:orange_wool
item	minecraft:magenta_wool	block.minecraft.magenta_wool	64	minecraft:magenta_wool
item	minecraft:light_blue_wool	block.minecraft.light_blue_wool	64	minecraft:light_blue_wool
item	minecraft:yellow_wool	block.minecraft.yellow_wool	64	minecraft:yellow_wool
item	minecraft:lime_wool	block.minecraft.lime_wool	64	minecraft:lime_wool
item	minecraft:pink_wool	block.minecraft.pink_wool	64	minecraft:pink_wool
item	minecraft:gray_wool	block.minecraft.gray_wool	64	minecraft:gray_wool
item	minecraft:light_gray_wool	block.minecraft.light_gray_wool	64	minecraft:light_gray_wool
item	minecraft:cyan_wool	block.minecraft.cyan_wool	64	minecraft:cyan_wool
item	minecraft:purple_wool	block.minecraft.purple_wool	64	minecraft:purple_wool
item	minecraft:blue_wool	block.minecraft.blue_wool	64	minecraft:blue_wool
item	minecraft:brown_wool	block.minecraft.brown_wool	64	minecraft:brown_wool
item	minecraft:green_wool	block.minecraft.green_wool	64	minecraft:green_wool
item	minecraft:red_wool	block.minecraft.red_wool	64	minecraft:red_wool
item	minecraft:black_wool	block.minecraft.black_wool	64	minecraft:black_wool
item	minecraft:dandelion	block.minecraft.dandelion	64	minecraft:dandelion
item	minecraft:golden_dandelion	block.minecraft.golden_dandelion	64	minecraft:golden_dandelion
item	minecraft:open_eyeblossom	block.minecraft.open_eyeblossom	64	minecraft:open_eyeblossom
item	minecraft:closed_eyeblossom	block.minecraft.closed_eyeblossom	64	minecraft:closed_eyeblossom
item	minecraft:poppy	block.minecraft.poppy	64	minecraft:poppy
item	minecraft:blue_orchid	block.minecraft.blue_orchid	64	minecraft:blue_orchid
item	minecraft:allium	block.minecraft.allium	64	minecraft:allium
item	minecraft:azure_bluet	block.minecraft.azure_bluet	64	minecraft:azure_bluet
item	minecraft:red_tulip	block.minecraft.red_tulip	64	minecraft:red_tulip
item	minecraft:orange_tulip	block.minecraft.orange_tulip	64	minecraft:orange_tulip
item	minecraft:white_tulip	block.minecraft.white_tulip	64	minecraft:white_tulip
item	minecraft:pink_tulip	block.minecraft.pink_tulip	64	minecraft:pink_tulip
item	minecraft:oxeye_daisy	block.minecraft.oxeye_daisy	64	minecraft:oxeye_daisy
item	minecraft:cornflower	block.minecraft.cornflower	64	minecraft:cornflower
item	minecraft:lily_of_the_valley	block.minecraft.lily_of_the_valley	64	minecraft:lily_of_the_valley
item	minecraft:wither_rose	block.minecraft.wither_rose	64	minecraft:wither_rose
item	minecraft:torchflower	block.minecraft.torchflower	64	minecraft:torchflower
item	minecraft:pitcher_plant	block.minecraft.pitcher_plant	64	minecraft:pitcher_plant
item	minecraft:spore_blossom	block.minecraft.spore_blossom	64	minecraft:spore_blossom
item	minecraft:brown_mushroom	block.minecraft.brown_mushroom	64	minecraft:brown_mushroom
item	minecraft:red_mushroom	block.minecraft.red_mushroom	64	minecraft:red_mushroom
item	minecraft:crimson_fungus	block.minecraft.crimson_fungus	64	minecraft:crimson_fungus
item	minecraft:warped_fungus	block.minecraft.warped_fungus	64	minecraft:warped_fungus
item	minecraft:crimson_roots	block.minecraft.crimson_roots	64	minecraft:crimson_roots
item	minecraft:warped_roots	block.minecraft.warped_roots	64	minecraft:warped_roots
item	minecraft:nether_sprouts	block.minecraft.nether_sprouts	64	minecraft:nether_sprouts
item	minecraft:weeping_vines	block.minecraft.weeping_vines	64	minecraft:weeping_vines
item	minecraft:twisting_vines	block.minecraft.twisting_vines	64	minecraft:twisting_vines
item	minecraft:sugar_cane	block.minecraft.sugar_cane	64	minecraft:sugar_cane
item	minecraft:kelp	block.minecraft.kelp	64	minecraft:kelp
item	minecraft:pink_petals	block.minecraft.pink_petals	64	minecraft:pink_petals
item	minecraft:wildflowers	block.minecraft.wildflowers	64	minecraft:wildflowers
item	minecraft:leaf_litter	block.minecraft.leaf_litter	64	minecraft:leaf_litter
item	minecraft:moss_carpet	block.minecraft.moss_carpet	64	minecraft:moss_carpet
item	minecraft:moss_block	block.minecraft.moss_block	64	minecraft:moss_block
item	minecraft:pale_moss_carpet	block.minecraft.pale_moss_carpet	64	minecraft:pale_moss_carpet
item	minecraft:pale_hanging_moss	block.minecraft.pale_hanging_moss	64	minecraft:pale_hanging_moss
item	minecraft:pale_moss_block	block.minecraft.pale_moss_block	64	minecraft:pale_moss_block
item	minecraft:hanging_roots	block.minecraft.hanging_roots	64	minecraft:hanging_roots
item	minecraft:big_dripleaf	block.minecraft.big_dripleaf	64	minecraft:big_dripleaf
item	minecraft:small_dripleaf	block.minecraft.small_dripleaf	64	minecraft:small_dripleaf
item	minecraft:bamboo	block.minecraft.bamboo	64	minecraft:bamboo
item	minecraft:oak_slab	block.minecraft.oak_slab	64	minecraft:oak_slab
item	minecraft:spruce_slab	block.minecraft.spruce_slab	64	minecraft:spruce_slab
item	minecraft:birch_slab	block.minecraft.birch_slab	64	minecraft:birch_slab
item	minecraft:jungle_slab	block.minecraft.jungle_slab	64	minecraft:jungle_slab
item	minecraft:acacia_slab	block.minecraft.acacia_slab	64	minecraft:acacia_slab
item	minecraft:cherry_slab	block.minecraft.cherry_slab	64	minecraft:cherry_slab
item	minecraft:dark_oak_slab	block.minecraft.dark_oak_slab	64	minecraft:dark_oak_slab
item	minecraft:pale_oak_slab	block.minecraft.pale_oak_slab	64	minecraft:pale_oak_slab
item	minecraft:mangrove_slab	block.minecraft.mangrove_slab	64	minecraft:mangrove_slab
item	minecraft:bamboo_slab	block.minecraft.bamboo_slab	64	minecraft:bamboo_slab
item	minecraft:bamboo_mosaic_slab	block.minecraft.bamboo_mosaic_slab	64	minecraft:bamboo_mosaic_slab
item	minecraft:crimson_slab	block.minecraft.crimson_slab	64	minecraft:crimson_slab
item	minecraft:warped_slab	block.minecraft.warped_slab	64	minecraft:warped_slab
item	minecraft:stone_slab	block.minecraft.stone_slab	64	minecraft:stone_slab
item	minecraft:smooth_stone_slab	block.minecraft.smooth_stone_slab	64	minecraft:smooth_stone_slab
item	minecraft:sandstone_slab	block.minecraft.sandstone_slab	64	minecraft:sandstone_slab
item	minecraft:cut_sandstone_slab	block.minecraft.cut_sandstone_slab	64	minecraft:cut_sandstone_slab
item	minecraft:petrified_oak_slab	block.minecraft.petrified_oak_slab	64	minecraft:petrified_oak_slab
item	minecraft:cobblestone_slab	block.minecraft.cobblestone_slab	64	minecraft:cobblestone_slab
item	minecraft:brick_slab	block.minecraft.brick_slab	64	minecraft:brick_slab
item	minecraft:stone_brick_slab	block.minecraft.stone_brick_slab	64	minecraft:stone_brick_slab
item	minecraft:mud_brick_slab	block.minecraft.mud_brick_slab	64	minecraft:mud_brick_slab
item	minecraft:nether_brick_slab	block.minecraft.nether_brick_slab	64	minecraft:nether_brick_slab
item	minecraft:quartz_slab	block.minecraft.quartz_slab	64	minecraft:quartz_slab
item	minecraft:red_sandstone_slab	block.minecraft.red_sandstone_slab	64	minecraft:red_sandstone_slab
item	minecraft:cut_red_sandstone_slab	block.minecraft.cut_red_sandstone_slab	64	minecraft:cut_red_sandstone_slab
item	minecraft:purpur_slab	block.minecraft.purpur_slab	64	minecraft:purpur_slab
item	minecraft:prismarine_slab	block.minecraft.prismarine_slab	64	minecraft:prismarine_slab
item	minecraft:prismarine_brick_slab	block.minecraft.prismarine_brick_slab	64	minecraft:prismarine_brick_slab
item	minecraft:dark_prismarine_slab	block.minecraft.dark_prismarine_slab	64	minecraft:dark_prismarine_slab
item	minecraft:smooth_quartz	block.minecraft.smooth_quartz	64	minecraft:smooth_quartz
item	minecraft:smooth_red_sandstone	block.minecraft.smooth_red_sandstone	64	minecraft:smooth_red_sandstone
item	minecraft:smooth_sandstone	block.minecraft.smooth_sandstone	64	minecraft:smooth_sandstone
item	minecraft:smooth_stone	block.minecraft.smooth_stone	64	minecraft:smooth_stone
item	minecraft:bricks	block.minecraft.bricks	64	minecraft:bricks
item	minecraft:acacia_shelf	block.minecraft.acacia_shelf	64	minecraft:acacia_shelf
item	minecraft:bamboo_shelf	block.minecraft.bamboo_shelf	64	minecraft:bamboo_shelf
item	minecraft:birch_shelf	block.minecraft.birch_shelf	64	minecraft:birch_shelf
item	minecraft:cherry_shelf	block.minecraft.cherry_shelf	64	minecraft:cherry_shelf
item	minecraft:crimson_shelf	block.minecraft.crimson_shelf	64	minecraft:crimson_shelf
item	minecraft:dark_oak_shelf	block.minecraft.dark_oak_shelf	64	minecraft:dark_oak_shelf
item	minecraft:jungle_shelf	block.minecraft.jungle_shelf	64	minecraft:jungle_shelf
item	minecraft:mangrove_shelf	block.minecraft.mangrove_shelf	64	minecraft:mangrove_shelf
item	minecraft:oak_shelf	block.minecraft.oak_shelf	64	minecraft:oak_shelf
item	minecraft:pale_oak_shelf	block.minecraft.pale_oak_shelf	64	minecraft:pale_oak_shelf
item	minecraft:spruce_shelf	block.minecraft.spruce_shelf	64	minecraft:spruce_shelf
item	minecraft:warped_shelf	block.minecraft.warped_shelf	64	minecraft:warped_shelf
item	minecraft:bookshelf	block.minecraft.bookshelf	64	minecraft:bookshelf
item	minecraft:chiseled_bookshelf	block.minecraft.chiseled_bookshelf	64	minecraft:chiseled_bookshelf
item	minecraft:decorated_pot	block.minecraft.decorated_pot	64	minecraft:decorated_pot
item	minecraft:mossy_cobblestone	block.minecraft.mossy_cobblestone	64	minecraft:mossy_cobblestone
item	minecraft:obsidian	block.minecraft.obsidian	64	minecraft:obsidian
item	minecraft:torch	block.minecraft.torch	64	minecraft:torch
item	minecraft:end_rod	block.minecraft.end_rod	64	minecraft:end_rod
item	minecraft:chorus_plant	block.minecraft.chorus_plant	64	minecraft:chorus_plant
item	minecraft:chorus_flower	block.minecraft.chorus_flower	64	minecraft:chorus_flower
item	minecraft:purpur_block	block.minecraft.purpur_block	64	minecraft:purpur_block
item	minecraft:purpur_pillar	block.minecraft.purpur_pillar	64	minecraft:purpur_pillar
item	minecraft:purpur_stairs	block.minecraft.purpur_stairs	64	minecraft:purpur_stairs
item	minecraft:spawner	block.minecraft.spawner	64	minecraft:spawner
item	minecraft:creaking_heart	block.minecraft.creaking_heart	64	minecraft:creaking_heart
item	minecraft:chest	block.minecraft.chest	64	minecraft:chest
item	minecraft:crafting_table	block.minecraft.crafting_table	64	minecraft:crafting_table
item	minecraft:farmland	block.minecraft.farmland	64	minecraft:farmland
item	minecraft:furnace	block.minecraft.furnace	64	minecraft:furnace
item	minecraft:ladder	block.minecraft.ladder	64	minecraft:ladder
item	minecraft:cobblestone_stairs	block.minecraft.cobblestone_stairs	64	minecraft:cobblestone_stairs
item	minecraft:snow	block.minecraft.snow	64	minecraft:snow
item	minecraft:ice	block.minecraft.ice	64	minecraft:ice
item	minecraft:snow_block	block.minecraft.snow_block	64	minecraft:snow_block
item	minecraft:cactus	block.minecraft.cactus	64	minecraft:cactus
item	minecraft:cactus_flower	block.minecraft.cactus_flower	64	minecraft:cactus_flower
item	minecraft:clay	block.minecraft.clay	64	minecraft:clay
item	minecraft:jukebox	block.minecraft.jukebox	64	minecraft:jukebox
item	minecraft:oak_fence	block.minecraft.oak_fence	64	minecraft:oak_fence
item	minecraft:spruce_fence	block.minecraft.spruce_fence	64	minecraft:spruce_fence
item	minecraft:birch_fence	block.minecraft.birch_fence	64	minecraft:birch_fence
item	minecraft:jungle_fence	block.minecraft.jungle_fence	64	minecraft:jungle_fence
item	minecraft:acacia_fence	block.minecraft.acacia_fence	64	minecraft:acacia_fence
item	minecraft:cherry_fence	block.minecraft.cherry_fence	64	minecraft:cherry_fence
item	minecraft:dark_oak_fence	block.minecraft.dark_oak_fence	64	minecraft:dark_oak_fence
item	minecraft:pale_oak_fence	block.minecraft.pale_oak_fence	64	minecraft:pale_oak_fence
item	minecraft:mangrove_fence	block.minecraft.mangrove_fence	64	minecraft:mangrove_fence
item	minecraft:bamboo_fence	block.minecraft.bamboo_fence	64	minecraft:bamboo_fence
item	minecraft:crimson_fence	block.minecraft.crimson_fence	64	minecraft:crimson_fence
item	minecraft:warped_fence	block.minecraft.warped_fence	64	minecraft:warped_fence
item	minecraft:pumpkin	block.minecraft.pumpkin	64	minecraft:pumpkin
item	minecraft:carved_pumpkin	block.minecraft.carved_pumpkin	64	minecraft:carved_pumpkin
item	minecraft:jack_o_lantern	block.minecraft.jack_o_lantern	64	minecraft:jack_o_lantern
item	minecraft:netherrack	block.minecraft.netherrack	64	minecraft:netherrack
item	minecraft:soul_sand	block.minecraft.soul_sand	64	minecraft:soul_sand
item	minecraft:soul_soil	block.minecraft.soul_soil	64	minecraft:soul_soil
item	minecraft:basalt	block.minecraft.basalt	64	minecraft:basalt
item	minecraft:polished_basalt	block.minecraft.polished_basalt	64	minecraft:polished_basalt
item	minecraft:smooth_basalt	block.minecraft.smooth_basalt	64	minecraft:smooth_basalt
item	minecraft:soul_torch	block.minecraft.soul_torch	64	minecraft:soul_torch
item	minecraft:copper_torch	block.minecraft.copper_torch	64	minecraft:copper_torch
item	minecraft:glowstone	block.minecraft.glowstone	64	minecraft:glowstone
item	minecraft:infested_stone	block.minecraft.infested_stone	64	minecraft:infested_stone
item	minecraft:infested_cobblestone	block.minecraft.infested_cobblestone	64	minecraft:infested_cobblestone
item	minecraft:infested_stone_bricks	block.minecraft.infested_stone_bricks	64	minecraft:infested_stone_bricks
item	minecraft:infested_mossy_stone_bricks	block.minecraft.infested_mossy_stone_bricks	64	minecraft:infested_mossy_stone_bricks
item	minecraft:infested_cracked_stone_bricks	block.minecraft.infested_cracked_stone_bricks	64	minecraft:infested_cracked_stone_bricks
item	minecraft:infested_chiseled_stone_bricks	block.minecraft.infested_chiseled_stone_bricks	64	minecraft:infested_chiseled_stone_bricks
item	minecraft:infested_deepslate	block.minecraft.infested_deepslate	64	minecraft:infested_deepslate
item	minecraft:stone_bricks	block.minecraft.stone_bricks	64	minecraft:stone_bricks
item	minecraft:mossy_stone_bricks	block.minecraft.mossy_stone_bricks	64	minecraft:mossy_stone_bricks
item	minecraft:cracked_stone_bricks	block.minecraft.cracked_stone_bricks	64	minecraft:cracked_stone_bricks
item	minecraft:chiseled_stone_bricks	block.minecraft.chiseled_stone_bricks	64	minecraft:chiseled_stone_bricks
item	minecraft:packed_mud	block.minecraft.packed_mud	64	minecraft:packed_mud
item	minecraft:mud_bricks	block.minecraft.mud_bricks	64	minecraft:mud_bricks
item	minecraft:deepslate_bricks	block.minecraft.deepslate_bricks	64	minecraft:deepslate_bricks
item	minecraft:cracked_deepslate_bricks	block.minecraft.cracked_deepslate_bricks	64	minecraft:cracked_deepslate_bricks
item	minecraft:deepslate_tiles	block.minecraft.deepslate_tiles	64	minecraft:deepslate_tiles
item	minecraft:cracked_deepslate_tiles	block.minecraft.cracked_deepslate_tiles	64	minecraft:cracked_deepslate_tiles
item	minecraft:chiseled_deepslate	block.minecraft.chiseled_deepslate	64	minecraft:chiseled_deepslate
item	minecraft:reinforced_deepslate	block.minecraft.reinforced_deepslate	64	minecraft:reinforced_deepslate
item	minecraft:brown_mushroom_block	block.minecraft.brown_mushroom_block	64	minecraft:brown_mushroom_block
item	minecraft:red_mushroom_block	block.minecraft.red_mushroom_block	64	minecraft:red_mushroom_block
item	minecraft:mushroom_stem	block.minecraft.mushroom_stem	64	minecraft:mushroom_stem
item	minecraft:iron_bars	block.minecraft.iron_bars	64	minecraft:iron_bars
item	minecraft:copper_bars	block.minecraft.copper_bars	64	minecraft:copper_bars
item	minecraft:exposed_copper_bars	block.minecraft.exposed_copper_bars	64	minecraft:exposed_copper_bars
item	minecraft:weathered_copper_bars	block.minecraft.weathered_copper_bars	64	minecraft:weathered_copper_bars
item	minecraft:oxidized_copper_bars	block.minecraft.oxidized_copper_bars	64	minecraft:oxidized_copper_bars
item	minecraft:waxed_copper_bars	block.minecraft.waxed_copper_bars	64	minecraft:waxed_copper_bars
item	minecraft:waxed_exposed_copper_bars	block.minecraft.waxed_exposed_copper_bars	64	minecraft:waxed_exposed_copper_bars
item	minecraft:waxed_weathered_copper_bars	block.minecraft.waxed_weathered_copper_bars	64	minecraft:waxed_weathered_copper_bars
item	minecraft:waxed_oxidized_copper_bars	block.minecraft.waxed_oxidized_copper_bars	64	minecraft:waxed_oxidized_copper_bars
item	minecraft:iron_chain	block.minecraft.iron_chain	64	minecraft:iron_chain
item	minecraft:copper_chain	block.minecraft.copper_chain	64	minecraft:copper_chain
item	minecraft:exposed_copper_chain	block.minecraft.exposed_copper_chain	64	minecraft:exposed_copper_chain
item	minecraft:weathered_copper_chain	block.minecraft.weathered_copper_chain	64	minecraft:weathered_copper_chain
item	minecraft:oxidized_copper_chain	block.minecraft.oxidized_copper_chain	64	minecraft:oxidized_copper_chain
item	minecraft:waxed_copper_chain	block.minecraft.waxed_copper_chain	64	minecraft:waxed_copper_chain
item	minecraft:waxed_exposed_copper_chain	block.minecraft.waxed_exposed_copper_chain	64	minecraft:waxed_exposed_copper_chain
item	minecraft:waxed_weathered_copper_chain	block.minecraft.waxed_weathered_copper_chain	64	minecraft:waxed_weathered_copper_chain
item	minecraft:waxed_oxidized_copper_chain	block.minecraft.waxed_oxidized_copper_chain	64	minecraft:waxed_oxidized_copper_chain
item	minecraft:glass_pane	block.minecraft.glass_pane	64	minecraft:glass_pane
item	minecraft:melon	block.minecraft.melon	64	minecraft:melon
item	minecraft:vine	block.minecraft.vine	64	minecraft:vine
item	minecraft:glow_lichen	block.minecraft.glow_lichen	64	minecraft:glow_lichen
item	minecraft:resin_clump	item.minecraft.resin_clump	64	minecraft:resin_clump
item	minecraft:resin_block	block.minecraft.resin_block	64	minecraft:resin_block
item	minecraft:resin_bricks	block.minecraft.resin_bricks	64	minecraft:resin_bricks
item	minecraft:resin_brick_stairs	block.minecraft.resin_brick_stairs	64	minecraft:resin_brick_stairs
item	minecraft:resin_brick_slab	block.minecraft.resin_brick_slab	64	minecraft:resin_brick_slab
item	minecraft:resin_brick_wall	block.minecraft.resin_brick_wall	64	minecraft:resin_brick_wall
item	minecraft:chiseled_resin_bricks	block.minecraft.chiseled_resin_bricks	64	minecraft:chiseled_resin_bricks
item	minecraft:brick_stairs	block.minecraft.brick_stairs	64	minecraft:brick_stairs
item	minecraft:stone_brick_stairs	block.minecraft.stone_brick_stairs	64	minecraft:stone_brick_stairs
item	minecraft:mud_brick_stairs	block.minecraft.mud_brick_stairs	64	minecraft:mud_brick_stairs
item	minecraft:mycelium	block.minecraft.mycelium	64	minecraft:mycelium
item	minecraft:lily_pad	block.minecraft.lily_pad	64	minecraft:lily_pad
item	minecraft:nether_bricks	block.minecraft.nether_bricks	64	minecraft:nether_bricks
item	minecraft:cracked_nether_bricks	block.minecraft.cracked_nether_bricks	64	minecraft:cracked_nether_bricks
item	minecraft:chiseled_nether_bricks	block.minecraft.chiseled_nether_bricks	64	minecraft:chiseled_nether_bricks
item	minecraft:nether_brick_fence	block.minecraft.nether_brick_fence	64	minecraft:nether_brick_fence
item	minecraft:nether_brick_stairs	block.minecraft.nether_brick_stairs	64	minecraft:nether_brick_stairs
item	minecraft:sculk	block.minecraft.sculk	64	minecraft:sculk
item	minecraft:sculk_vein	block.minecraft.sculk_vein	64	minecraft:sculk_vein
item	minecraft:sculk_catalyst	block.minecraft.sculk_catalyst	64	minecraft:sculk_catalyst
item	minecraft:sculk_shrieker	block.minecraft.sculk_shrieker	64	minecraft:sculk_shrieker
item	minecraft:enchanting_table	block.minecraft.enchanting_table	64	minecraft:enchanting_table
item	minecraft:end_portal_frame	block.minecraft.end_portal_frame	64	minecraft:end_portal_frame
item	minecraft:end_stone	block.minecraft.end_stone	64	minecraft:end_stone
item	minecraft:end_stone_bricks	block.minecraft.end_stone_bricks	64	minecraft:end_stone_bricks
item	minecraft:dragon_egg	block.minecraft.dragon_egg	64	minecraft:dragon_egg
item	minecraft:sandstone_stairs	block.minecraft.sandstone_stairs	64	minecraft:sandstone_stairs
item	minecraft:ender_chest	block.minecraft.ender_chest	64	minecraft:ender_chest
item	minecraft:emerald_block	block.minecraft.emerald_block	64	minecraft:emerald_block
item	minecraft:oak_stairs	block.minecraft.oak_stairs	64	minecraft:oak_stairs
item	minecraft:spruce_stairs	block.minecraft.spruce_stairs	64	minecraft:spruce_stairs
item	minecraft:birch_stairs	block.minecraft.birch_stairs	64	minecraft:birch_stairs
item	minecraft:jungle_stairs	block.minecraft.jungle_stairs	64	minecraft:jungle_stairs
item	minecraft:acacia_stairs	block.minecraft.acacia_stairs	64	minecraft:acacia_stairs
item	minecraft:cherry_stairs	block.minecraft.cherry_stairs	64	minecraft:cherry_stairs
item	minecraft:dark_oak_stairs	block.minecraft.dark_oak_stairs	64	minecraft:dark_oak_stairs
item	minecraft:pale_oak_stairs	block.minecraft.pale_oak_stairs	64	minecraft:pale_oak_stairs
item	minecraft:mangrove_stairs	block.minecraft.mangrove_stairs	64	minecraft:mangrove_stairs
item	minecraft:bamboo_stairs	block.minecraft.bamboo_stairs	64	minecraft:bamboo_stairs
item	minecraft:bamboo_mosaic_stairs	block.minecraft.bamboo_mosaic_stairs	64	minecraft:bamboo_mosaic_stairs
item	minecraft:crimson_stairs	block.minecraft.crimson_stairs	64	minecraft:crimson_stairs
item	minecraft:warped_stairs	block.minecraft.warped_stairs	64	minecraft:warped_stairs
item	minecraft:command_block	block.minecraft.command_block	64	minecraft:command_block
item	minecraft:beacon	block.minecraft.beacon	64	minecraft:beacon
item	minecraft:cobblestone_wall	block.minecraft.cobblestone_wall	64	minecraft:cobblestone_wall
item	minecraft:mossy_cobblestone_wall	block.minecraft.mossy_cobblestone_wall	64	minecraft:mossy_cobblestone_wall
item	minecraft:brick_wall	block.minecraft.brick_wall	64	minecraft:brick_wall
item	minecraft:prismarine_wall	block.minecraft.prismarine_wall	64	minecraft:prismarine_wall
item	minecraft:red_sandstone_wall	block.minecraft.red_sandstone_wall	64	minecraft:red_sandstone_wall
item	minecraft:mossy_stone_brick_wall	block.minecraft.mossy_stone_brick_wall	64	minecraft:mossy_stone_brick_wall
item	minecraft:granite_wall	block.minecraft.granite_wall	64	minecraft:granite_wall
item	minecraft:stone_brick_wall	block.minecraft.stone_brick_wall	64	minecraft:stone_brick_wall
item	minecraft:mud_brick_wall	block.minecraft.mud_brick_wall	64	minecraft:mud_brick_wall
item	minecraft:nether_brick_wall	block.minecraft.nether_brick_wall	64	minecraft:nether_brick_wall
item	minecraft:andesite_wall	block.minecraft.andesite_wall	64	minecraft:andesite_wall
item	minecraft:red_nether_brick_wall	block.minecraft.red_nether_brick_wall	64	minecraft:red_nether_brick_wall
item	minecraft:sandstone_wall	block.minecraft.sandstone_wall	64	minecraft:sandstone_wall
item	minecraft:end_stone_brick_wall	block.minecraft.end_stone_brick_wall	64	minecraft:end_stone_brick_wall
item	minecraft:diorite_wall	block.minecraft.diorite_wall	64	minecraft:diorite_wall
item	minecraft:blackstone_wall	block.minecraft.blackstone_wall	64	minecraft:blackstone_wall
item	minecraft:polished_blackstone_wall	block.minecraft.polished_blackstone_wall	64	minecraft:polished_blackstone_wall
item	minecraft:polished_blackstone_brick_wall	block.minecraft.polished_blackstone_brick_wall	64	minecraft:polished_blackstone_brick_wall
item	minecraft:cobbled_deepslate_wall	block.minecraft.cobbled_deepslate_wall	64	minecraft:cobbled_deepslate_wall
item	minecraft:polished_deepslate_wall	block.minecraft.polished_deepslate_wall	64	minecraft:polished_deepslate_wall
item	minecraft:deepslate_brick_wall	block.minecraft.deepslate_brick_wall	64	minecraft:deepslate_brick_wall
item	minecraft:deepslate_tile_wall	block.minecraft.deepslate_tile_wall	64	minecraft:deepslate_tile_wall
item	minecraft:anvil	block.minecraft.anvil	64	minecraft:anvil
item	minecraft:chipped_anvil	block.minecraft.chipped_anvil	64	minecraft:chipped_anvil
item	minecraft:damaged_anvil	block.minecraft.damaged_anvil	64	minecraft:damaged_anvil
item	minecraft:chiseled_quartz_block	block.minecraft.chiseled_quartz_block	64	minecraft:chiseled_quartz_block
item	minecraft:quartz_block	block.minecraft.quartz_block	64	minecraft:quartz_block
item	minecraft:quartz_bricks	block.minecraft.quartz_bricks	64	minecraft:quartz_bricks
item	minecraft:quartz_pillar	block.minecraft.quartz_pillar	64	minecraft:quartz_pillar
item	minecraft:quartz_stairs	block.minecraft.quartz_stairs	64	minecraft:quartz_stairs
item	minecraft:white_terracotta	block.minecraft.white_terracotta	64	minecraft:white_terracotta
item	minecraft:orange_terracotta	block.minecraft.orange_terracotta	64	minecraft:orange_terracotta
item	minecraft:magenta_terracotta	block.minecraft.magenta_terracotta	64	minecraft:magenta_terracotta
item	minecraft:light_blue_terracotta	block.minecraft.light_blue_terracotta	64	minecraft:light_blue_terracotta
item	minecraft:yellow_terracotta	block.minecraft.yellow_terracotta	64	minecraft:yellow_terracotta
item	minecraft:lime_terracotta	block.minecraft.lime_terracotta	64	minecraft:lime_terracotta
item	minecraft:pink_terracotta	block.minecraft.pink_terracotta	64	minecraft:pink_terracotta
item	minecraft:gray_terracotta	block.minecraft.gray_terracotta	64	minecraft:gray_terracotta
item	minecraft:light_gray_terracotta	block.minecraft.light_gray_terracotta	64	minecraft:light_gray_terracotta
item	minecraft:cyan_terracotta	block.minecraft.cyan_terracotta	64	minecraft:cyan_terracotta
item	minecraft:purple_terracotta	block.minecraft.purple_terracotta	64	minecraft:purple_terracotta
item	minecraft:blue_terracotta	block.minecraft.blue_terracotta	64	minecraft:blue_terracotta
item	minecraft:brown_terracotta	block.minecraft.brown_terracotta	64	minecraft:brown_terracotta
item	minecraft:green_terracotta	block.minecraft.green_terracotta	64	minecraft:green_terracotta
item	minecraft:red_terracotta	block.minecraft.red_terracotta	64	minecraft:red_terracotta
item	minecraft:black_terracotta	block.minecraft.black_terracotta	64	minecraft:black_terracotta
item	minecraft:barrier	block.minecraft.barrier	64	minecraft:barrier
item	minecraft:light	block.minecraft.light	64	minecraft:light
item	minecraft:hay_block	block.minecraft.hay_block	64	minecraft:hay_block
item	minecraft:white_carpet	block.minecraft.white_carpet	64	minecraft:white_carpet
item	minecraft:orange_carpet	block.minecraft.orange_carpet	64	minecraft:orange_carpet
item	minecraft:magenta_carpet	block.minecraft.magenta_carpet	64	minecraft:magenta_carpet
item	minecraft:light_blue_carpet	block.minecraft.light_blue_carpet	64	minecraft:light_blue_carpet
item	minecraft:yellow_carpet	block.minecraft.yellow_carpet	64	minecraft:yellow_carpet
item	minecraft:lime_carpet	block.minecraft.lime_carpet	64	minecraft:lime_carpet
item	minecraft:pink_carpet	block.minecraft.pink_carpet	64	minecraft:pink_carpet
item	minecraft:gray_carpet	block.minecraft.gray_carpet	64	minecraft:gray_carpet
item	minecraft:light_gray_carpet	block.minecraft.light_gray_carpet	64	minecraft:light_gray_carpet
item	minecraft:cyan_carpet	block.minecraft.cyan_carpet	64	minecraft:cyan_carpet
item	minecraft:purple_carpet	block.minecraft.purple_carpet	64	minecraft:purple_carpet
item	minecraft:blue_carpet	block.minecraft.blue_carpet	64	minecraft:blue_carpet
item	minecraft:brown_carpet	block.minecraft.brown_carpet	64	minecraft:brown_carpet
item	minecraft:green_carpet	block.minecraft.green_carpet	64	minecraft:green_carpet
item	minecraft:red_carpet	block.minecraft.red_carpet	64	minecraft:red_carpet
item	minecraft:black_carpet	block.minecraft.black_carpet	64	minecraft:black_carpet
item	minecraft:terracotta	block.minecraft.terracotta	64	minecraft:terracotta
item	minecraft:packed_ice	block.minecraft.packed_ice	64	minecraft:packed_ice
item	minecraft:dirt_path	block.minecraft.dirt_path	64	minecraft:dirt_path
item	minecraft:sunflower	block.minecraft.sunflower	64	minecraft:sunflower
item	minecraft:lilac	block.minecraft.lilac	64	minecraft:lilac
item	minecraft:rose_bush	block.minecraft.rose_bush	64	minecraft:rose_bush
item	minecraft:peony	block.minecraft.peony	64	minecraft:peony
item	minecraft:tall_grass	block.minecraft.tall_grass	64	minecraft:tall_grass
item	minecraft:large_fern	block.minecraft.large_fern	64	minecraft:large_fern
item	minecraft:white_stained_glass	block.minecraft.white_stained_glass	64	minecraft:white_stained_glass
item	minecraft:orange_stained_glass	block.minecraft.orange_stained_glass	64	minecraft:orange_stained_glass
item	minecraft:magenta_stained_glass	block.minecraft.magenta_stained_glass	64	minecraft:magenta_stained_glass
item	minecraft:light_blue_stained_glass	block.minecraft.light_blue_stained_glass	64	minecraft:light_blue_stained_glass
item	minecraft:yellow_stained_glass	block.minecraft.yellow_stained_glass	64	minecraft:yellow_stained_glass
item	minecraft:lime_stained_glass	block.minecraft.lime_stained_glass	64	minecraft:lime_stained_glass
item	minecraft:pink_stained_glass	block.minecraft.pink_stained_glass	64	minecraft:pink_stained_glass
item	minecraft:gray_stained_glass	block.minecraft.gray_stained_glass	64	minecraft:gray_stained_glass
item	minecraft:light_gray_stained_glass	block.minecraft.light_gray_stained_glass	64	minecraft:light_gray_stained_glass
item	minecraft:cyan_stained_glass	block.minecraft.cyan_stained_glass	64	minecraft:cyan_stained_glass
item	minecraft:purple_stained_glass	block.minecraft.purple_stained_glass	64	minecraft:purple_stained_glass
item	minecraft:blue_stained_glass	block.minecraft.blue_stained_glass	64	minecraft:blue_stained_glass
item	minecraft:brown_stained_glass	block.minecraft.brown_stained_glass	64	minecraft:brown_stained_glass
item	minecraft:green_stained_glass	block.minecraft.green_stained_glass	64	minecraft:green_stained_glass
item	minecraft:red_stained_glass	block.minecraft.red_stained_glass	64	minecraft:red_stained_glass
item	minecraft:black_stained_glass	block.minecraft.black_stained_glass	64	minecraft:black_stained_glass
item	minecraft:white_stained_glass_pane	block.minecraft.white_stained_glass_pane	64	minecraft:white_stained_glass_pane
item	minecraft:orange_stained_glass_pane	block.minecraft.orange_stained_glass_pane	64	minecraft:orange_stained_glass_pane
item	minecraft:magenta_stained_glass_pane	block.minecraft.magenta_stained_glass_pane	64	minecraft:magenta_stained_glass_pane
item	minecraft:light_blue_stained_glass_pane	block.minecraft.light_blue_stained_glass_pane	64	minecraft:light_blue_stained_glass_pane
item	minecraft:yellow_stained_glass_pane	block.minecraft.yellow_stained_glass_pane	64	minecraft:yellow_stained_glass_pane
item	minecraft:lime_stained_glass_pane	block.minecraft.lime_stained_glass_pane	64	minecraft:lime_stained_glass_pane
item	minecraft:pink_stained_glass_pane	block.minecraft.pink_stained_glass_pane	64	minecraft:pink_stained_glass_pane
item	minecraft:gray_stained_glass_pane	block.minecraft.gray_stained_glass_pane	64	minecraft:gray_stained_glass_pane
item	minecraft:light_gray_stained_glass_pane	block.minecraft.light_gray_stained_glass_pane	64	minecraft:light_gray_stained_glass_pane
item	minecraft:cyan_stained_glass_pane	block.minecraft.cyan_stained_glass_pane	64	minecraft:cyan_stained_glass_pane
item	minecraft:purple_stained_glass_pane	block.minecraft.purple_stained_glass_pane	64	minecraft:purple_stained_glass_pane
item	minecraft:blue_stained_glass_pane	block.minecraft.blue_stained_glass_pane	64	minecraft:blue_stained_glass_pane
item	minecraft:brown_stained_glass_pane	block.minecraft.brown_stained_glass_pane	64	minecraft:brown_stained_glass_pane
item	minecraft:green_stained_glass_pane	block.minecraft.green_stained_glass_pane	64	minecraft:green_stained_glass_pane
item	minecraft:red_stained_glass_pane	block.minecraft.red_stained_glass_pane	64	minecraft:red_stained_glass_pane
item	minecraft:black_stained_glass_pane	block.minecraft.black_stained_glass_pane	64	minecraft:black_stained_glass_pane
item	minecraft:prismarine	block.minecraft.prismarine	64	minecraft:prismarine
item	minecraft:prismarine_bricks	block.minecraft.prismarine_bricks	64	minecraft:prismarine_bricks
item	minecraft:dark_prismarine	block.minecraft.dark_prismarine	64	minecraft:dark_prismarine
item	minecraft:prismarine_stairs	block.minecraft.prismarine_stairs	64	minecraft:prismarine_stairs
item	minecraft:prismarine_brick_stairs	block.minecraft.prismarine_brick_stairs	64	minecraft:prismarine_brick_stairs
item	minecraft:dark_prismarine_stairs	block.minecraft.dark_prismarine_stairs	64	minecraft:dark_prismarine_stairs
item	minecraft:sea_lantern	block.minecraft.sea_lantern	64	minecraft:sea_lantern
item	minecraft:red_sandstone	block.minecraft.red_sandstone	64	minecraft:red_sandstone
item	minecraft:chiseled_red_sandstone	block.minecraft.chiseled_red_sandstone	64	minecraft:chiseled_red_sandstone
item	minecraft:cut_red_sandstone	block.minecraft.cut_red_sandstone	64	minecraft:cut_red_sandstone
item	minecraft:red_sandstone_stairs	block.minecraft.red_sandstone_stairs	64	minecraft:red_sandstone_stairs
item	minecraft:repeating_command_block	block.minecraft.repeating_command_block	64	minecraft:repeating_command_block
item	minecraft:chain_command_block	block.minecraft.chain_command_block	64	minecraft:chain_command_block
item	minecraft:magma_block	block.minecraft.magma_block	64	minecraft:magma_block
item	minecraft:nether_wart_block	block.minecraft.nether_wart_block	64	minecraft:nether_wart_block
item	minecraft:warped_wart_block	block.minecraft.warped_wart_block	64	minecraft:warped_wart_block
item	minecraft:red_nether_bricks	block.minecraft.red_nether_bricks	64	minecraft:red_nether_bricks
item	minecraft:bone_block	block.minecraft.bone_block	64	minecraft:bone_block
item	minecraft:structure_void	block.minecraft.structure_void	64	minecraft:structure_void
item	minecraft:shulker_box	block.minecraft.shulker_box	1	minecraft:shulker_box
item	minecraft:white_shulker_box	block.minecraft.white_shulker_box	1	minecraft:white_shulker_box
item	minecraft:orange_shulker_box	block.minecraft.orange_shulker_box	1	minecraft:orange_shulker_box
item	minecraft:magenta_shulker_box	block.minecraft.magenta_shulker_box	1	minecraft:magenta_shulker_box
item	minecraft:light_blue_shulker_box	block.minecraft.light_blue_shulker_box	1	minecraft:light_blue_shulker_box
item	minecraft:yellow_shulker_box	block.minecraft.yellow_shulker_box	1	minecraft:yellow_shulker_box
item	minecraft:lime_shulker_box	block.minecraft.lime_shulker_box	1	minecraft:lime_shulker_box
item	minecraft:pink_shulker_box	block.minecraft.pink_shulker_box	1	minecraft:pink_shulker_box
item	minecraft:gray_shulker_box	block.minecraft.gray_shulker_box	1	minecraft:gray_shulker_box
item	minecraft:light_gray_shulker_box	block.minecraft.light_gray_shulker_box	1	minecraft:light_gray_shulker_box
item	minecraft:cyan_shulker_box	block.minecraft.cyan_shulker_box	1	minecraft:cyan_shulker_box
item	minecraft:purple_shulker_box	block.minecraft.purple_shulker_box	1	minecraft:purple_shulker_box
item	minecraft:blue_shulker_box	block.minecraft.blue_shulker_box	1	minecraft:blue_shulker_box
item	minecraft:brown_shulker_box	block.minecraft.brown_shulker_box	1	minecraft:brown_shulker_box
item	minecraft:green_shulker_box	block.minecraft.green_shulker_box	1	minecraft:green_shulker_box
item	minecraft:red_shulker_box	block.minecraft.red_shulker_box	1	minecraft:red_shulker_box
item	minecraft:black_shulker_box	block.minecraft.black_shulker_box	1	minecraft:black_shulker_box
item	minecraft:white_glazed_terracotta	block.minecraft.white_glazed_terracotta	64	minecraft:white_glazed_terracotta
item	minecraft:orange_glazed_terracotta	block.minecraft.orange_glazed_terracotta	64	minecraft:orange_glazed_terracotta
item	minecraft:magenta_glazed_terracotta	block.minecraft.magenta_glazed_terracotta	64	minecraft:magenta_glazed_terracotta
item	minecraft:light_blue_glazed_terracotta	block.minecraft.light_blue_glazed_terracotta	64	minecraft:light_blue_glazed_terracotta
item	minecraft:yellow_glazed_terracotta	block.minecraft.yellow_glazed_terracotta	64	minecraft:yellow_glazed_terracotta
item	minecraft:lime_glazed_terracotta	block.minecraft.lime_glazed_terracotta	64	minecraft:lime_glazed_terracotta
item	minecraft:pink_glazed_terracotta	block.minecraft.pink_glazed_terracotta	64	minecraft:pink_glazed_terracotta
item	minecraft:gray_glazed_terracotta	block.minecraft.gray_glazed_terracotta	64	minecraft:gray_glazed_terracotta
item	minecraft:light_gray_glazed_terracotta	block.minecraft.light_gray_glazed_terracotta	64	minecraft:light_gray_glazed_terracotta
item	minecraft:cyan_glazed_terracotta	block.minecraft.cyan_glazed_terracotta	64	minecraft:cyan_glazed_terracotta
item	minecraft:purple_glazed_terracotta	block.minecraft.purple_glazed_terracotta	64	minecraft:purple_glazed_terracotta
item	minecraft:blue_glazed_terracotta	block.minecraft.blue_glazed_terracotta	64	minecraft:blue_glazed_terracotta
item	minecraft:brown_glazed_terracotta	block.minecraft.brown_glazed_terracotta	64	minecraft:brown_glazed_terracotta
item	minecraft:green_glazed_terracotta	block.minecraft.green_glazed_terracotta	64	minecraft:green_glazed_terracotta
item	minecraft:red_glazed_terracotta	block.minecraft.red_glazed_terracotta	64	minecraft:red_glazed_terracotta
item	minecraft:black_glazed_terracotta	block.minecraft.black_glazed_terracotta	64	minecraft:black_glazed_terracotta
item	minecraft:white_concrete	block.minecraft.white_concrete	64	minecraft:white_concrete
item	minecraft:orange_concrete	block.minecraft.orange_concrete	64	minecraft:orange_concrete
item	minecraft:magenta_concrete	block.minecraft.magenta_concrete	64	minecraft:magenta_concrete
item	minecraft:light_blue_concrete	block.minecraft.light_blue_concrete	64	minecraft:light_blue_concrete
item	minecraft:yellow_concrete	block.minecraft.yellow_concrete	64	minecraft:yellow_concrete
item	minecraft:lime_concrete	block.minecraft.lime_concrete	64	minecraft:lime_concrete
item	minecraft:pink_concrete	block.minecraft.pink_concrete	64	minecraft:pink_concrete
item	minecraft:gray_concrete	block.minecraft.gray_concrete	64	minecraft:gray_concrete
item	minecraft:light_gray_concrete	block.minecraft.light_gray_concrete	64	minecraft:light_gray_concrete
item	minecraft:cyan_concrete	block.minecraft.cyan_concrete	64	minecraft:cyan_concrete
item	minecraft:purple_concrete	block.minecraft.purple_concrete	64	minecraft:purple_concrete
item	minecraft:blue_concrete	block.minecraft.blue_concrete	64	minecraft:blue_concrete
item	minecraft:brown_concrete	block.minecraft.brown_concrete	64	minecraft:brown_concrete
item	minecraft:green_concrete	block.minecraft.green_concrete	64	minecraft:green_concrete
item	minecraft:red_concrete	block.minecraft.red_concrete	64	minecraft:red_concrete
item	minecraft:black_concrete	block.minecraft.black_concrete	64	minecraft:black_concrete
item	minecraft:white_concrete_powder	block.minecraft.white_concrete_powder	64	minecraft:white_concrete_powder
item	minecraft:orange_concrete_powder	block.minecraft.orange_concrete_powder	64	minecraft:orange_concrete_powder
item	minecraft:magenta_concrete_powder	block.minecraft.magenta_concrete_powder	64	minecraft:magenta_concrete_powder
item	minecraft:light_blue_concrete_powder	block.minecraft.light_blue_concrete_powder	64	minecraft:light_blue_concrete_powder
item	minecraft:yellow_concrete_powder	block.minecraft.yellow_concrete_powder	64	minecraft:yellow_concrete_powder
item	minecraft:lime_concrete_powder	block.minecraft.lime_concrete_powder	64	minecraft:lime_concrete_powder
item	minecraft:pink_concrete_powder	block.minecraft.pink_concrete_powder	64	minecraft:pink_concrete_powder
item	minecraft:gray_concrete_powder	block.minecraft.gray_concrete_powder	64	minecraft:gray_concrete_powder
item	minecraft:light_gray_concrete_powder	block.minecraft.light_gray_concrete_powder	64	minecraft:light_gray_concrete_powder
item	minecraft:cyan_concrete_powder	block.minecraft.cyan_concrete_powder	64	minecraft:cyan_concrete_powder
item	minecraft:purple_concrete_powder	block.minecraft.purple_concrete_powder	64	minecraft:purple_concrete_powder
item	minecraft:blue_concrete_powder	block.minecraft.blue_concrete_powder	64	minecraft:blue_concrete_powder
item	minecraft:brown_concrete_powder	block.minecraft.brown_concrete_powder	64	minecraft:brown_concrete_powder
item	minecraft:green_concrete_powder	block.minecraft.green_concrete_powder	64	minecraft:green_concrete_powder
item	minecraft:red_concrete_powder	block.minecraft.red_concrete_powder	64	minecraft:red_concrete_powder
item	minecraft:black_concrete_powder	block.minecraft.black_concrete_powder	64	minecraft:black_concrete_powder
item	minecraft:turtle_egg	block.minecraft.turtle_egg	64	minecraft:turtle_egg
item	minecraft:sniffer_egg	block.minecraft.sniffer_egg	64	minecraft:sniffer_egg
item	minecraft:dried_ghast	block.minecraft.dried_ghast	64	minecraft:dried_ghast
item	minecraft:dead_tube_coral_block	block.minecraft.dead_tube_coral_block	64	minecraft:dead_tube_coral_block
item	minecraft:dead_brain_coral_block	block.minecraft.dead_brain_coral_block	64	minecraft:dead_brain_coral_block
item	minecraft:dead_bubble_coral_block	block.minecraft.dead_bubble_coral_block	64	minecraft:dead_bubble_coral_block
item	minecraft:dead_fire_coral_block	block.minecraft.dead_fire_coral_block	64	minecraft:dead_fire_coral_block
item	minecraft:dead_horn_coral_block	block.minecraft.dead_horn_coral_block	64	minecraft:dead_horn_coral_block
item	minecraft:tube_coral_block	block.minecraft.tube_coral_block	64	minecraft:tube_coral_block
item	minecraft:brain_coral_block	block.minecraft.brain_coral_block	64	minecraft:brain_coral_block
item	minecraft:bubble_coral_block	block.minecraft.bubble_coral_block	64	minecraft:bubble_coral_block
item	minecraft:fire_coral_block	block.minecraft.fire_coral_block	64	minecraft:fire_coral_block
item	minecraft:horn_coral_block	block.minecraft.horn_coral_block	64	minecraft:horn_coral_block
item	minecraft:tube_coral	block.minecraft.tube_coral	64	minecraft:tube_coral
item	minecraft:brain_coral	block.minecraft.brain_coral	64	minecraft:brain_coral
item	minecraft:bubble_coral	block.minecraft.bubble_coral	64	minecraft:bubble_coral
item	minecraft:fire_coral	block.minecraft.fire_coral	64	minecraft:fire_coral
item	minecraft:horn_coral	block.minecraft.horn_coral	64	minecraft:horn_coral
item	minecraft:dead_brain_coral	block.minecraft.dead_brain_coral	64	minecraft:dead_brain_coral
item	minecraft:dead_bubble_coral	block.minecraft.dead_bubble_coral	64	minecraft:dead_bubble_coral
item	minecraft:dead_fire_coral	block.minecraft.dead_fire_coral	64	minecraft:dead_fire_coral
item	minecraft:dead_horn_coral	block.minecraft.dead_horn_coral	64	minecraft:dead_horn_coral
item	minecraft:dead_tube_coral	block.minecraft.dead_tube_coral	64	minecraft:dead_tube_coral
item	minecraft:tube_coral_fan	block.minecraft.tube_coral_fan	64	minecraft:tube_coral_fan
item	minecraft:brain_coral_fan	block.minecraft.brain_coral_fan	64	minecraft:brain_coral_fan
item	minecraft:bubble_coral_fan	block.minecraft.bubble_coral_fan	64	minecraft:bubble_coral_fan
item	minecraft:fire_coral_fan	block.minecraft.fire_coral_fan	64	minecraft:fire_coral_fan
item	minecraft:horn_coral_fan	block.minecraft.horn_coral_fan	64	minecraft:horn_coral_fan
item	minecraft:dead_tube_coral_fan	block.minecraft.dead_tube_coral_fan	64	minecraft:dead_tube_coral_fan
item	minecraft:dead_brain_coral_fan	block.minecraft.dead_brain_coral_fan	64	minecraft:dead_brain_coral_fan
item	minecraft:dead_bubble_coral_fan	block.minecraft.dead_bubble_coral_fan	64	minecraft:dead_bubble_coral_fan
item	minecraft:dead_fire_coral_fan	block.minecraft.dead_fire_coral_fan	64	minecraft:dead_fire_coral_fan
item	minecraft:dead_horn_coral_fan	block.minecraft.dead_horn_coral_fan	64	minecraft:dead_horn_coral_fan
item	minecraft:blue_ice	block.minecraft.blue_ice	64	minecraft:blue_ice
item	minecraft:conduit	block.minecraft.conduit	64	minecraft:conduit
item	minecraft:polished_granite_stairs	block.minecraft.polished_granite_stairs	64	minecraft:polished_granite_stairs
item	minecraft:smooth_red_sandstone_stairs	block.minecraft.smooth_red_sandstone_stairs	64	minecraft:smooth_red_sandstone_stairs
item	minecraft:mossy_stone_brick_stairs	block.minecraft.mossy_stone_brick_stairs	64	minecraft:mossy_stone_brick_stairs
item	minecraft:polished_diorite_stairs	block.minecraft.polished_diorite_stairs	64	minecraft:polished_diorite_stairs
item	minecraft:mossy_cobblestone_stairs	block.minecraft.mossy_cobblestone_stairs	64	minecraft:mossy_cobblestone_stairs
item	minecraft:end_stone_brick_stairs	block.minecraft.end_stone_brick_stairs	64	minecraft:end_stone_brick_stairs
item	minecraft:stone_stairs	block.minecraft.stone_stairs	64	minecraft:stone_stairs
item	minecraft:smooth_sandstone_stairs	block.minecraft.smooth_sandstone_stairs	64	minecraft:smooth_sandstone_stairs
item	minecraft:smooth_quartz_stairs	block.minecraft.smooth_quartz_stairs	64	minecraft:smooth_quartz_stairs
item	minecraft:granite_stairs	block.minecraft.granite_stairs	64	minecraft:granite_stairs
item	minecraft:andesite_stairs	block.minecraft.andesite_stairs	64	minecraft:andesite_stairs
item	minecraft:red_nether_brick_stairs	block.minecraft.red_nether_brick_stairs	64	minecraft:red_nether_brick_stairs
item	minecraft:polished_andesite_stairs	block.minecraft.polished_andesite_stairs	64	minecraft:polished_andesite_stairs
item	minecraft:diorite_stairs	block.minecraft.diorite_stairs	64	minecraft:diorite_stairs
item	minecraft:cobbled_deepslate_stairs	block.minecraft.cobbled_deepslate_stairs	64	minecraft:cobbled_deepslate_stairs
item	minecraft:polished_deepslate_stairs	block.minecraft.polished_deepslate_stairs	64	minecraft:polished_deepslate_stairs
item	minecraft:deepslate_brick_stairs	block.minecraft.deepslate_brick_stairs	64	minecraft:deepslate_brick_stairs
item	minecraft:deepslate_tile_stairs	block.minecraft.deepslate_tile_stairs	64	minecraft:deepslate_tile_stairs
item	minecraft:polished_granite_slab	block.minecraft.polished_granite_slab	64	minecraft:polished_granite_slab
item	minecraft:smooth_red_sandstone_slab	block.minecraft.smooth_red_sandstone_slab	64	minecraft:smooth_red_sandstone_slab
item	minecraft:mossy_stone_brick_slab	block.minecraft.mossy_stone_brick_slab	64	minecraft:mossy_stone_brick_slab
item	minecraft:polished_diorite_slab	block.minecraft.polished_diorite_slab	64	minecraft:polished_diorite_slab
item	minecraft:mossy_cobblestone_slab	block.minecraft.mossy_cobblestone_slab	64	minecraft:mossy_cobblestone_slab
item	minecraft:end_stone_brick_slab	block.minecraft.end_stone_brick_slab	64	minecraft:end_stone_brick_slab
item	minecraft:smooth_sandstone_slab	block.minecraft.smooth_sandstone_slab	64	minecraft:smooth_sandstone_slab
item	minecraft:smooth_quartz_slab	block.minecraft.smooth_quartz_slab	64	minecraft:smooth_quartz_slab
item	minecraft:granite_slab	block.minecraft.granite_slab	64	minecraft:granite_slab
item	minecraft:andesite_slab	block.minecraft.andesite_slab	64	minecraft:andesite_slab
item	minecraft:red_nether_brick_slab	block.minecraft.red_nether_brick_slab	64	minecraft:red_nether_brick_slab
item	minecraft:polished_andesite_slab	block.minecraft.polished_andesite_slab	64	minecraft:polished_andesite_slab
item	minecraft:diorite_slab	block.minecraft.diorite_slab	64	minecraft:diorite_slab
item	minecraft:cobbled_deepslate_slab	block.minecraft.cobbled_deepslate_slab	64	minecraft:cobbled_deepslate_slab
item	minecraft:polished_deepslate_slab	block.minecraft.polished_deepslate_slab	64	minecraft:polished_deepslate_slab
item	minecraft:deepslate_brick_slab	block.minecraft.deepslate_brick_slab	64	minecraft:deepslate_brick_slab
item	minecraft:deepslate_tile_slab	block.minecraft.deepslate_tile_slab	64	minecraft:deepslate_tile_slab
item	minecraft:scaffolding	block.minecraft.scaffolding	64	minecraft:scaffolding
item	minecraft:redstone	item.minecraft.redstone	64	minecraft:redstone_wire
item	minecraft:redstone_torch	block.minecraft.redstone_torch	64	minecraft:redstone_torch
item	minecraft:redstone_block	block.minecraft.redstone_block	64	minecraft:redstone_block
item	minecraft:repeater	block.minecraft.repeater	64	minecraft:repeater
item	minecraft:comparator	block.minecraft.comparator	64	minecraft:comparator
item	minecraft:piston	block.minecraft.piston	64	minecraft:piston
item	minecraft:sticky_piston	block.minecraft.sticky_piston	64	minecraft:sticky_piston
item	minecraft:slime_block	block.minecraft.slime_block	64	minecraft:slime_block
item	minecraft:honey_block	block.minecraft.honey_block	64	minecraft:honey_block
item	minecraft:observer	block.minecraft.observer	64	minecraft:observer
item	minecraft:hopper	block.minecraft.hopper	64	minecraft:hopper
item	minecraft:dispenser	block.minecraft.dispenser	64	minecraft:dispenser
item	minecraft:dropper	block.minecraft.dropper	64	minecraft:dropper
item	minecraft:lectern	block.minecraft.lectern	64	minecraft:lectern
item	minecraft:target	block.minecraft.target	64	minecraft:target
item	minecraft:lever	block.minecraft.lever	64	minecraft:lever
item	minecraft:lightning_rod	block.minecraft.lightning_rod	64	minecraft:lightning_rod
item	minecraft:exposed_lightning_rod	block.minecraft.exposed_lightning_rod	64	minecraft:exposed_lightning_rod
item	minecraft:weathered_lightning_rod	block.minecraft.weathered_lightning_rod	64	minecraft:weathered_lightning_rod
item	minecraft:oxidized_lightning_rod	block.minecraft.oxidized_lightning_rod	64	minecraft:oxidized_lightning_rod
item	minecraft:waxed_lightning_rod	block.minecraft.waxed_lightning_rod	64	minecraft:waxed_lightning_rod
item	minecraft:waxed_exposed_lightning_rod	block.minecraft.waxed_exposed_lightning_rod	64	minecraft:waxed_exposed_lightning_rod
item	minecraft:waxed_weathered_lightning_rod	block.minecraft.waxed_weathered_lightning_rod	64	minecraft:waxed_weathered_lightning_rod
item	minecraft:waxed_oxidized_lightning_rod	block.minecraft.waxed_oxidized_lightning_rod	64	minecraft:waxed_oxidized_lightning_rod
item	minecraft:daylight_detector	block.minecraft.daylight_detector	64	minecraft:daylight_detector
item	minecraft:sculk_sensor	block.minecraft.sculk_sensor	64	minecraft:sculk_sensor
item	minecraft:calibrated_sculk_sensor	block.minecraft.calibrated_sculk_sensor	64	minecraft:calibrated_sculk_sensor
item	minecraft:tripwire_hook	block.minecraft.tripwire_hook	64	minecraft:tripwire_hook
item	minecraft:trapped_chest	block.minecraft.trapped_chest	64	minecraft:trapped_chest
item	minecraft:tnt	block.minecraft.tnt	64	minecraft:tnt
item	minecraft:redstone_lamp	block.minecraft.redstone_lamp	64	minecraft:redstone_lamp
item	minecraft:note_block	block.minecraft.note_block	64	minecraft:note_block
item	minecraft:stone_button	block.minecraft.stone_button	64	minecraft:stone_button
item	minecraft:polished_blackstone_button	block.minecraft.polished_blackstone_button	64	minecraft:polished_blackstone_button
item	minecraft:oak_button	block.minecraft.oak_button	64	minecraft:oak_button
item	minecraft:spruce_button	block.minecraft.spruce_button	64	minecraft:spruce_button
item	minecraft:birch_button	block.minecraft.birch_button	64	minecraft:birch_button
item	minecraft:jungle_button	block.minecraft.jungle_button	64	minecraft:jungle_button
item	minecraft:acacia_button	block.minecraft.acacia_button	64	minecraft:acacia_button
item	minecraft:cherry_button	block.minecraft.cherry_button	64	minecraft:cherry_button
item	minecraft:dark_oak_button	block.minecraft.dark_oak_button	64	minecraft:dark_oak_button
item	minecraft:pale_oak_button	block.minecraft.pale_oak_button	64	minecraft:pale_oak_button
item	minecraft:mangrove_button	block.minecraft.mangrove_button	64	minecraft:mangrove_button
item	minecraft:bamboo_button	block.minecraft.bamboo_button	64	minecraft:bamboo_button
item	minecraft:crimson_button	block.minecraft.crimson_button	64	minecraft:crimson_button
item	minecraft:warped_button	block.minecraft.warped_button	64	minecraft:warped_button
item	minecraft:stone_pressure_plate	block.minecraft.stone_pressure_plate	64	minecraft:stone_pressure_plate
item	minecraft:polished_blackstone_pressure_plate	block.minecraft.polished_blackstone_pressure_plate	64	minecraft:polished_blackstone_pressure_plate
item	minecraft:light_weighted_pressure_plate	block.minecraft.light_weighted_pressure_plate	64	minecraft:light_weighted_pressure_plate
item	minecraft:heavy_weighted_pressure_plate	block.minecraft.heavy_weighted_pressure_plate	64	minecraft:heavy_weighted_pressure_plate
item	minecraft:oak_pressure_plate	block.minecraft.oak_pressure_plate	64	minecraft:oak_pressure_plate
item	minecraft:spruce_pressure_plate	block.minecraft.spruce_pressure_plate	64	minecraft:spruce_pressure_plate
item	minecraft:birch_pressure_plate	block.minecraft.birch_pressure_plate	64	minecraft:birch_pressure_plate
item	minecraft:jungle_pressure_plate	block.minecraft.jungle_pressure_plate	64	minecraft:jungle_pressure_plate
item	minecraft:acacia_pressure_plate	block.minecraft.acacia_pressure_plate	64	minecraft:acacia_pressure_plate
item	minecraft:cherry_pressure_plate	block.minecraft.cherry_pressure_plate	64	minecraft:cherry_pressure_plate
item	minecraft:dark_oak_pressure_plate	block.minecraft.dark_oak_pressure_plate	64	minecraft:dark_oak_pressure_plate
item	minecraft:pale_oak_pressure_plate	block.minecraft.pale_oak_pressure_plate	64	minecraft:pale_oak_pressure_plate
item	minecraft:mangrove_pressure_plate	block.minecraft.mangrove_pressure_plate	64	minecraft:mangrove_pressure_plate
item	minecraft:bamboo_pressure_plate	block.minecraft.bamboo_pressure_plate	64	minecraft:bamboo_pressure_plate
item	minecraft:crimson_pressure_plate	block.minecraft.crimson_pressure_plate	64	minecraft:crimson_pressure_plate
item	minecraft:warped_pressure_plate	block.minecraft.warped_pressure_plate	64	minecraft:warped_pressure_plate
item	minecraft:iron_door	block.minecraft.iron_door	64	minecraft:iron_door
item	minecraft:oak_door	block.minecraft.oak_door	64	minecraft:oak_door
item	minecraft:spruce_door	block.minecraft.spruce_door	64	minecraft:spruce_door
item	minecraft:birch_door	block.minecraft.birch_door	64	minecraft:birch_door
item	minecraft:jungle_door	block.minecraft.jungle_door	64	minecraft:jungle_door
item	minecraft:acacia_door	block.minecraft.acacia_door	64	minecraft:acacia_door
item	minecraft:cherry_door	block.minecraft.cherry_door	64	minecraft:cherry_door
item	minecraft:dark_oak_door	block.minecraft.dark_oak_door	64	minecraft:dark_oak_door
item	minecraft:pale_oak_door	block.minecraft.pale_oak_door	64	minecraft:pale_oak_door
item	minecraft:mangrove_door	block.minecraft.mangrove_door	64	minecraft:mangrove_door
item	minecraft:bamboo_door	block.minecraft.bamboo_door	64	minecraft:bamboo_door
item	minecraft:crimson_door	block.minecraft.crimson_door	64	minecraft:crimson_door
item	minecraft:warped_door	block.minecraft.warped_door	64	minecraft:warped_door
item	minecraft:copper_door	block.minecraft.copper_door	64	minecraft:copper_door
item	minecraft:exposed_copper_door	block.minecraft.exposed_copper_door	64	minecraft:exposed_copper_door
item	minecraft:weathered_copper_door	block.minecraft.weathered_copper_door	64	minecraft:weathered_copper_door
item	minecraft:oxidized_copper_door	block.minecraft.oxidized_copper_door	64	minecraft:oxidized_copper_door
item	minecraft:waxed_copper_door	block.minecraft.waxed_copper_door	64	minecraft:waxed_copper_door
item	minecraft:waxed_exposed_copper_door	block.minecraft.waxed_exposed_copper_door	64	minecraft:waxed_exposed_copper_door
item	minecraft:waxed_weathered_copper_door	block.minecraft.waxed_weathered_copper_door	64	minecraft:waxed_weathered_copper_door
item	minecraft:waxed_oxidized_copper_door	block.minecraft.waxed_oxidized_copper_door	64	minecraft:waxed_oxidized_copper_door
item	minecraft:iron_trapdoor	block.minecraft.iron_trapdoor	64	minecraft:iron_trapdoor
item	minecraft:oak_trapdoor	block.minecraft.oak_trapdoor	64	minecraft:oak_trapdoor
item	minecraft:spruce_trapdoor	block.minecraft.spruce_trapdoor	64	minecraft:spruce_trapdoor
item	minecraft:birch_trapdoor	block.minecraft.birch_trapdoor	64	minecraft:birch_trapdoor
item	minecraft:jungle_trapdoor	block.minecraft.jungle_trapdoor	64	minecraft:jungle_trapdoor
item	minecraft:acacia_trapdoor	block.minecraft.acacia_trapdoor	64	minecraft:acacia_trapdoor
item	minecraft:cherry_trapdoor	block.minecraft.cherry_trapdoor	64	minecraft:cherry_trapdoor
item	minecraft:dark_oak_trapdoor	block.minecraft.dark_oak_trapdoor	64	minecraft:dark_oak_trapdoor
item	minecraft:pale_oak_trapdoor	block.minecraft.pale_oak_trapdoor	64	minecraft:pale_oak_trapdoor
item	minecraft:mangrove_trapdoor	block.minecraft.mangrove_trapdoor	64	minecraft:mangrove_trapdoor
item	minecraft:bamboo_trapdoor	block.minecraft.bamboo_trapdoor	64	minecraft:bamboo_trapdoor
item	minecraft:crimson_trapdoor	block.minecraft.crimson_trapdoor	64	minecraft:crimson_trapdoor
item	minecraft:warped_trapdoor	block.minecraft.warped_trapdoor	64	minecraft:warped_trapdoor
item	minecraft:copper_trapdoor	block.minecraft.copper_trapdoor	64	minecraft:copper_trapdoor
item	minecraft:exposed_copper_trapdoor	block.minecraft.exposed_copper_trapdoor	64	minecraft:exposed_copper_trapdoor
item	minecraft:weathered_copper_trapdoor	block.minecraft.weathered_copper_trapdoor	64	minecraft:weathered_copper_trapdoor
item	minecraft:oxidized_copper_trapdoor	block.minecraft.oxidized_copper_trapdoor	64	minecraft:oxidized_copper_trapdoor
item	minecraft:waxed_copper_trapdoor	block.minecraft.waxed_copper_trapdoor	64	minecraft:waxed_copper_trapdoor
item	minecraft:waxed_exposed_copper_trapdoor	block.minecraft.waxed_exposed_copper_trapdoor	64	minecraft:waxed_exposed_copper_trapdoor
item	minecraft:waxed_weathered_copper_trapdoor	block.minecraft.waxed_weathered_copper_trapdoor	64	minecraft:waxed_weathered_copper_trapdoor
item	minecraft:waxed_oxidized_copper_trapdoor	block.minecraft.waxed_oxidized_copper_trapdoor	64	minecraft:waxed_oxidized_copper_trapdoor
item	minecraft:oak_fence_gate	block.minecraft.oak_fence_gate	64	minecraft:oak_fence_gate
item	minecraft:spruce_fence_gate	block.minecraft.spruce_fence_gate	64	minecraft:spruce_fence_gate
item	minecraft:birch_fence_gate	block.minecraft.birch_fence_gate	64	minecraft:birch_fence_gate
item	minecraft:jungle_fence_gate	block.minecraft.jungle_fence_gate	64	minecraft:jungle_fence_gate
item	minecraft:acacia_fence_gate	block.minecraft.acacia_fence_gate	64	minecraft:acacia_fence_gate
item	minecraft:cherry_fence_gate	block.minecraft.cherry_fence_gate	64	minecraft:cherry_fence_gate
item	minecraft:dark_oak_fence_gate	block.minecraft.dark_oak_fence_gate	64	minecraft:dark_oak_fence_gate
item	minecraft:pale_oak_fence_gate	block.minecraft.pale_oak_fence_gate	64	minecraft:pale_oak_fence_gate
item	minecraft:mangrove_fence_gate	block.minecraft.mangrove_fence_gate	64	minecraft:mangrove_fence_gate
item	minecraft:bamboo_fence_gate	block.minecraft.bamboo_fence_gate	64	minecraft:bamboo_fence_gate
item	minecraft:crimson_fence_gate	block.minecraft.crimson_fence_gate	64	minecraft:crimson_fence_gate
item	minecraft:warped_fence_gate	block.minecraft.warped_fence_gate	64	minecraft:warped_fence_gate
item	minecraft:powered_rail	block.minecraft.powered_rail	64	minecraft:powered_rail
item	minecraft:detector_rail	block.minecraft.detector_rail	64	minecraft:detector_rail
item	minecraft:rail	block.minecraft.rail	64	minecraft:rail
item	minecraft:activator_rail	block.minecraft.activator_rail	64	minecraft:activator_rail
item	minecraft:saddle	item.minecraft.saddle	1	
item	minecraft:white_harness	item.minecraft.white_harness	1	
item	minecraft:orange_harness	item.minecraft.orange_harness	1	
item	minecraft:magenta_harness	item.minecraft.magenta_harness	1	
item	minecraft:light_blue_harness	item.minecraft.light_blue_harness	1	
item	minecraft:yellow_harness	item.minecraft.yellow_harness	1	
item	minecraft:lime_harness	item.minecraft.lime_harness	1	
item	minecraft:pink_harness	item.minecraft.pink_harness	1	
item	minecraft:gray_harness	item.minecraft.gray_harness	1	
item	minecraft:light_gray_harness	item.minecraft.light_gray_harness	1	
item	minecraft:cyan_harness	item.minecraft.cyan_harness	1	
item	minecraft:purple_harness	item.minecraft.purple_harness	1	
item	minecraft:blue_harness	item.minecraft.blue_harness	1	
item	minecraft:brown_harness	item.minecraft.brown_harness	1	
item	minecraft:green_harness	item.minecraft.green_harness	1	
item	minecraft:red_harness	item.minecraft.red_harness	1	
item	minecraft:black_harness	item.minecraft.black_harness	1	
item	minecraft:minecart	item.minecraft.minecart	1	
item	minecraft:chest_minecart	item.minecraft.chest_minecart	1	
item	minecraft:furnace_minecart	item.minecraft.furnace_minecart	1	
item	minecraft:tnt_minecart	item.minecraft.tnt_minecart	1	
item	minecraft:hopper_minecart	item.minecraft.hopper_minecart	1	
item	minecraft:carrot_on_a_stick	item.minecraft.carrot_on_a_stick	1	
item	minecraft:warped_fungus_on_a_stick	item.minecraft.warped_fungus_on_a_stick	1	
item	minecraft:phantom_membrane	item.minecraft.phantom_membrane	64	
item	minecraft:elytra	item.minecraft.elytra	1	
item	minecraft:oak_boat	item.minecraft.oak_boat	1	
item	minecraft:oak_chest_boat	item.minecraft.oak_chest_boat	1	
item	minecraft:spruce_boat	item.minecraft.spruce_boat	1	
item	minecraft:spruce_chest_boat	item.minecraft.spruce_chest_boat	1	
item	minecraft:birch_boat	item.minecraft.birch_boat	1	
item	minecraft:birch_chest_boat	item.minecraft.birch_chest_boat	1	
item	minecraft:jungle_boat	item.minecraft.jungle_boat	1	
item	minecraft:jungle_chest_boat	item.minecraft.jungle_chest_boat	1	
item	minecraft:acacia_boat	item.minecraft.acacia_boat	1	
item	minecraft:acacia_chest_boat	item.minecraft.acacia_chest_boat	1	
item	minecraft:cherry_boat	item.minecraft.cherry_boat	1	
item	minecraft:cherry_chest_boat	item.minecraft.cherry_chest_boat	1	
item	minecraft:dark_oak_boat	item.minecraft.dark_oak_boat	1	
item	minecraft:dark_oak_chest_boat	item.minecraft.dark_oak_chest_boat	1	
item	minecraft:pale_oak_boat	item.minecraft.pale_oak_boat	1	
item	minecraft:pale_oak_chest_boat	item.minecraft.pale_oak_chest_boat	1	
item	minecraft:mangrove_boat	item.minecraft.mangrove_boat	1	
item	minecraft:mangrove_chest_boat	item.minecraft.mangrove_chest_boat	1	
item	minecraft:bamboo_raft	item.minecraft.bamboo_raft	1	
item	minecraft:bamboo_chest_raft	item.minecraft.bamboo_chest_raft	1	
item	minecraft:structure_block	block.minecraft.structure_block	64	minecraft:structure_block
item	minecraft:jigsaw	block.minecraft.jigsaw	64	minecraft:jigsaw
item	minecraft:test_block	block.minecraft.test_block	64	minecraft:test_block
item	minecraft:test_instance_block	block.minecraft.test_instance_block	64	minecraft:test_instance_block
item	minecraft:turtle_helmet	item.minecraft.turtle_helmet	1	
item	minecraft:turtle_scute	item.minecraft.turtle_scute	64	
item	minecraft:armadillo_scute	item.minecraft.armadillo_scute	64	
item	minecraft:wolf_armor	item.minecraft.wolf_armor	1	
item	minecraft:flint_and_steel	item.minecraft.flint_and_steel	1	
item	minecraft:bowl	item.minecraft.bowl	64	
item	minecraft:apple	item.minecraft.apple	64	
item	minecraft:bow	item.minecraft.bow	1	
item	minecraft:arrow	item.minecraft.arrow	64	
item	minecraft:coal	item.minecraft.coal	64	
item	minecraft:charcoal	item.minecraft.charcoal	64	
item	minecraft:diamond	item.minecraft.diamond	64	
item	minecraft:emerald	item.minecraft.emerald	64	
item	minecraft:lapis_lazuli	item.minecraft.lapis_lazuli	64	
item	minecraft:quartz	item.minecraft.quartz	64	
item	minecraft:amethyst_shard	item.minecraft.amethyst_shard	64	
item	minecraft:raw_iron	item.minecraft.raw_iron	64	
item	minecraft:iron_ingot	item.minecraft.iron_ingot	64	
item	minecraft:raw_copper	item.minecraft.raw_copper	64	
item	minecraft:copper_ingot	item.minecraft.copper_ingot	64	
item	minecraft:raw_gold	item.minecraft.raw_gold	64	
item	minecraft:gold_ingot	item.minecraft.gold_ingot	64	
item	minecraft:netherite_ingot	item.minecraft.netherite_ingot	64	
item	minecraft:netherite_scrap	item.minecraft.netherite_scrap	64	
item	minecraft:wooden_sword	item.minecraft.wooden_sword	1	
item	minecraft:wooden_shovel	item.minecraft.wooden_shovel	1	
item	minecraft:wooden_pickaxe	item.minecraft.wooden_pickaxe	1	
item	minecraft:wooden_axe	item.minecraft.wooden_axe	1	
item	minecraft:wooden_hoe	item.minecraft.wooden_hoe	1	
item	minecraft:copper_sword	item.minecraft.copper_sword	1	
item	minecraft:copper_shovel	item.minecraft.copper_shovel	1	
item	minecraft:copper_pickaxe	item.minecraft.copper_pickaxe	1	
item	minecraft:copper_axe	item.minecraft.copper_axe	1	
item	minecraft:copper_hoe	item.minecraft.copper_hoe	1	
item	minecraft:stone_sword	item.minecraft.stone_sword	1	
item	minecraft:stone_shovel	item.minecraft.stone_shovel	1	
item	minecraft:stone_pickaxe	item.minecraft.stone_pickaxe	1	
item	minecraft:stone_axe	item.minecraft.stone_axe	1	
item	minecraft:stone_hoe	item.minecraft.stone_hoe	1	
item	minecraft:golden_sword	item.minecraft.golden_sword	1	
item	minecraft:golden_shovel	item.minecraft.golden_shovel	1	
item	minecraft:golden_pickaxe	item.minecraft.golden_pickaxe	1	
item	minecraft:golden_axe	item.minecraft.golden_axe	1	
item	minecraft:golden_hoe	item.minecraft.golden_hoe	1	
item	minecraft:iron_sword	item.minecraft.iron_sword	1	
item	minecraft:iron_shovel	item.minecraft.iron_shovel	1	
item	minecraft:iron_pickaxe	item.minecraft.iron_pickaxe	1	
item	minecraft:iron_axe	item.minecraft.iron_axe	1	
item	minecraft:iron_hoe	item.minecraft.iron_hoe	1	
item	minecraft:diamond_sword	item.minecraft.diamond_sword	1	
item	minecraft:diamond_shovel	item.minecraft.diamond_shovel	1	
item	minecraft:diamond_pickaxe	item.minecraft.diamond_pickaxe	1	
item	minecraft:diamond_axe	item.minecraft.diamond_axe	1	
item	minecraft:diamond_hoe	item.minecraft.diamond_hoe	1	
item	minecraft:netherite_sword	item.minecraft.netherite_sword	1	
item	minecraft:netherite_shovel	item.minecraft.netherite_shovel	1	
item	minecraft:netherite_pickaxe	item.minecraft.netherite_pickaxe	1	
item	minecraft:netherite_axe	item.minecraft.netherite_axe	1	
item	minecraft:netherite_hoe	item.minecraft.netherite_hoe	1	
item	minecraft:stick	item.minecraft.stick	64	
item	minecraft:mushroom_stew	item.minecraft.mushroom_stew	1	
item	minecraft:string	item.minecraft.string	64	minecraft:tripwire
item	minecraft:feather	item.minecraft.feather	64	
item	minecraft:gunpowder	item.minecraft.gunpowder	64	
item	minecraft:wheat_seeds	item.minecraft.wheat_seeds	64	minecraft:wheat
item	minecraft:wheat	item.minecraft.wheat	64	
item	minecraft:bread	item.minecraft.bread	64	
item	minecraft:leather_helmet	item.minecraft.leather_helmet	1	
item	minecraft:leather_chestplate	item.minecraft.leather_chestplate	1	
item	minecraft:leather_leggings	item.minecraft.leather_leggings	1	
item	minecraft:leather_boots	item.minecraft.leather_boots	1	
item	minecraft:copper_helmet	item.minecraft.copper_helmet	1	
item	minecraft:copper_chestplate	item.minecraft.copper_chestplate	1	
item	minecraft:copper_leggings	item.minecraft.copper_leggings	1	
item	minecraft:copper_boots	item.minecraft.copper_boots	1	
item	minecraft:chainmail_helmet	item.minecraft.chainmail_helmet	1	
item	minecraft:chainmail_chestplate	item.minecraft.chainmail_chestplate	1	
item	minecraft:chainmail_leggings	item.minecraft.chainmail_leggings	1	
item	minecraft:chainmail_boots	item.minecraft.chainmail_boots	1	
item	minecraft:iron_helmet	item.minecraft.iron_helmet	1	
item	minecraft:iron_chestplate	item.minecraft.iron_chestplate	1	
item	minecraft:iron_leggings	item.minecraft.iron_leggings	1	
item	minecraft:iron_boots	item.minecraft.iron_boots	1	
item	minecraft:diamond_helmet	item.minecraft.diamond_helmet	1	
item	minecraft:diamond_chestplate	item.minecraft.diamond_chestplate	1	
item	minecraft:diamond_leggings	item.minecraft.diamond_leggings	1	
item	minecraft:diamond_boots	item.minecraft.diamond_boots	1	
item	minecraft:golden_helmet	item.minecraft.golden_helmet	1	
item	minecraft:golden_chestplate	item.minecraft.golden_chestplate	1	
item	minecraft:golden_leggings	item.minecraft.golden_leggings	1	
item	minecraft:golden_boots	item.minecraft.golden_boots	1	
item	minecraft:netherite_helmet	item.minecraft.netherite_helmet	1	
item	minecraft:netherite_chestplate	item.minecraft.netherite_chestplate	1	
item	minecraft:netherite_leggings	item.minecraft.netherite_leggings	1	
item	minecraft:netherite_boots	item.minecraft.netherite_boots	1	
item	minecraft:flint	item.minecraft.flint	64	
item	minecraft:porkchop	item.minecraft.porkchop	64	
item	minecraft:cooked_porkchop	item.minecraft.cooked_porkchop	64	
item	minecraft:painting	item.minecraft.painting	64	
item	minecraft:golden_apple	item.minecraft.golden_apple	64	
item	minecraft:enchanted_golden_apple	item.minecraft.enchanted_golden_apple	64	
item	minecraft:oak_sign	block.minecraft.oak_sign	16	minecraft:oak_sign
item	minecraft:spruce_sign	block.minecraft.spruce_sign	16	minecraft:spruce_sign
item	minecraft:birch_sign	block.minecraft.birch_sign	16	minecraft:birch_sign
item	minecraft:jungle_sign	block.minecraft.jungle_sign	16	minecraft:jungle_sign
item	minecraft:acacia_sign	block.minecraft.acacia_sign	16	minecraft:acacia_sign
item	minecraft:cherry_sign	block.minecraft.cherry_sign	16	minecraft:cherry_sign
item	minecraft:dark_oak_sign	block.minecraft.dark_oak_sign	16	minecraft:dark_oak_sign
item	minecraft:pale_oak_sign	block.minecraft.pale_oak_sign	16	minecraft:pale_oak_sign
item	minecraft:mangrove_sign	block.minecraft.mangrove_sign	16	minecraft:mangrove_sign
item	minecraft:bamboo_sign	block.minecraft.bamboo_sign	16	minecraft:bamboo_sign
item	minecraft:crimson_sign	block.minecraft.crimson_sign	16	minecraft:crimson_sign
item	minecraft:warped_sign	block.minecraft.warped_sign	16	minecraft:warped_sign
item	minecraft:oak_hanging_sign	block.minecraft.oak_hanging_sign	16	minecraft:oak_hanging_sign
item	minecraft:spruce_hanging_sign	block.minecraft.spruce_hanging_sign	16	minecraft:spruce_hanging_sign
item	minecraft:birch_hanging_sign	block.minecraft.birch_hanging_sign	16	minecraft:birch_hanging_sign
item	minecraft:jungle_hanging_sign	block.minecraft.jungle_hanging_sign	16	minecraft:jungle_hanging_sign
item	minecraft:acacia_hanging_sign	block.minecraft.acacia_hanging_sign	16	minecraft:acacia_hanging_sign
item	minecraft:cherry_hanging_sign	block.minecraft.cherry_hanging_sign	16	minecraft:cherry_hanging_sign
item	minecraft:dark_oak_hanging_sign	block.minecraft.dark_oak_hanging_sign	16	minecraft:dark_oak_hanging_sign
item	minecraft:pale_oak_hanging_sign	block.minecraft.pale_oak_hanging_sign	16	minecraft:pale_oak_hanging_sign
item	minecraft:mangrove_hanging_sign	block.minecraft.mangrove_hanging_sign	16	minecraft:mangrove_hanging_sign
item	minecraft:bamboo_hanging_sign	block.minecraft.bamboo_hanging_sign	16	minecraft:bamboo_hanging_sign
item	minecraft:crimson_hanging_sign	block.minecraft.crimson_hanging_sign	16	minecraft:crimson_hanging_sign
item	minecraft:warped_hanging_sign	block.minecraft.warped_hanging_sign	16	minecraft:warped_hanging_sign
item	minecraft:bucket	item.minecraft.bucket	16	
item	minecraft:water_bucket	item.minecraft.water_bucket	1	
item	minecraft:lava_bucket	item.minecraft.lava_bucket	1	
item	minecraft:powder_snow_bucket	item.minecraft.powder_snow_bucket	1	minecraft:powder_snow
item	minecraft:snowball	item.minecraft.snowball	16	
item	minecraft:leather	item.minecraft.leather	64	
item	minecraft:milk_bucket	item.minecraft.milk_bucket	1	
item	minecraft:pufferfish_bucket	item.minecraft.pufferfish_bucket	1	
item	minecraft:salmon_bucket	item.minecraft.salmon_bucket	1	
item	minecraft:cod_bucket	item.minecraft.cod_bucket	1	
item	minecraft:tropical_fish_bucket	item.minecraft.tropical_fish_bucket	1	
item	minecraft:axolotl_bucket	item.minecraft.axolotl_bucket	1	
item	minecraft:sulfur_cube_bucket	item.minecraft.sulfur_cube_bucket	1	
item	minecraft:tadpole_bucket	item.minecraft.tadpole_bucket	1	
item	minecraft:brick	item.minecraft.brick	64	
item	minecraft:clay_ball	item.minecraft.clay_ball	64	
item	minecraft:dried_kelp_block	block.minecraft.dried_kelp_block	64	minecraft:dried_kelp_block
item	minecraft:paper	item.minecraft.paper	64	
item	minecraft:book	item.minecraft.book	64	
item	minecraft:slime_ball	item.minecraft.slime_ball	64	
item	minecraft:egg	item.minecraft.egg	16	
item	minecraft:blue_egg	item.minecraft.blue_egg	16	
item	minecraft:brown_egg	item.minecraft.brown_egg	16	
item	minecraft:compass	item.minecraft.compass	64	
item	minecraft:recovery_compass	item.minecraft.recovery_compass	64	
item	minecraft:bundle	item.minecraft.bundle	1	
item	minecraft:white_bundle	item.minecraft.white_bundle	1	
item	minecraft:orange_bundle	item.minecraft.orange_bundle	1	
item	minecraft:magenta_bundle	item.minecraft.magenta_bundle	1	
item	minecraft:light_blue_bundle	item.minecraft.light_blue_bundle	1	
item	minecraft:yellow_bundle	item.minecraft.yellow_bundle	1	
item	minecraft:lime_bundle	item.minecraft.lime_bundle	1	
item	minecraft:pink_bundle	item.minecraft.pink_bundle	1	
item	minecraft:gray_bundle	item.minecraft.gray_bundle	1	
item	minecraft:light_gray_bundle	item.minecraft.light_gray_bundle	1	
item	minecraft:cyan_bundle	item.minecraft.cyan_bundle	1	
item	minecraft:purple_bundle	item.minecraft.purple_bundle	1	
item	minecraft:blue_bundle	item.minecraft.blue_bundle	1	
item	minecraft:brown_bundle	item.minecraft.brown_bundle	1	
item	minecraft:green_bundle	item.minecraft.green_bundle	1	
item	minecraft:red_bundle	item.minecraft.red_bundle	1	
item	minecraft:black_bundle	item.minecraft.black_bundle	1	
item	minecraft:fishing_rod	item.minecraft.fishing_rod	1	
item	minecraft:clock	item.minecraft.clock	64	
item	minecraft:spyglass	item.minecraft.spyglass	1	
item	minecraft:glowstone_dust	item.minecraft.glowstone_dust	64	
item	minecraft:cod	item.minecraft.cod	64	
item	minecraft:salmon	item.minecraft.salmon	64	
item	minecraft:tropical_fish	item.minecraft.tropical_fish	64	
item	minecraft:pufferfish	item.minecraft.pufferfish	64	
item	minecraft:cooked_cod	item.minecraft.cooked_cod	64	
item	minecraft:cooked_salmon	item.minecraft.cooked_salmon	64	
item	minecraft:ink_sac	item.minecraft.ink_sac	64	
item	minecraft:glow_ink_sac	item.minecraft.glow_ink_sac	64	
item	minecraft:cocoa_beans	item.minecraft.cocoa_beans	64	minecraft:cocoa
item	minecraft:white_dye	item.minecraft.white_dye	64	
item	minecraft:orange_dye	item.minecraft.orange_dye	64	
item	minecraft:magenta_dye	item.minecraft.magenta_dye	64	
item	minecraft:light_blue_dye	item.minecraft.light_blue_dye	64	
item	minecraft:yellow_dye	item.minecraft.yellow_dye	64	
item	minecraft:lime_dye	item.minecraft.lime_dye	64	
item	minecraft:pink_dye	item.minecraft.pink_dye	64	
item	minecraft:gray_dye	item.minecraft.gray_dye	64	
item	minecraft:light_gray_dye	item.minecraft.light_gray_dye	64	
item	minecraft:cyan_dye	item.minecraft.cyan_dye	64	
item	minecraft:purple_dye	item.minecraft.purple_dye	64	
item	minecraft:blue_dye	item.minecraft.blue_dye	64	
item	minecraft:brown_dye	item.minecraft.brown_dye	64	
item	minecraft:green_dye	item.minecraft.green_dye	64	
item	minecraft:red_dye	item.minecraft.red_dye	64	
item	minecraft:black_dye	item.minecraft.black_dye	64	
item	minecraft:bone_meal	item.minecraft.bone_meal	64	
item	minecraft:bone	item.minecraft.bone	64	
item	minecraft:sugar	item.minecraft.sugar	64	
item	minecraft:cake	block.minecraft.cake	1	minecraft:cake
item	minecraft:white_bed	block.minecraft.white_bed	1	minecraft:white_bed
item	minecraft:orange_bed	block.minecraft.orange_bed	1	minecraft:orange_bed
item	minecraft:magenta_bed	block.minecraft.magenta_bed	1	minecraft:magenta_bed
item	minecraft:light_blue_bed	block.minecraft.light_blue_bed	1	minecraft:light_blue_bed
item	minecraft:yellow_bed	block.minecraft.yellow_bed	1	minecraft:yellow_bed
item	minecraft:lime_bed	block.minecraft.lime_bed	1	minecraft:lime_bed
item	minecraft:pink_bed	block.minecraft.pink_bed	1	minecraft:pink_bed
item	minecraft:gray_bed	block.minecraft.gray_bed	1	minecraft:gray_bed
item	minecraft:light_gray_bed	block.minecraft.light_gray_bed	1	minecraft:light_gray_bed
item	minecraft:cyan_bed	block.minecraft.cyan_bed	1	minecraft:cyan_bed
item	minecraft:purple_bed	block.minecraft.purple_bed	1	minecraft:purple_bed
item	minecraft:blue_bed	block.minecraft.blue_bed	1	minecraft:blue_bed
item	minecraft:brown_bed	block.minecraft.brown_bed	1	minecraft:brown_bed
item	minecraft:green_bed	block.minecraft.green_bed	1	minecraft:green_bed
item	minecraft:red_bed	block.minecraft.red_bed	1	minecraft:red_bed
item	minecraft:black_bed	block.minecraft.black_bed	1	minecraft:black_bed
item	minecraft:cookie	item.minecraft.cookie	64	
item	minecraft:crafter	block.minecraft.crafter	64	minecraft:crafter
item	minecraft:filled_map	item.minecraft.filled_map	64	
item	minecraft:shears	item.minecraft.shears	1	
item	minecraft:melon_slice	item.minecraft.melon_slice	64	
item	minecraft:dried_kelp	item.minecraft.dried_kelp	64	
item	minecraft:pumpkin_seeds	item.minecraft.pumpkin_seeds	64	minecraft:pumpkin_stem
item	minecraft:melon_seeds	item.minecraft.melon_seeds	64	minecraft:melon_stem
item	minecraft:beef	item.minecraft.beef	64	
item	minecraft:cooked_beef	item.minecraft.cooked_beef	64	
item	minecraft:chicken	item.minecraft.chicken	64	
item	minecraft:cooked_chicken	item.minecraft.cooked_chicken	64	
item	minecraft:rotten_flesh	item.minecraft.rotten_flesh	64	
item	minecraft:ender_pearl	item.minecraft.ender_pearl	16	
item	minecraft:blaze_rod	item.minecraft.blaze_rod	64	
item	minecraft:ghast_tear	item.minecraft.ghast_tear	64	
item	minecraft:gold_nugget	item.minecraft.gold_nugget	64	
item	minecraft:nether_wart	item.minecraft.nether_wart	64	minecraft:nether_wart
item	minecraft:glass_bottle	item.minecraft.glass_bottle	64	
item	minecraft:potion	item.minecraft.potion	1	
item	minecraft:spider_eye	item.minecraft.spider_eye	64	
item	minecraft:fermented_spider_eye	item.minecraft.fermented_spider_eye	64	
item	minecraft:blaze_powder	item.minecraft.blaze_powder	64	
item	minecraft:magma_cream	item.minecraft.magma_cream	64	
item	minecraft:brewing_stand	block.minecraft.brewing_stand	64	minecraft:brewing_stand
item	minecraft:cauldron	block.minecraft.cauldron	64	minecraft:cauldron
item	minecraft:ender_eye	item.minecraft.ender_eye	64	
item	minecraft:glistering_melon_slice	item.minecraft.glistering_melon_slice	64	
item	minecraft:chicken_spawn_egg	item.minecraft.chicken_spawn_egg	64	
item	minecraft:cow_spawn_egg	item.minecraft.cow_spawn_egg	64	
item	minecraft:pig_spawn_egg	item.minecraft.pig_spawn_egg	64	
item	minecraft:sheep_spawn_egg	item.minecraft.sheep_spawn_egg	64	
item	minecraft:camel_spawn_egg	item.minecraft.camel_spawn_egg	64	
item	minecraft:donkey_spawn_egg	item.minecraft.donkey_spawn_egg	64	
item	minecraft:horse_spawn_egg	item.minecraft.horse_spawn_egg	64	
item	minecraft:mule_spawn_egg	item.minecraft.mule_spawn_egg	64	
item	minecraft:cat_spawn_egg	item.minecraft.cat_spawn_egg	64	
item	minecraft:parrot_spawn_egg	item.minecraft.parrot_spawn_egg	64	
item	minecraft:wolf_spawn_egg	item.minecraft.wolf_spawn_egg	64	
item	minecraft:armadillo_spawn_egg	item.minecraft.armadillo_spawn_egg	64	
item	minecraft:bat_spawn_egg	item.minecraft.bat_spawn_egg	64	
item	minecraft:bee_spawn_egg	item.minecraft.bee_spawn_egg	64	
item	minecraft:fox_spawn_egg	item.minecraft.fox_spawn_egg	64	
item	minecraft:goat_spawn_egg	item.minecraft.goat_spawn_egg	64	
item	minecraft:llama_spawn_egg	item.minecraft.llama_spawn_egg	64	
item	minecraft:ocelot_spawn_egg	item.minecraft.ocelot_spawn_egg	64	
item	minecraft:panda_spawn_egg	item.minecraft.panda_spawn_egg	64	
item	minecraft:polar_bear_spawn_egg	item.minecraft.polar_bear_spawn_egg	64	
item	minecraft:rabbit_spawn_egg	item.minecraft.rabbit_spawn_egg	64	
item	minecraft:axolotl_spawn_egg	item.minecraft.axolotl_spawn_egg	64	
item	minecraft:cod_spawn_egg	item.minecraft.cod_spawn_egg	64	
item	minecraft:dolphin_spawn_egg	item.minecraft.dolphin_spawn_egg	64	
item	minecraft:frog_spawn_egg	item.minecraft.frog_spawn_egg	64	
item	minecraft:glow_squid_spawn_egg	item.minecraft.glow_squid_spawn_egg	64	
item	minecraft:nautilus_spawn_egg	item.minecraft.nautilus_spawn_egg	64	
item	minecraft:pufferfish_spawn_egg	item.minecraft.pufferfish_spawn_egg	64	
item	minecraft:salmon_spawn_egg	item.minecraft.salmon_spawn_egg	64	
item	minecraft:squid_spawn_egg	item.minecraft.squid_spawn_egg	64	
item	minecraft:tadpole_spawn_egg	item.minecraft.tadpole_spawn_egg	64	
item	minecraft:tropical_fish_spawn_egg	item.minecraft.tropical_fish_spawn_egg	64	
item	minecraft:turtle_spawn_egg	item.minecraft.turtle_spawn_egg	64	
item	minecraft:allay_spawn_egg	item.minecraft.allay_spawn_egg	64	
item	minecraft:mooshroom_spawn_egg	item.minecraft.mooshroom_spawn_egg	64	
item	minecraft:sniffer_spawn_egg	item.minecraft.sniffer_spawn_egg	64	
item	minecraft:sulfur_cube_spawn_egg	item.minecraft.sulfur_cube_spawn_egg	64	
item	minecraft:copper_golem_spawn_egg	item.minecraft.copper_golem_spawn_egg	64	
item	minecraft:iron_golem_spawn_egg	item.minecraft.iron_golem_spawn_egg	64	
item	minecraft:snow_golem_spawn_egg	item.minecraft.snow_golem_spawn_egg	64	
item	minecraft:trader_llama_spawn_egg	item.minecraft.trader_llama_spawn_egg	64	
item	minecraft:villager_spawn_egg	item.minecraft.villager_spawn_egg	64	
item	minecraft:wandering_trader_spawn_egg	item.minecraft.wandering_trader_spawn_egg	64	
item	minecraft:bogged_spawn_egg	item.minecraft.bogged_spawn_egg	64	
item	minecraft:camel_husk_spawn_egg	item.minecraft.camel_husk_spawn_egg	64	
item	minecraft:drowned_spawn_egg	item.minecraft.drowned_spawn_egg	64	
item	minecraft:husk_spawn_egg	item.minecraft.husk_spawn_egg	64	
item	minecraft:parched_spawn_egg	item.minecraft.parched_spawn_egg	64	
item	minecraft:skeleton_spawn_egg	item.minecraft.skeleton_spawn_egg	64	
item	minecraft:skeleton_horse_spawn_egg	item.minecraft.skeleton_horse_spawn_egg	64	
item	minecraft:stray_spawn_egg	item.minecraft.stray_spawn_egg	64	
item	minecraft:wither_spawn_egg	item.minecraft.wither_spawn_egg	64	
item	minecraft:wither_skeleton_spawn_egg	item.minecraft.wither_skeleton_spawn_egg	64	
item	minecraft:zombie_spawn_egg	item.minecraft.zombie_spawn_egg	64	
item	minecraft:zombie_horse_spawn_egg	item.minecraft.zombie_horse_spawn_egg	64	
item	minecraft:zombie_nautilus_spawn_egg	item.minecraft.zombie_nautilus_spawn_egg	64	
item	minecraft:zombie_villager_spawn_egg	item.minecraft.zombie_villager_spawn_egg	64	
item	minecraft:cave_spider_spawn_egg	item.minecraft.cave_spider_spawn_egg	64	
item	minecraft:spider_spawn_egg	item.minecraft.spider_spawn_egg	64	
item	minecraft:breeze_spawn_egg	item.minecraft.breeze_spawn_egg	64	
item	minecraft:creaking_spawn_egg	item.minecraft.creaking_spawn_egg	64	
item	minecraft:creeper_spawn_egg	item.minecraft.creeper_spawn_egg	64	
item	minecraft:elder_guardian_spawn_egg	item.minecraft.elder_guardian_spawn_egg	64	
item	minecraft:guardian_spawn_egg	item.minecraft.guardian_spawn_egg	64	
item	minecraft:phantom_spawn_egg	item.minecraft.phantom_spawn_egg	64	
item	minecraft:silverfish_spawn_egg	item.minecraft.silverfish_spawn_egg	64	
item	minecraft:slime_spawn_egg	item.minecraft.slime_spawn_egg	64	
item	minecraft:warden_spawn_egg	item.minecraft.warden_spawn_egg	64	
item	minecraft:witch_spawn_egg	item.minecraft.witch_spawn_egg	64	
item	minecraft:evoker_spawn_egg	item.minecraft.evoker_spawn_egg	64	
item	minecraft:pillager_spawn_egg	item.minecraft.pillager_spawn_egg	64	
item	minecraft:ravager_spawn_egg	item.minecraft.ravager_spawn_egg	64	
item	minecraft:vindicator_spawn_egg	item.minecraft.vindicator_spawn_egg	64	
item	minecraft:vex_spawn_egg	item.minecraft.vex_spawn_egg	64	
item	minecraft:blaze_spawn_egg	item.minecraft.blaze_spawn_egg	64	
item	minecraft:ghast_spawn_egg	item.minecraft.ghast_spawn_egg	64	
item	minecraft:happy_ghast_spawn_egg	item.minecraft.happy_ghast_spawn_egg	64	
item	minecraft:hoglin_spawn_egg	item.minecraft.hoglin_spawn_egg	64	
item	minecraft:magma_cube_spawn_egg	item.minecraft.magma_cube_spawn_egg	64	
item	minecraft:piglin_spawn_egg	item.minecraft.piglin_spawn_egg	64	
item	minecraft:piglin_brute_spawn_egg	item.minecraft.piglin_brute_spawn_egg	64	
item	minecraft:strider_spawn_egg	item.minecraft.strider_spawn_egg	64	
item	minecraft:zoglin_spawn_egg	item.minecraft.zoglin_spawn_egg	64	
item	minecraft:zombified_piglin_spawn_egg	item.minecraft.zombified_piglin_spawn_egg	64	
item	minecraft:ender_dragon_spawn_egg	item.minecraft.ender_dragon_spawn_egg	64	
item	minecraft:enderman_spawn_egg	item.minecraft.enderman_spawn_egg	64	
item	minecraft:endermite_spawn_egg	item.minecraft.endermite_spawn_egg	64	
item	minecraft:shulker_spawn_egg	item.minecraft.shulker_spawn_egg	64	
item	minecraft:experience_bottle	item.minecraft.experience_bottle	64	
item	minecraft:fire_charge	item.minecraft.fire_charge	64	
item	minecraft:wind_charge	item.minecraft.wind_charge	64	
item	minecraft:writable_book	item.minecraft.writable_book	1	
item	minecraft:written_book	item.minecraft.written_book	16	
item	minecraft:breeze_rod	item.minecraft.breeze_rod	64	
item	minecraft:mace	item.minecraft.mace	1	
item	minecraft:item_frame	item.minecraft.item_frame	64	
item	minecraft:glow_item_frame	item.minecraft.glow_item_frame	64	
item	minecraft:flower_pot	block.minecraft.flower_pot	64	minecraft:flower_pot
item	minecraft:carrot	item.minecraft.carrot	64	minecraft:carrots
item	minecraft:potato	item.minecraft.potato	64	minecraft:potatoes
item	minecraft:baked_potato	item.minecraft.baked_potato	64	
item	minecraft:poisonous_potato	item.minecraft.poisonous_potato	64	
item	minecraft:map	item.minecraft.map	64	
item	minecraft:golden_carrot	item.minecraft.golden_carrot	64	
item	minecraft:skeleton_skull	block.minecraft.skeleton_skull	64	minecraft:skeleton_skull
item	minecraft:wither_skeleton_skull	block.minecraft.wither_skeleton_skull	64	minecraft:wither_skeleton_skull
item	minecraft:player_head	block.minecraft.player_head	64	minecraft:player_head
item	minecraft:zombie_head	block.minecraft.zombie_head	64	minecraft:zombie_head
item	minecraft:creeper_head	block.minecraft.creeper_head	64	minecraft:creeper_head
item	minecraft:dragon_head	block.minecraft.dragon_head	64	minecraft:dragon_head
item	minecraft:piglin_head	block.minecraft.piglin_head	64	minecraft:piglin_head
item	minecraft:nether_star	item.minecraft.nether_star	64	
item	minecraft:pumpkin_pie	item.minecraft.pumpkin_pie	64	
item	minecraft:firework_rocket	item.minecraft.firework_rocket	64	
item	minecraft:firework_star	item.minecraft.firework_star	64	
item	minecraft:enchanted_book	item.minecraft.enchanted_book	1	
item	minecraft:nether_brick	item.minecraft.nether_brick	64	
item	minecraft:resin_brick	item.minecraft.resin_brick	64	
item	minecraft:prismarine_shard	item.minecraft.prismarine_shard	64	
item	minecraft:prismarine_crystals	item.minecraft.prismarine_crystals	64	
item	minecraft:rabbit	item.minecraft.rabbit	64	
item	minecraft:cooked_rabbit	item.minecraft.cooked_rabbit	64	
item	minecraft:rabbit_stew	item.minecraft.rabbit_stew	1	
item	minecraft:rabbit_foot	item.minecraft.rabbit_foot	64	
item	minecraft:rabbit_hide	item.minecraft.rabbit_hide	64	
item	minecraft:armor_stand	item.minecraft.armor_stand	16	
item	minecraft:copper_horse_armor	item.minecraft.copper_horse_armor	1	
item	minecraft:iron_horse_armor	item.minecraft.iron_horse_armor	1	
item	minecraft:golden_horse_armor	item.minecraft.golden_horse_armor	1	
item	minecraft:diamond_horse_armor	item.minecraft.diamond_horse_armor	1	
item	minecraft:netherite_horse_armor	item.minecraft.netherite_horse_armor	1	
item	minecraft:leather_horse_armor	item.minecraft.leather_horse_armor	1	
item	minecraft:lead	item.minecraft.lead	64	
item	minecraft:name_tag	item.minecraft.name_tag	64	
item	minecraft:command_block_minecart	item.minecraft.command_block_minecart	1	
item	minecraft:mutton	item.minecraft.mutton	64	
item	minecraft:cooked_mutton	item.minecraft.cooked_mutton	64	
item	minecraft:white_banner	block.minecraft.white_banner	16	minecraft:white_banner
item	minecraft:orange_banner	block.minecraft.orange_banner	16	minecraft:orange_banner
item	minecraft:magenta_banner	block.minecraft.magenta_banner	16	minecraft:magenta_banner
item	minecraft:light_blue_banner	block.minecraft.light_blue_banner	16	minecraft:light_blue_banner
item	minecraft:yellow_banner	block.minecraft.yellow_banner	16	minecraft:yellow_banner
item	minecraft:lime_banner	block.minecraft.lime_banner	16	minecraft:lime_banner
item	minecraft:pink_banner	block.minecraft.pink_banner	16	minecraft:pink_banner
item	minecraft:gray_banner	block.minecraft.gray_banner	16	minecraft:gray_banner
item	minecraft:light_gray_banner	block.minecraft.light_gray_banner	16	minecraft:light_gray_banner
item	minecraft:cyan_banner	block.minecraft.cyan_banner	16	minecraft:cyan_banner
item	minecraft:purple_banner	block.minecraft.purple_banner	16	minecraft:purple_banner
item	minecraft:blue_banner	block.minecraft.blue_banner	16	minecraft:blue_banner
item	minecraft:brown_banner	block.minecraft.brown_banner	16	minecraft:brown_banner
item	minecraft:green_banner	block.minecraft.green_banner	16	minecraft:green_banner
item	minecraft:red_banner	block.minecraft.red_banner	16	minecraft:red_banner
item	minecraft:black_banner	block.minecraft.black_banner	16	minecraft:black_banner
item	minecraft:end_crystal	item.minecraft.end_crystal	64	
item	minecraft:chorus_fruit	item.minecraft.chorus_fruit	64	
item	minecraft:popped_chorus_fruit	item.minecraft.popped_chorus_fruit	64	
item	minecraft:torchflower_seeds	item.minecraft.torchflower_seeds	64	minecraft:torchflower_crop
item	minecraft:pitcher_pod	item.minecraft.pitcher_pod	64	minecraft:pitcher_crop
item	minecraft:beetroot	item.minecraft.beetroot	64	
item	minecraft:beetroot_seeds	item.minecraft.beetroot_seeds	64	minecraft:beetroots
item	minecraft:beetroot_soup	item.minecraft.beetroot_soup	1	
item	minecraft:dragon_breath	item.minecraft.dragon_breath	64	
item	minecraft:splash_potion	item.minecraft.splash_potion	1	
item	minecraft:spectral_arrow	item.minecraft.spectral_arrow	64	
item	minecraft:tipped_arrow	item.minecraft.tipped_arrow	64	
item	minecraft:lingering_potion	item.minecraft.lingering_potion	1	
item	minecraft:shield	item.minecraft.shield	1	
item	minecraft:wooden_spear	item.minecraft.wooden_spear	1	
item	minecraft:stone_spear	item.minecraft.stone_spear	1	
item	minecraft:copper_spear	item.minecraft.copper_spear	1	
item	minecraft:iron_spear	item.minecraft.iron_spear	1	
item	minecraft:golden_spear	item.minecraft.golden_spear	1	
item	minecraft:diamond_spear	item.minecraft.diamond_spear	1	
item	minecraft:netherite_spear	item.minecraft.netherite_spear	1	
item	minecraft:totem_of_undying	item.minecraft.totem_of_undying	1	
item	minecraft:shulker_shell	item.minecraft.shulker_shell	64	
item	minecraft:iron_nugget	item.minecraft.iron_nugget	64	
item	minecraft:copper_nugget	item.minecraft.copper_nugget	64	
item	minecraft:knowledge_book	item.minecraft.knowledge_book	1	
item	minecraft:debug_stick	item.minecraft.debug_stick	1	
item	minecraft:music_disc_13	item.minecraft.music_disc_13	1	
item	minecraft:music_disc_cat	item.minecraft.music_disc_cat	1	
item	minecraft:music_disc_blocks	item.minecraft.music_disc_blocks	1	
item	minecraft:music_disc_bounce	item.minecraft.music_disc_bounce	1	
item	minecraft:music_disc_chirp	item.minecraft.music_disc_chirp	1	
item	minecraft:music_disc_creator	item.minecraft.music_disc_creator	1	
item	minecraft:music_disc_creator_music_box	item.minecraft.music_disc_creator_music_box	1	
item	minecraft:music_disc_far	item.minecraft.music_disc_far	1	
item	minecraft:music_disc_lava_chicken	item.minecraft.music_disc_lava_chicken	1	
item	minecraft:music_disc_mall	item.minecraft.music_disc_mall	1	
item	minecraft:music_disc_mellohi	item.minecraft.music_disc_mellohi	1	
item	minecraft:music_disc_stal	item.minecraft.music_disc_stal	1	
item	minecraft:music_disc_strad	item.minecraft.music_disc_strad	1	
item	minecraft:music_disc_ward	item.minecraft.music_disc_ward	1	
item	minecraft:music_disc_11	item.minecraft.music_disc_11	1	
item	minecraft:music_disc_wait	item.minecraft.music_disc_wait	1	
item	minecraft:music_disc_otherside	item.minecraft.music_disc_otherside	1	
item	minecraft:music_disc_relic	item.minecraft.music_disc_relic	1	
item	minecraft:music_disc_5	item.minecraft.music_disc_5	1	
item	minecraft:music_disc_pigstep	item.minecraft.music_disc_pigstep	1	
item	minecraft:music_disc_precipice	item.minecraft.music_disc_precipice	1	
item	minecraft:music_disc_tears	item.minecraft.music_disc_tears	1	
item	minecraft:disc_fragment_5	item.minecraft.disc_fragment_5	64	
item	minecraft:trident	item.minecraft.trident	1	
item	minecraft:nautilus_shell	item.minecraft.nautilus_shell	64	
item	minecraft:iron_nautilus_armor	item.minecraft.iron_nautilus_armor	1	
item	minecraft:golden_nautilus_armor	item.minecraft.golden_nautilus_armor	1	
item	minecraft:diamond_nautilus_armor	item.minecraft.diamond_nautilus_armor	1	
item	minecraft:netherite_nautilus_armor	item.minecraft.netherite_nautilus_armor	1	
item	minecraft:copper_nautilus_armor	item.minecraft.copper_nautilus_armor	1	
item	minecraft:heart_of_the_sea	item.minecraft.heart_of_the_sea	64	
item	minecraft:crossbow	item.minecraft.crossbow	1	
item	minecraft:suspicious_stew	item.minecraft.suspicious_stew	1	
item	minecraft:loom	block.minecraft.loom	64	minecraft:loom
item	minecraft:flower_banner_pattern	item.minecraft.flower_banner_pattern	1	
item	minecraft:creeper_banner_pattern	item.minecraft.creeper_banner_pattern	1	
item	minecraft:skull_banner_pattern	item.minecraft.skull_banner_pattern	1	
item	minecraft:mojang_banner_pattern	item.minecraft.mojang_banner_pattern	1	
item	minecraft:globe_banner_pattern	item.minecraft.globe_banner_pattern	1	
item	minecraft:piglin_banner_pattern	item.minecraft.piglin_banner_pattern	1	
item	minecraft:flow_banner_pattern	item.minecraft.flow_banner_pattern	1	
item	minecraft:guster_banner_pattern	item.minecraft.guster_banner_pattern	1	
item	minecraft:field_masoned_banner_pattern	item.minecraft.field_masoned_banner_pattern	1	
item	minecraft:bordure_indented_banner_pattern	item.minecraft.bordure_indented_banner_pattern	1	
item	minecraft:goat_horn	item.minecraft.goat_horn	1	
item	minecraft:composter	block.minecraft.composter	64	minecraft:composter
item	minecraft:barrel	block.minecraft.barrel	64	minecraft:barrel
item	minecraft:smoker	block.minecraft.smoker	64	minecraft:smoker
item	minecraft:blast_furnace	block.minecraft.blast_furnace	64	minecraft:blast_furnace
item	minecraft:cartography_table	block.minecraft.cartography_table	64	minecraft:cartography_table
item	minecraft:fletching_table	block.minecraft.fletching_table	64	minecraft:fletching_table
item	minecraft:grindstone	block.minecraft.grindstone	64	minecraft:grindstone
item	minecraft:smithing_table	block.minecraft.smithing_table	64	minecraft:smithing_table
item	minecraft:stonecutter	block.minecraft.stonecutter	64	minecraft:stonecutter
item	minecraft:bell	block.minecraft.bell	64	minecraft:bell
item	minecraft:lantern	block.minecraft.lantern	64	minecraft:lantern
item	minecraft:soul_lantern	block.minecraft.soul_lantern	64	minecraft:soul_lantern
item	minecraft:copper_lantern	block.minecraft.copper_lantern	64	minecraft:copper_lantern
item	minecraft:exposed_copper_lantern	block.minecraft.exposed_copper_lantern	64	minecraft:exposed_copper_lantern
item	minecraft:weathered_copper_lantern	block.minecraft.weathered_copper_lantern	64	minecraft:weathered_copper_lantern
item	minecraft:oxidized_copper_lantern	block.minecraft.oxidized_copper_lantern	64	minecraft:oxidized_copper_lantern
item	minecraft:waxed_copper_lantern	block.minecraft.waxed_copper_lantern	64	minecraft:waxed_copper_lantern
item	minecraft:waxed_exposed_copper_lantern	block.minecraft.waxed_exposed_copper_lantern	64	minecraft:waxed_exposed_copper_lantern
item	minecraft:waxed_weathered_copper_lantern	block.minecraft.waxed_weathered_copper_lantern	64	minecraft:waxed_weathered_copper_lantern
item	minecraft:waxed_oxidized_copper_lantern	block.minecraft.waxed_oxidized_copper_lantern	64	minecraft:waxed_oxidized_copper_lantern
item	minecraft:sweet_berries	item.minecraft.sweet_berries	64	minecraft:sweet_berry_bush
item	minecraft:glow_berries	item.minecraft.glow_berries	64	minecraft:cave_vines
item	minecraft:campfire	block.minecraft.campfire	64	minecraft:campfire
item	minecraft:soul_campfire	block.minecraft.soul_campfire	64	minecraft:soul_campfire
item	minecraft:shroomlight	block.minecraft.shroomlight	64	minecraft:shroomlight
item	minecraft:honeycomb	item.minecraft.honeycomb	64	
item	minecraft:bee_nest	block.minecraft.bee_nest	64	minecraft:bee_nest
item	minecraft:beehive	block.minecraft.beehive	64	minecraft:beehive
item	minecraft:honey_bottle	item.minecraft.honey_bottle	16	
item	minecraft:honeycomb_block	block.minecraft.honeycomb_block	64	minecraft:honeycomb_block
item	minecraft:lodestone	block.minecraft.lodestone	64	minecraft:lodestone
item	minecraft:crying_obsidian	block.minecraft.crying_obsidian	64	minecraft:crying_obsidian
item	minecraft:blackstone	block.minecraft.blackstone	64	minecraft:blackstone
item	minecraft:blackstone_slab	block.minecraft.blackstone_slab	64	minecraft:blackstone_slab
item	minecraft:blackstone_stairs	block.minecraft.blackstone_stairs	64	minecraft:blackstone_stairs
item	minecraft:gilded_blackstone	block.minecraft.gilded_blackstone	64	minecraft:gilded_blackstone
item	minecraft:polished_blackstone	block.minecraft.polished_blackstone	64	minecraft:polished_blackstone
item	minecraft:polished_blackstone_slab	block.minecraft.polished_blackstone_slab	64	minecraft:polished_blackstone_slab
item	minecraft:polished_blackstone_stairs	block.minecraft.polished_blackstone_stairs	64	minecraft:polished_blackstone_stairs
item	minecraft:chiseled_polished_blackstone	block.minecraft.chiseled_polished_blackstone	64	minecraft:chiseled_polished_blackstone
item	minecraft:polished_blackstone_bricks	block.minecraft.polished_blackstone_bricks	64	minecraft:polished_blackstone_bricks
item	minecraft:polished_blackstone_brick_slab	block.minecraft.polished_blackstone_brick_slab	64	minecraft:polished_blackstone_brick_slab
item	minecraft:polished_blackstone_brick_stairs	block.minecraft.polished_blackstone_brick_stairs	64	minecraft:polished_blackstone_brick_stairs
item	minecraft:cracked_polished_blackstone_bricks	block.minecraft.cracked_polished_blackstone_bricks	64	minecraft:cracked_polished_blackstone_bricks
item	minecraft:respawn_anchor	block.minecraft.respawn_anchor	64	minecraft:respawn_anchor
item	minecraft:candle	block.minecraft.candle	64	minecraft:candle
item	minecraft:white_candle	block.minecraft.white_candle	64	minecraft:white_candle
item	minecraft:orange_candle	block.minecraft.orange_candle	64	minecraft:orange_candle
item	minecraft:magenta_candle	block.minecraft.magenta_candle	64	minecraft:magenta_candle
item	minecraft:light_blue_candle	block.minecraft.light_blue_candle	64	minecraft:light_blue_candle
item	minecraft:yellow_candle	block.minecraft.yellow_candle	64	minecraft:yellow_candle
item	minecraft:lime_candle	block.minecraft.lime_candle	64	minecraft:lime_candle
item	minecraft:pink_candle	block.minecraft.pink_candle	64	minecraft:pink_candle
item	minecraft:gray_candle	block.minecraft.gray_candle	64	minecraft:gray_candle
item	minecraft:light_gray_candle	block.minecraft.light_gray_candle	64	minecraft:light_gray_candle
item	minecraft:cyan_candle	block.minecraft.cyan_candle	64	minecraft:cyan_candle
item	minecraft:purple_candle	block.minecraft.purple_candle	64	minecraft:purple_candle
item	minecraft:blue_candle	block.minecraft.blue_candle	64	minecraft:blue_candle
item	minecraft:brown_candle	block.minecraft.brown_candle	64	minecraft:brown_candle
item	minecraft:green_candle	block.minecraft.green_candle	64	minecraft:green_candle
item	minecraft:red_candle	block.minecraft.red_candle	64	minecraft:red_candle
item	minecraft:black_candle	block.minecraft.black_candle	64	minecraft:black_candle
item	minecraft:small_amethyst_bud	block.minecraft.small_amethyst_bud	64	minecraft:small_amethyst_bud
item	minecraft:medium_amethyst_bud	block.minecraft.medium_amethyst_bud	64	minecraft:medium_amethyst_bud
item	minecraft:large_amethyst_bud	block.minecraft.large_amethyst_bud	64	minecraft:large_amethyst_bud
item	minecraft:amethyst_cluster	block.minecraft.amethyst_cluster	64	minecraft:amethyst_cluster
item	minecraft:pointed_dripstone	block.minecraft.pointed_dripstone	64	minecraft:pointed_dripstone
item	minecraft:sulfur_spike	block.minecraft.sulfur_spike	64	minecraft:sulfur_spike
item	minecraft:ochre_froglight	block.minecraft.ochre_froglight	64	minecraft:ochre_froglight
item	minecraft:verdant_froglight	block.minecraft.verdant_froglight	64	minecraft:verdant_froglight
item	minecraft:pearlescent_froglight	block.minecraft.pearlescent_froglight	64	minecraft:pearlescent_froglight
item	minecraft:frogspawn	block.minecraft.frogspawn	64	minecraft:frogspawn
item	minecraft:echo_shard	item.minecraft.echo_shard	64	
item	minecraft:brush	item.minecraft.brush	1	
item	minecraft:netherite_upgrade_smithing_template	item.minecraft.netherite_upgrade_smithing_template	64	
item	minecraft:sentry_armor_trim_smithing_template	item.minecraft.sentry_armor_trim_smithing_template	64	
item	minecraft:dune_armor_trim_smithing_template	item.minecraft.dune_armor_trim_smithing_template	64	
item	minecraft:coast_armor_trim_smithing_template	item.minecraft.coast_armor_trim_smithing_template	64	
item	minecraft:wild_armor_trim_smithing_template	item.minecraft.wild_armor_trim_smithing_template	64	
item	minecraft:ward_armor_trim_smithing_template	item.minecraft.ward_armor_trim_smithing_template	64	
item	minecraft:eye_armor_trim_smithing_template	item.minecraft.eye_armor_trim_smithing_template	64	
item	minecraft:vex_armor_trim_smithing_template	item.minecraft.vex_armor_trim_smithing_template	64	
item	minecraft:tide_armor_trim_smithing_template	item.minecraft.tide_armor_trim_smithing_template	64	
item	minecraft:snout_armor_trim_smithing_template	item.minecraft.snout_armor_trim_smithing_template	64	
item	minecraft:rib_armor_trim_smithing_template	item.minecraft.rib_armor_trim_smithing_template	64	
item	minecraft:spire_armor_trim_smithing_template	item.minecraft.spire_armor_trim_smithing_template	64	
item	minecraft:wayfinder_armor_trim_smithing_template	item.minecraft.wayfinder_armor_trim_smithing_template	64	
item	minecraft:shaper_armor_trim_smithing_template	item.minecraft.shaper_armor_trim_smithing_template	64	
item	minecraft:silence_armor_trim_smithing_template	item.minecraft.silence_armor_trim_smithing_template	64	
item	minecraft:raiser_armor_trim_smithing_template	item.minecraft.raiser_armor_trim_smithing_template	64	
item	minecraft:host_armor_trim_smithing_template	item.minecraft.host_armor_trim_smithing_template	64	
item	minecraft:flow_armor_trim_smithing_template	item.minecraft.flow_armor_trim_smithing_template	64	
item	minecraft:bolt_armor_trim_smithing_template	item.minecraft.bolt_armor_trim_smithing_template	64	
item	minecraft:angler_pottery_sherd	item.minecraft.angler_pottery_sherd	64	
item	minecraft:archer_pottery_sherd	item.minecraft.archer_pottery_sherd	64	
item	minecraft:arms_up_pottery_sherd	item.minecraft.arms_up_pottery_sherd	64	
item	minecraft:blade_pottery_sherd	item.minecraft.blade_pottery_sherd	64	
item	minecraft:brewer_pottery_sherd	item.minecraft.brewer_pottery_sherd	64	
item	minecraft:burn_pottery_sherd	item.minecraft.burn_pottery_sherd	64	
item	minecraft:danger_pottery_sherd	item.minecraft.danger_pottery_sherd	64	
item	minecraft:explorer_pottery_sherd	item.minecraft.explorer_pottery_sherd	64	
item	minecraft:flow_pottery_sherd	item.minecraft.flow_pottery_sherd	64	
item	minecraft:friend_pottery_sherd	item.minecraft.friend_pottery_sherd	64	
item	minecraft:guster_pottery_sherd	item.minecraft.guster_pottery_sherd	64	
item	minecraft:heart_pottery_sherd	item.minecraft.heart_pottery_sherd	64	
item	minecraft:heartbreak_pottery_sherd	item.minecraft.heartbreak_pottery_sherd	64	
item	minecraft:howl_pottery_sherd	item.minecraft.howl_pottery_sherd	64	
item	minecraft:miner_pottery_sherd	item.minecraft.miner_pottery_sherd	64	
item	minecraft:mourner_pottery_sherd	item.minecraft.mourner_pottery_sherd	64	
item	minecraft:plenty_pottery_sherd	item.minecraft.plenty_pottery_sherd	64	
item	minecraft:prize_pottery_sherd	item.minecraft.prize_pottery_sherd	64	
item	minecraft:scrape_pottery_sherd	item.minecraft.scrape_pottery_sherd	64	
item	minecraft:sheaf_pottery_sherd	item.minecraft.sheaf_pottery_sherd	64	
item	minecraft:shelter_pottery_sherd	item.minecraft.shelter_pottery_sherd	64	
item	minecraft:skull_pottery_sherd	item.minecraft.skull_pottery_sherd	64	
item	minecraft:snort_pottery_sherd	item.minecraft.snort_pottery_sherd	64	
item	minecraft:copper_grate	block.minecraft.copper_grate	64	minecraft:copper_grate
item	minecraft:exposed_copper_grate	block.minecraft.exposed_copper_grate	64	minecraft:exposed_copper_grate
item	minecraft:weathered_copper_grate	block.minecraft.weathered_copper_grate	64	minecraft:weathered_copper_grate
item	minecraft:oxidized_copper_grate	block.minecraft.oxidized_copper_grate	64	minecraft:oxidized_copper_grate
item	minecraft:waxed_copper_grate	block.minecraft.waxed_copper_grate	64	minecraft:waxed_copper_grate
item	minecraft:waxed_exposed_copper_grate	block.minecraft.waxed_exposed_copper_grate	64	minecraft:waxed_exposed_copper_grate
item	minecraft:waxed_weathered_copper_grate	block.minecraft.waxed_weathered_copper_grate	64	minecraft:waxed_weathered_copper_grate
item	minecraft:waxed_oxidized_copper_grate	block.minecraft.waxed_oxidized_copper_grate	64	minecraft:waxed_oxidized_copper_grate
item	minecraft:copper_bulb	block.minecraft.copper_bulb	64	minecraft:copper_bulb
item	minecraft:exposed_copper_bulb	block.minecraft.exposed_copper_bulb	64	minecraft:exposed_copper_bulb
item	minecraft:weathered_copper_bulb	block.minecraft.weathered_copper_bulb	64	minecraft:weathered_copper_bulb
item	minecraft:oxidized_copper_bulb	block.minecraft.oxidized_copper_bulb	64	minecraft:oxidized_copper_bulb
item	minecraft:waxed_copper_bulb	block.minecraft.waxed_copper_bulb	64	minecraft:waxed_copper_bulb
item	minecraft:waxed_exposed_copper_bulb	block.minecraft.waxed_exposed_copper_bulb	64	minecraft:waxed_exposed_copper_bulb
item	minecraft:waxed_weathered_copper_bulb	block.minecraft.waxed_weathered_copper_bulb	64	minecraft:waxed_weathered_copper_bulb
item	minecraft:waxed_oxidized_copper_bulb	block.minecraft.waxed_oxidized_copper_bulb	64	minecraft:waxed_oxidized_copper_bulb
item	minecraft:copper_chest	block.minecraft.copper_chest	64	minecraft:copper_chest
item	minecraft:exposed_copper_chest	block.minecraft.exposed_copper_chest	64	minecraft:exposed_copper_chest
item	minecraft:weathered_copper_chest	block.minecraft.weathered_copper_chest	64	minecraft:weathered_copper_chest
item	minecraft:oxidized_copper_chest	block.minecraft.oxidized_copper_chest	64	minecraft:oxidized_copper_chest
item	minecraft:waxed_copper_chest	block.minecraft.waxed_copper_chest	64	minecraft:waxed_copper_chest
item	minecraft:waxed_exposed_copper_chest	block.minecraft.waxed_exposed_copper_chest	64	minecraft:waxed_exposed_copper_chest
item	minecraft:waxed_weathered_copper_chest	block.minecraft.waxed_weathered_copper_chest	64	minecraft:waxed_weathered_copper_chest
item	minecraft:waxed_oxidized_copper_chest	block.minecraft.waxed_oxidized_copper_chest	64	minecraft:waxed_oxidized_copper_chest
item	minecraft:copper_golem_statue	block.minecraft.copper_golem_statue	64	minecraft:copper_golem_statue
item	minecraft:exposed_copper_golem_statue	block.minecraft.exposed_copper_golem_statue	64	minecraft:exposed_copper_golem_statue
item	minecraft:weathered_copper_golem_statue	block.minecraft.weathered_copper_golem_statue	64	minecraft:weathered_copper_golem_statue
item	minecraft:oxidized_copper_golem_statue	block.minecraft.oxidized_copper_golem_statue	64	minecraft:oxidized_copper_golem_statue
item	minecraft:waxed_copper_golem_statue	block.minecraft.waxed_copper_golem_statue	64	minecraft:waxed_copper_golem_statue
item	minecraft:waxed_exposed_copper_golem_statue	block.minecraft.waxed_exposed_copper_golem_statue	64	minecraft:waxed_exposed_copper_golem_statue
item	minecraft:waxed_weathered_copper_golem_statue	block.minecraft.waxed_weathered_copper_golem_statue	64	minecraft:waxed_weathered_copper_golem_statue
item	minecraft:waxed_oxidized_copper_golem_statue	block.minecraft.waxed_oxidized_copper_golem_statue	64	minecraft:waxed_oxidized_copper_golem_statue
item	minecraft:trial_spawner	block.minecraft.trial_spawner	64	minecraft:trial_spawner
item	minecraft:trial_key	item.minecraft.trial_key	64	
item	minecraft:ominous_trial_key	item.minecraft.ominous_trial_key	64	
item	minecraft:vault	block.minecraft.vault	64	minecraft:vault
item	minecraft:ominous_bottle	item.minecraft.ominous_bottle	64	
block	minecraft:air	block.minecraft.air	minecraft:air
block	minecraft:stone	block.minecraft.stone	minecraft:stone
block	minecraft:granite	block.minecraft.granite	minecraft:granite
block	minecraft:polished_granite	block.minecraft.polished_granite	minecraft:polished_granite
block	minecraft:diorite	block.minecraft.diorite	minecraft:diorite
block	minecraft:polished_diorite	block.minecraft.polished_diorite	minecraft:polished_diorite
block	minecraft:andesite	block.minecraft.andesite	minecraft:andesite
block	minecraft:polished_andesite	block.minecraft.polished_andesite	minecraft:polished_andesite
block	minecraft:grass_block	block.minecraft.grass_block	minecraft:grass_block
block	minecraft:dirt	block.minecraft.dirt	minecraft:dirt
block	minecraft:coarse_dirt	block.minecraft.coarse_dirt	minecraft:coarse_dirt
block	minecraft:podzol	block.minecraft.podzol	minecraft:podzol
block	minecraft:cobblestone	block.minecraft.cobblestone	minecraft:cobblestone
block	minecraft:oak_planks	block.minecraft.oak_planks	minecraft:oak_planks
block	minecraft:spruce_planks	block.minecraft.spruce_planks	minecraft:spruce_planks
block	minecraft:birch_planks	block.minecraft.birch_planks	minecraft:birch_planks
block	minecraft:jungle_planks	block.minecraft.jungle_planks	minecraft:jungle_planks
block	minecraft:acacia_planks	block.minecraft.acacia_planks	minecraft:acacia_planks
block	minecraft:cherry_planks	block.minecraft.cherry_planks	minecraft:cherry_planks
block	minecraft:dark_oak_planks	block.minecraft.dark_oak_planks	minecraft:dark_oak_planks
block	minecraft:pale_oak_wood	block.minecraft.pale_oak_wood	minecraft:pale_oak_wood
block	minecraft:pale_oak_planks	block.minecraft.pale_oak_planks	minecraft:pale_oak_planks
block	minecraft:mangrove_planks	block.minecraft.mangrove_planks	minecraft:mangrove_planks
block	minecraft:bamboo_planks	block.minecraft.bamboo_planks	minecraft:bamboo_planks
block	minecraft:bamboo_mosaic	block.minecraft.bamboo_mosaic	minecraft:bamboo_mosaic
block	minecraft:oak_sapling	block.minecraft.oak_sapling	minecraft:oak_sapling
block	minecraft:spruce_sapling	block.minecraft.spruce_sapling	minecraft:spruce_sapling
block	minecraft:birch_sapling	block.minecraft.birch_sapling	minecraft:birch_sapling
block	minecraft:jungle_sapling	block.minecraft.jungle_sapling	minecraft:jungle_sapling
block	minecraft:acacia_sapling	block.minecraft.acacia_sapling	minecraft:acacia_sapling
block	minecraft:cherry_sapling	block.minecraft.cherry_sapling	minecraft:cherry_sapling
block	minecraft:dark_oak_sapling	block.minecraft.dark_oak_sapling	minecraft:dark_oak_sapling
block	minecraft:pale_oak_sapling	block.minecraft.pale_oak_sapling	minecraft:pale_oak_sapling
block	minecraft:mangrove_propagule	block.minecraft.mangrove_propagule	minecraft:mangrove_propagule
block	minecraft:bedrock	block.minecraft.bedrock	minecraft:bedrock
block	minecraft:water	block.minecraft.water	minecraft:air
block	minecraft:lava	block.minecraft.lava	minecraft:air
block	minecraft:sand	block.minecraft.sand	minecraft:sand
block	minecraft:suspicious_sand	block.minecraft.suspicious_sand	minecraft:suspicious_sand
block	minecraft:red_sand	block.minecraft.red_sand	minecraft:red_sand
block	minecraft:gravel	block.minecraft.gravel	minecraft:gravel
block	minecraft:suspicious_gravel	block.minecraft.suspicious_gravel	minecraft:suspicious_gravel
block	minecraft:gold_ore	block.minecraft.gold_ore	minecraft:gold_ore
block	minecraft:deepslate_gold_ore	block.minecraft.deepslate_gold_ore	minecraft:deepslate_gold_ore
block	minecraft:iron_ore	block.minecraft.iron_ore	minecraft:iron_ore
block	minecraft:deepslate_iron_ore	block.minecraft.deepslate_iron_ore	minecraft:deepslate_iron_ore
block	minecraft:coal_ore	block.minecraft.coal_ore	minecraft:coal_ore
block	minecraft:deepslate_coal_ore	block.minecraft.deepslate_coal_ore	minecraft:deepslate_coal_ore
block	minecraft:nether_gold_ore	block.minecraft.nether_gold_ore	minecraft:nether_gold_ore
block	minecraft:oak_log	block.minecraft.oak_log	minecraft:oak_log
block	minecraft:spruce_log	block.minecraft.spruce_log	minecraft:spruce_log
block	minecraft:birch_log	block.minecraft.birch_log	minecraft:birch_log
block	minecraft:jungle_log	block.minecraft.jungle_log	minecraft:jungle_log
block	minecraft:acacia_log	block.minecraft.acacia_log	minecraft:acacia_log
block	minecraft:cherry_log	block.minecraft.cherry_log	minecraft:cherry_log
block	minecraft:dark_oak_log	block.minecraft.dark_oak_log	minecraft:dark_oak_log
block	minecraft:pale_oak_log	block.minecraft.pale_oak_log	minecraft:pale_oak_log
block	minecraft:mangrove_log	block.minecraft.mangrove_log	minecraft:mangrove_log
block	minecraft:mangrove_roots	block.minecraft.mangrove_roots	minecraft:mangrove_roots
block	minecraft:muddy_mangrove_roots	block.minecraft.muddy_mangrove_roots	minecraft:muddy_mangrove_roots
block	minecraft:bamboo_block	block.minecraft.bamboo_block	minecraft:bamboo_block
block	minecraft:stripped_spruce_log	block.minecraft.stripped_spruce_log	minecraft:stripped_spruce_log
block	minecraft:stripped_birch_log	block.minecraft.stripped_birch_log	minecraft:stripped_birch_log
block	minecraft:stripped_jungle_log	block.minecraft.stripped_jungle_log	minecraft:stripped_jungle_log
block	minecraft:stripped_acacia_log	block.minecraft.stripped_acacia_log	minecraft:stripped_acacia_log
block	minecraft:stripped_cherry_log	block.minecraft.stripped_cherry_log	minecraft:stripped_cherry_log
block	minecraft:stripped_dark_oak_log	block.minecraft.stripped_dark_oak_log	minecraft:stripped_dark_oak_log
block	minecraft:stripped_pale_oak_log	block.minecraft.stripped_pale_oak_log	minecraft:stripped_pale_oak_log
block	minecraft:stripped_oak_log	block.minecraft.stripped_oak_log	minecraft:stripped_oak_log
block	minecraft:stripped_mangrove_log	block.minecraft.stripped_mangrove_log	minecraft:stripped_mangrove_log
block	minecraft:stripped_bamboo_block	block.minecraft.stripped_bamboo_block	minecraft:stripped_bamboo_block
block	minecraft:oak_wood	block.minecraft.oak_wood	minecraft:oak_wood
block	minecraft:spruce_wood	block.minecraft.spruce_wood	minecraft:spruce_wood
block	minecraft:birch_wood	block.minecraft.birch_wood	minecraft:birch_wood
block	minecraft:jungle_wood	block.minecraft.jungle_wood	minecraft:jungle_wood
block	minecraft:acacia_wood	block.minecraft.acacia_wood	minecraft:acacia_wood
block	minecraft:cherry_wood	block.minecraft.cherry_wood	minecraft:cherry_wood
block	minecraft:dark_oak_wood	block.minecraft.dark_oak_wood	minecraft:dark_oak_wood
block	minecraft:mangrove_wood	block.minecraft.mangrove_wood	minecraft:mangrove_wood
block	minecraft:stripped_oak_wood	block.minecraft.stripped_oak_wood	minecraft:stripped_oak_wood
block	minecraft:stripped_spruce_wood	block.minecraft.stripped_spruce_wood	minecraft:stripped_spruce_wood
block	minecraft:stripped_birch_wood	block.minecraft.stripped_birch_wood	minecraft:stripped_birch_wood
block	minecraft:stripped_jungle_wood	block.minecraft.stripped_jungle_wood	minecraft:stripped_jungle_wood
block	minecraft:stripped_acacia_wood	block.minecraft.stripped_acacia_wood	minecraft:stripped_acacia_wood
block	minecraft:stripped_cherry_wood	block.minecraft.stripped_cherry_wood	minecraft:stripped_cherry_wood
block	minecraft:stripped_dark_oak_wood	block.minecraft.stripped_dark_oak_wood	minecraft:stripped_dark_oak_wood
block	minecraft:stripped_pale_oak_wood	block.minecraft.stripped_pale_oak_wood	minecraft:stripped_pale_oak_wood
block	minecraft:stripped_mangrove_wood	block.minecraft.stripped_mangrove_wood	minecraft:stripped_mangrove_wood
block	minecraft:oak_leaves	block.minecraft.oak_leaves	minecraft:oak_leaves
block	minecraft:spruce_leaves	block.minecraft.spruce_leaves	minecraft:spruce_leaves
block	minecraft:birch_leaves	block.minecraft.birch_leaves	minecraft:birch_leaves
block	minecraft:jungle_leaves	block.minecraft.jungle_leaves	minecraft:jungle_leaves
block	minecraft:acacia_leaves	block.minecraft.acacia_leaves	minecraft:acacia_leaves
block	minecraft:cherry_leaves	block.minecraft.cherry_leaves	minecraft:cherry_leaves
block	minecraft:dark_oak_leaves	block.minecraft.dark_oak_leaves	minecraft:dark_oak_leaves
block	minecraft:pale_oak_leaves	block.minecraft.pale_oak_leaves	minecraft:pale_oak_leaves
block	minecraft:mangrove_leaves	block.minecraft.mangrove_leaves	minecraft:mangrove_leaves
block	minecraft:azalea_leaves	block.minecraft.azalea_leaves	minecraft:azalea_leaves
block	minecraft:flowering_azalea_leaves	block.minecraft.flowering_azalea_leaves	minecraft:flowering_azalea_leaves
block	minecraft:sponge	block.minecraft.sponge	minecraft:sponge
block	minecraft:wet_sponge	block.minecraft.wet_sponge	minecraft:wet_sponge
block	minecraft:glass	block.minecraft.glass	minecraft:glass
block	minecraft:lapis_ore	block.minecraft.lapis_ore	minecraft:lapis_ore
block	minecraft:deepslate_lapis_ore	block.minecraft.deepslate_lapis_ore	minecraft:deepslate_lapis_ore
block	minecraft:lapis_block	block.minecraft.lapis_block	minecraft:lapis_block
block	minecraft:dispenser	block.minecraft.dispenser	minecraft:dispenser
block	minecraft:sandstone	block.minecraft.sandstone	minecraft:sandstone
block	minecraft:chiseled_sandstone	block.minecraft.chiseled_sandstone	minecraft:chiseled_sandstone
block	minecraft:cut_sandstone	block.minecraft.cut_sandstone	minecraft:cut_sandstone
block	minecraft:note_block	block.minecraft.note_block	minecraft:note_block
block	minecraft:white_bed	block.minecraft.white_bed	minecraft:white_bed
block	minecraft:orange_bed	block.minecraft.orange_bed	minecraft:orange_bed
block	minecraft:magenta_bed	block.minecraft.magenta_bed	minecraft:magenta_bed
block	minecraft:light_blue_bed	block.minecraft.light_blue_bed	minecraft:light_blue_bed
block	minecraft:yellow_bed	block.minecraft.yellow_bed	minecraft:yellow_bed
block	minecraft:lime_bed	block.minecraft.lime_bed	minecraft:lime_bed
block	minecraft:pink_bed	block.minecraft.pink_bed	minecraft:pink_bed
block	minecraft:gray_bed	block.minecraft.gray_bed	minecraft:gray_bed
block	minecraft:light_gray_bed	block.minecraft.light_gray_bed	minecraft:light_gray_bed
block	minecraft:cyan_bed	block.minecraft.cyan_bed	minecraft:cyan_bed
block	minecraft:purple_bed	block.minecraft.purple_bed	minecraft:purple_bed
block	minecraft:blue_bed	block.minecraft.blue_bed	minecraft:blue_bed
block	minecraft:brown_bed	block.minecraft.brown_bed	minecraft:brown_bed
block	minecraft:green_bed	block.minecraft.green_bed	minecraft:green_bed
block	minecraft:red_bed	block.minecraft.red_bed	minecraft:red_bed
block	minecraft:black_bed	block.minecraft.black_bed	minecraft:black_bed
block	minecraft:powered_rail	block.minecraft.powered_rail	minecraft:powered_rail
block	minecraft:detector_rail	block.minecraft.detector_rail	minecraft:detector_rail
block	minecraft:sticky_piston	block.minecraft.sticky_piston	minecraft:sticky_piston
block	minecraft:cobweb	block.minecraft.cobweb	minecraft:cobweb
block	minecraft:short_grass	block.minecraft.short_grass	minecraft:short_grass
block	minecraft:fern	block.minecraft.fern	minecraft:fern
block	minecraft:dead_bush	block.minecraft.dead_bush	minecraft:dead_bush
block	minecraft:bush	block.minecraft.bush	minecraft:bush
block	minecraft:short_dry_grass	block.minecraft.short_dry_grass	minecraft:short_dry_grass
block	minecraft:tall_dry_grass	block.minecraft.tall_dry_grass	minecraft:tall_dry_grass
block	minecraft:seagrass	block.minecraft.seagrass	minecraft:seagrass
block	minecraft:tall_seagrass	block.minecraft.tall_seagrass	minecraft:air
block	minecraft:piston	block.minecraft.piston	minecraft:piston
block	minecraft:piston_head	block.minecraft.piston_head	minecraft:air
block	minecraft:white_wool	block.minecraft.white_wool	minecraft:white_wool
block	minecraft:orange_wool	block.minecraft.orange_wool	minecraft:orange_wool
block	minecraft:magenta_wool	block.minecraft.magenta_wool	minecraft:magenta_wool
block	minecraft:light_blue_wool	block.minecraft.light_blue_wool	minecraft:light_blue_wool
block	minecraft:yellow_wool	block.minecraft.yellow_wool	minecraft:yellow_wool
block	minecraft:lime_wool	block.minecraft.lime_wool	minecraft:lime_wool
block	minecraft:pink_wool	block.minecraft.pink_wool	minecraft:pink_wool
block	minecraft:gray_wool	block.minecraft.gray_wool	minecraft:gray_wool
block	minecraft:light_gray_wool	block.minecraft.light_gray_wool	minecraft:light_gray_wool
block	minecraft:cyan_wool	block.minecraft.cyan_wool	minecraft:cyan_wool
block	minecraft:purple_wool	block.minecraft.purple_wool	minecraft:purple_wool
block	minecraft:blue_wool	block.minecraft.blue_wool	minecraft:blue_wool
block	minecraft:brown_wool	block.minecraft.brown_wool	minecraft:brown_wool
block	minecraft:green_wool	block.minecraft.green_wool	minecraft:green_wool
block	minecraft:red_wool	block.minecraft.red_wool	minecraft:red_wool
block	minecraft:black_wool	block.minecraft.black_wool	minecraft:black_wool
block	minecraft:moving_piston	block.minecraft.moving_piston	minecraft:air
block	minecraft:dandelion	block.minecraft.dandelion	minecraft:dandelion
block	minecraft:golden_dandelion	block.minecraft.golden_dandelion	minecraft:golden_dandelion
block	minecraft:torchflower	block.minecraft.torchflower	minecraft:torchflower
block	minecraft:poppy	block.minecraft.poppy	minecraft:poppy
block	minecraft:blue_orchid	block.minecraft.blue_orchid	minecraft:blue_orchid
block	minecraft:allium	block.minecraft.allium	minecraft:allium
block	minecraft:azure_bluet	block.minecraft.azure_bluet	minecraft:azure_bluet
block	minecraft:red_tulip	block.minecraft.red_tulip	minecraft:red_tulip
block	minecraft:orange_tulip	block.minecraft.orange_tulip	minecraft:orange_tulip
block	minecraft:white_tulip	block.minecraft.white_tulip	minecraft:white_tulip
block	minecraft:pink_tulip	block.minecraft.pink_tulip	minecraft:pink_tulip
block	minecraft:oxeye_daisy	block.minecraft.oxeye_daisy	minecraft:oxeye_daisy
block	minecraft:cornflower	block.minecraft.cornflower	minecraft:cornflower
block	minecraft:wither_rose	block.minecraft.wither_rose	minecraft:wither_rose
block	minecraft:lily_of_the_valley	block.minecraft.lily_of_the_valley	minecraft:lily_of_the_valley
block	minecraft:brown_mushroom	block.minecraft.brown_mushroom	minecraft:brown_mushroom
block	minecraft:red_mushroom	block.minecraft.red_mushroom	minecraft:red_mushroom
block	minecraft:gold_block	block.minecraft.gold_block	minecraft:gold_block
block	minecraft:iron_block	block.minecraft.iron_block	minecraft:iron_block
block	minecraft:bricks	block.minecraft.bricks	minecraft:bricks
block	minecraft:tnt	block.minecraft.tnt	minecraft:tnt
block	minecraft:bookshelf	block.minecraft.bookshelf	minecraft:bookshelf
block	minecraft:chiseled_bookshelf	block.minecraft.chiseled_bookshelf	minecraft:chiseled_bookshelf
block	minecraft:acacia_shelf	block.minecraft.acacia_shelf	minecraft:acacia_shelf
block	minecraft:bamboo_shelf	block.minecraft.bamboo_shelf	minecraft:bamboo_shelf
block	minecraft:birch_shelf	block.minecraft.birch_shelf	minecraft:birch_shelf
block	minecraft:cherry_shelf	block.minecraft.cherry_shelf	minecraft:cherry_shelf
block	minecraft:crimson_shelf	block.minecraft.crimson_shelf	minecraft:crimson_shelf
block	minecraft:dark_oak_shelf	block.minecraft.dark_oak_shelf	minecraft:dark_oak_shelf
block	minecraft:jungle_shelf	block.minecraft.jungle_shelf	minecraft:jungle_shelf
block	minecraft:mangrove_shelf	block.minecraft.mangrove_shelf	minecraft:mangrove_shelf
block	minecraft:oak_shelf	block.minecraft.oak_shelf	minecraft:oak_shelf
block	minecraft:pale_oak_shelf	block.minecraft.pale_oak_shelf	minecraft:pale_oak_shelf
block	minecraft:spruce_shelf	block.minecraft.spruce_shelf	minecraft:spruce_shelf
block	minecraft:warped_shelf	block.minecraft.warped_shelf	minecraft:warped_shelf
block	minecraft:mossy_cobblestone	block.minecraft.mossy_cobblestone	minecraft:mossy_cobblestone
block	minecraft:obsidian	block.minecraft.obsidian	minecraft:obsidian
block	minecraft:torch	block.minecraft.torch	minecraft:torch
block	minecraft:wall_torch	block.minecraft.torch	minecraft:torch
block	minecraft:fire	block.minecraft.fire	minecraft:air
block	minecraft:soul_fire	block.minecraft.soul_fire	minecraft:air
block	minecraft:spawner	block.minecraft.spawner	minecraft:spawner
block	minecraft:creaking_heart	block.minecraft.creaking_heart	minecraft:creaking_heart
block	minecraft:oak_stairs	block.minecraft.oak_stairs	minecraft:oak_stairs
block	minecraft:chest	block.minecraft.chest	minecraft:chest
block	minecraft:redstone_wire	block.minecraft.redstone_wire	minecraft:redstone
block	minecraft:diamond_ore	block.minecraft.diamond_ore	minecraft:diamond_ore
block	minecraft:deepslate_diamond_ore	block.minecraft.deepslate_diamond_ore	minecraft:deepslate_diamond_ore
block	minecraft:diamond_block	block.minecraft.diamond_block	minecraft:diamond_block
block	minecraft:crafting_table	block.minecraft.crafting_table	minecraft:crafting_table
block	minecraft:wheat	block.minecraft.wheat	minecraft:wheat_seeds
block	minecraft:farmland	block.minecraft.farmland	minecraft:farmland
block	minecraft:furnace	block.minecraft.furnace	minecraft:furnace
block	minecraft:oak_sign	block.minecraft.oak_sign	minecraft:oak_sign
block	minecraft:spruce_sign	block.minecraft.spruce_sign	minecraft:spruce_sign
block	minecraft:birch_sign	block.minecraft.birch_sign	minecraft:birch_sign
block	minecraft:acacia_sign	block.minecraft.acacia_sign	minecraft:acacia_sign
block	minecraft:cherry_sign	block.minecraft.cherry_sign	minecraft:cherry_sign
block	minecraft:jungle_sign	block.minecraft.jungle_sign	minecraft:jungle_sign
block	minecraft:dark_oak_sign	block.minecraft.dark_oak_sign	minecraft:dark_oak_sign
block	minecraft:pale_oak_sign	block.minecraft.pale_oak_sign	minecraft:pale_oak_sign
block	minecraft:mangrove_sign	block.minecraft.mangrove_sign	minecraft:mangrove_sign
block	minecraft:bamboo_sign	block.minecraft.bamboo_sign	minecraft:bamboo_sign
block	minecraft:oak_door	block.minecraft.oak_door	minecraft:oak_door
block	minecraft:ladder	block.minecraft.ladder	minecraft:ladder
block	minecraft:rail	block.minecraft.rail	minecraft:rail
block	minecraft:cobblestone_stairs	block.minecraft.cobblestone_stairs	minecraft:cobblestone_stairs
block	minecraft:oak_wall_sign	block.minecraft.oak_sign	minecraft:oak_sign
block	minecraft:spruce_wall_sign	block.minecraft.spruce_sign	minecraft:spruce_sign
block	minecraft:birch_wall_sign	block.minecraft.birch_sign	minecraft:birch_sign
block	minecraft:acacia_wall_sign	block.minecraft.acacia_sign	minecraft:acacia_sign
block	minecraft:cherry_wall_sign	block.minecraft.cherry_sign	minecraft:cherry_sign
block	minecraft:jungle_wall_sign	block.minecraft.jungle_sign	minecraft:jungle_sign
block	minecraft:dark_oak_wall_sign	block.minecraft.dark_oak_sign	minecraft:dark_oak_sign
block	minecraft:pale_oak_wall_sign	block.minecraft.pale_oak_sign	minecraft:pale_oak_sign
block	minecraft:mangrove_wall_sign	block.minecraft.mangrove_sign	minecraft:mangrove_sign
block	minecraft:bamboo_wall_sign	block.minecraft.bamboo_sign	minecraft:bamboo_sign
block	minecraft:oak_hanging_sign	block.minecraft.oak_hanging_sign	minecraft:oak_hanging_sign
block	minecraft:spruce_hanging_sign	block.minecraft.spruce_hanging_sign	minecraft:spruce_hanging_sign
block	minecraft:birch_hanging_sign	block.minecraft.birch_hanging_sign	minecraft:birch_hanging_sign
block	minecraft:acacia_hanging_sign	block.minecraft.acacia_hanging_sign	minecraft:acacia_hanging_sign
block	minecraft:cherry_hanging_sign	block.minecraft.cherry_hanging_sign	minecraft:cherry_hanging_sign
block	minecraft:jungle_hanging_sign	block.minecraft.jungle_hanging_sign	minecraft:jungle_hanging_sign
block	minecraft:dark_oak_hanging_sign	block.minecraft.dark_oak_hanging_sign	minecraft:dark_oak_hanging_sign
block	minecraft:pale_oak_hanging_sign	block.minecraft.pale_oak_hanging_sign	minecraft:pale_oak_hanging_sign
block	minecraft:crimson_hanging_sign	block.minecraft.crimson_hanging_sign	minecraft:crimson_hanging_sign
block	minecraft:warped_hanging_sign	block.minecraft.warped_hanging_sign	minecraft:warped_hanging_sign
block	minecraft:mangrove_hanging_sign	block.minecraft.mangrove_hanging_sign	minecraft:mangrove_hanging_sign
block	minecraft:bamboo_hanging_sign	block.minecraft.bamboo_hanging_sign	minecraft:bamboo_hanging_sign
block	minecraft:oak_wall_hanging_sign	block.minecraft.oak_hanging_sign	minecraft:oak_hanging_sign
block	minecraft:spruce_wall_hanging_sign	block.minecraft.spruce_hanging_sign	minecraft:spruce_hanging_sign
block	minecraft:birch_wall_hanging_sign	block.minecraft.birch_hanging_sign	minecraft:birch_hanging_sign
block	minecraft:acacia_wall_hanging_sign	block.minecraft.acacia_hanging_sign	minecraft:acacia_hanging_sign
block	minecraft:cherry_wall_hanging_sign	block.minecraft.cherry_hanging_sign	minecraft:cherry_hanging_sign
block	minecraft:jungle_wall_hanging_sign	block.minecraft.jungle_hanging_sign	minecraft:jungle_hanging_sign
block	minecraft:dark_oak_wall_hanging_sign	block.minecraft.dark_oak_hanging_sign	minecraft:dark_oak_hanging_sign
block	minecraft:pale_oak_wall_hanging_sign	block.minecraft.pale_oak_hanging_sign	minecraft:pale_oak_hanging_sign
block	minecraft:mangrove_wall_hanging_sign	block.minecraft.mangrove_hanging_sign	minecraft:mangrove_hanging_sign
block	minecraft:crimson_wall_hanging_sign	block.minecraft.crimson_hanging_sign	minecraft:crimson_hanging_sign
block	minecraft:warped_wall_hanging_sign	block.minecraft.warped_hanging_sign	minecraft:warped_hanging_sign
block	minecraft:bamboo_wall_hanging_sign	block.minecraft.bamboo_hanging_sign	minecraft:bamboo_hanging_sign
block	minecraft:lever	block.minecraft.lever	minecraft:lever
block	minecraft:stone_pressure_plate	block.minecraft.stone_pressure_plate	minecraft:stone_pressure_plate
block	minecraft:iron_door	block.minecraft.iron_door	minecraft:iron_door
block	minecraft:oak_pressure_plate	block.minecraft.oak_pressure_plate	minecraft:oak_pressure_plate
block	minecraft:spruce_pressure_plate	block.minecraft.spruce_pressure_plate	minecraft:spruce_pressure_plate
block	minecraft:birch_pressure_plate	block.minecraft.birch_pressure_plate	minecraft:birch_pressure_plate
block	minecraft:jungle_pressure_plate	block.minecraft.jungle_pressure_plate	minecraft:jungle_pressure_plate
block	minecraft:acacia_pressure_plate	block.minecraft.acacia_pressure_plate	minecraft:acacia_pressure_plate
block	minecraft:cherry_pressure_plate	block.minecraft.cherry_pressure_plate	minecraft:cherry_pressure_plate
block	minecraft:dark_oak_pressure_plate	block.minecraft.dark_oak_pressure_plate	minecraft:dark_oak_pressure_plate
block	minecraft:pale_oak_pressure_plate	block.minecraft.pale_oak_pressure_plate	minecraft:pale_oak_pressure_plate
block	minecraft:mangrove_pressure_plate	block.minecraft.mangrove_pressure_plate	minecraft:mangrove_pressure_plate
block	minecraft:bamboo_pressure_plate	block.minecraft.bamboo_pressure_plate	minecraft:bamboo_pressure_plate
block	minecraft:redstone_ore	block.minecraft.redstone_ore	minecraft:redstone_ore
block	minecraft:deepslate_redstone_ore	block.minecraft.deepslate_redstone_ore	minecraft:deepslate_redstone_ore
block	minecraft:redstone_torch	block.minecraft.redstone_torch	minecraft:redstone_torch
block	minecraft:redstone_wall_torch	block.minecraft.redstone_torch	minecraft:redstone_torch
block	minecraft:stone_button	block.minecraft.stone_button	minecraft:stone_button
block	minecraft:snow	block.minecraft.snow	minecraft:snow
block	minecraft:ice	block.minecraft.ice	minecraft:ice
block	minecraft:snow_block	block.minecraft.snow_block	minecraft:snow_block
block	minecraft:cactus	block.minecraft.cactus	minecraft:cactus
block	minecraft:cactus_flower	block.minecraft.cactus_flower	minecraft:cactus_flower
block	minecraft:clay	block.minecraft.clay	minecraft:clay
block	minecraft:sugar_cane	block.minecraft.sugar_cane	minecraft:sugar_cane
block	minecraft:jukebox	block.minecraft.jukebox	minecraft:jukebox
block	minecraft:oak_fence	block.minecraft.oak_fence	minecraft:oak_fence
block	minecraft:netherrack	block.minecraft.netherrack	minecraft:netherrack
block	minecraft:soul_sand	block.minecraft.soul_sand	minecraft:soul_sand
block	minecraft:soul_soil	block.minecraft.soul_soil	minecraft:soul_soil
block	minecraft:basalt	block.minecraft.basalt	minecraft:basalt
block	minecraft:polished_basalt	block.minecraft.polished_basalt	minecraft:polished_basalt
block	minecraft:soul_torch	block.minecraft.soul_torch	minecraft:soul_torch
block	minecraft:soul_wall_torch	block.minecraft.soul_torch	minecraft:soul_torch
block	minecraft:copper_torch	block.minecraft.copper_torch	minecraft:copper_torch
block	minecraft:copper_wall_torch	block.minecraft.copper_torch	minecraft:copper_torch
block	minecraft:glowstone	block.minecraft.glowstone	minecraft:glowstone
block	minecraft:nether_portal	block.minecraft.nether_portal	minecraft:air
block	minecraft:carved_pumpkin	block.minecraft.carved_pumpkin	minecraft:carved_pumpkin
block	minecraft:jack_o_lantern	block.minecraft.jack_o_lantern	minecraft:jack_o_lantern
block	minecraft:cake	block.minecraft.cake	minecraft:cake
block	minecraft:repeater	block.minecraft.repeater	minecraft:repeater
block	minecraft:white_stained_glass	block.minecraft.white_stained_glass	minecraft:white_stained_glass
block	minecraft:orange_stained_glass	block.minecraft.orange_stained_glass	minecraft:orange_stained_glass
block	minecraft:magenta_stained_glass	block.minecraft.magenta_stained_glass	minecraft:magenta_stained_glass
block	minecraft:light_blue_stained_glass	block.minecraft.light_blue_stained_glass	minecraft:light_blue_stained_glass
block	minecraft:yellow_stained_glass	block.minecraft.yellow_stained_glass	minecraft:yellow_stained_glass
block	minecraft:lime_stained_glass	block.minecraft.lime_stained_glass	minecraft:lime_stained_glass
block	minecraft:pink_stained_glass	block.minecraft.pink_stained_glass	minecraft:pink_stained_glass
block	minecraft:gray_stained_glass	block.minecraft.gray_stained_glass	minecraft:gray_stained_glass
block	minecraft:light_gray_stained_glass	block.minecraft.light_gray_stained_glass	minecraft:light_gray_stained_glass
block	minecraft:cyan_stained_glass	block.minecraft.cyan_stained_glass	minecraft:cyan_stained_glass
block	minecraft:purple_stained_glass	block.minecraft.purple_stained_glass	minecraft:purple_stained_glass
block	minecraft:blue_stained_glass	block.minecraft.blue_stained_glass	minecraft:blue_stained_glass
block	minecraft:brown_stained_glass	block.minecraft.brown_stained_glass	minecraft:brown_stained_glass
block	minecraft:green_stained_glass	block.minecraft.green_stained_glass	minecraft:green_stained_glass
block	minecraft:red_stained_glass	block.minecraft.red_stained_glass	minecraft:red_stained_glass
block	minecraft:black_stained_glass	block.minecraft.black_stained_glass	minecraft:black_stained_glass
block	minecraft:oak_trapdoor	block.minecraft.oak_trapdoor	minecraft:oak_trapdoor
block	minecraft:spruce_trapdoor	block.minecraft.spruce_trapdoor	minecraft:spruce_trapdoor
block	minecraft:birch_trapdoor	block.minecraft.birch_trapdoor	minecraft:birch_trapdoor
block	minecraft:jungle_trapdoor	block.minecraft.jungle_trapdoor	minecraft:jungle_trapdoor
block	minecraft:acacia_trapdoor	block.minecraft.acacia_trapdoor	minecraft:acacia_trapdoor
block	minecraft:cherry_trapdoor	block.minecraft.cherry_trapdoor	minecraft:cherry_trapdoor
block	minecraft:dark_oak_trapdoor	block.minecraft.dark_oak_trapdoor	minecraft:dark_oak_trapdoor
block	minecraft:pale_oak_trapdoor	block.minecraft.pale_oak_trapdoor	minecraft:pale_oak_trapdoor
block	minecraft:mangrove_trapdoor	block.minecraft.mangrove_trapdoor	minecraft:mangrove_trapdoor
block	minecraft:bamboo_trapdoor	block.minecraft.bamboo_trapdoor	minecraft:bamboo_trapdoor
block	minecraft:stone_bricks	block.minecraft.stone_bricks	minecraft:stone_bricks
block	minecraft:mossy_stone_bricks	block.minecraft.mossy_stone_bricks	minecraft:mossy_stone_bricks
block	minecraft:cracked_stone_bricks	block.minecraft.cracked_stone_bricks	minecraft:cracked_stone_bricks
block	minecraft:chiseled_stone_bricks	block.minecraft.chiseled_stone_bricks	minecraft:chiseled_stone_bricks
block	minecraft:packed_mud	block.minecraft.packed_mud	minecraft:packed_mud
block	minecraft:mud_bricks	block.minecraft.mud_bricks	minecraft:mud_bricks
block	minecraft:infested_stone	block.minecraft.infested_stone	minecraft:infested_stone
block	minecraft:infested_cobblestone	block.minecraft.infested_cobblestone	minecraft:infested_cobblestone
block	minecraft:infested_stone_bricks	block.minecraft.infested_stone_bricks	minecraft:infested_stone_bricks
block	minecraft:infested_mossy_stone_bricks	block.minecraft.infested_mossy_stone_bricks	minecraft:infested_mossy_stone_bricks
block	minecraft:infested_cracked_stone_bricks	block.minecraft.infested_cracked_stone_bricks	minecraft:infested_cracked_stone_bricks
block	minecraft:infested_chiseled_stone_bricks	block.minecraft.infested_chiseled_stone_bricks	minecraft:infested_chiseled_stone_bricks
block	minecraft:brown_mushroom_block	block.minecraft.brown_mushroom_block	minecraft:brown_mushroom_block
block	minecraft:red_mushroom_block	block.minecraft.red_mushroom_block	minecraft:red_mushroom_block
block	minecraft:mushroom_stem	block.minecraft.mushroom_stem	minecraft:mushroom_stem
block	minecraft:iron_bars	block.minecraft.iron_bars	minecraft:iron_bars
block	minecraft:copper_bars	block.minecraft.copper_bars	minecraft:copper_bars
block	minecraft:exposed_copper_bars	block.minecraft.exposed_copper_bars	minecraft:exposed_copper_bars
block	minecraft:weathered_copper_bars	block.minecraft.weathered_copper_bars	minecraft:weathered_copper_bars
block	minecraft:oxidized_copper_bars	block.minecraft.oxidized_copper_bars	minecraft:oxidized_copper_bars
block	minecraft:waxed_copper_bars	block.minecraft.waxed_copper_bars	minecraft:waxed_copper_bars
block	minecraft:waxed_exposed_copper_bars	block.minecraft.waxed_exposed_copper_bars	minecraft:waxed_exposed_copper_bars
block	minecraft:waxed_weathered_copper_bars	block.minecraft.waxed_weathered_copper_bars	minecraft:waxed_weathered_copper_bars
block	minecraft:waxed_oxidized_copper_bars	block.minecraft.waxed_oxidized_copper_bars	minecraft:waxed_oxidized_copper_bars
block	minecraft:iron_chain	block.minecraft.iron_chain	minecraft:iron_chain
block	minecraft:copper_chain	block.minecraft.copper_chain	minecraft:copper_chain
block	minecraft:exposed_copper_chain	block.minecraft.exposed_copper_chain	minecraft:exposed_copper_chain
block	minecraft:weathered_copper_chain	block.minecraft.weathered_copper_chain	minecraft:weathered_copper_chain
block	minecraft:oxidized_copper_chain	block.minecraft.oxidized_copper_chain	minecraft:oxidized_copper_chain
block	minecraft:waxed_copper_chain	block.minecraft.waxed_copper_chain	minecraft:waxed_copper_chain
block	minecraft:waxed_exposed_copper_chain	block.minecraft.waxed_exposed_copper_chain	minecraft:waxed_exposed_copper_chain
block	minecraft:waxed_weathered_copper_chain	block.minecraft.waxed_weathered_copper_chain	minecraft:waxed_weathered_copper_chain
block	minecraft:waxed_oxidized_copper_chain	block.minecraft.waxed_oxidized_copper_chain	minecraft:waxed_oxidized_copper_chain
block	minecraft:glass_pane	block.minecraft.glass_pane	minecraft:glass_pane
block	minecraft:pumpkin	block.minecraft.pumpkin	minecraft:pumpkin
block	minecraft:melon	block.minecraft.melon	minecraft:melon
block	minecraft:attached_pumpkin_stem	block.minecraft.attached_pumpkin_stem	minecraft:air
block	minecraft:attached_melon_stem	block.minecraft.attached_melon_stem	minecraft:air
block	minecraft:pumpkin_stem	block.minecraft.pumpkin_stem	minecraft:pumpkin_seeds
block	minecraft:melon_stem	block.minecraft.melon_stem	minecraft:melon_seeds
block	minecraft:vine	block.minecraft.vine	minecraft:vine
block	minecraft:glow_lichen	block.minecraft.glow_lichen	minecraft:glow_lichen
block	minecraft:resin_clump	block.minecraft.resin_clump	minecraft:resin_clump
block	minecraft:oak_fence_gate	block.minecraft.oak_fence_gate	minecraft:oak_fence_gate
block	minecraft:brick_stairs	block.minecraft.brick_stairs	minecraft:brick_stairs
block	minecraft:stone_brick_stairs	block.minecraft.stone_brick_stairs	minecraft:stone_brick_stairs
block	minecraft:mud_brick_stairs	block.minecraft.mud_brick_stairs	minecraft:mud_brick_stairs
block	minecraft:mycelium	block.minecraft.mycelium	minecraft:mycelium
block	minecraft:lily_pad	block.minecraft.lily_pad	minecraft:lily_pad
block	minecraft:resin_block	block.minecraft.resin_block	minecraft:resin_block
block	minecraft:resin_bricks	block.minecraft.resin_bricks	minecraft:resin_bricks
block	minecraft:resin_brick_stairs	block.minecraft.resin_brick_stairs	minecraft:resin_brick_stairs
block	minecraft:resin_brick_slab	block.minecraft.resin_brick_slab	minecraft:resin_brick_slab
block	minecraft:resin_brick_wall	block.minecraft.resin_brick_wall	minecraft:resin_brick_wall
block	minecraft:chiseled_resin_bricks	block.minecraft.chiseled_resin_bricks	minecraft:chiseled_resin_bricks
block	minecraft:nether_bricks	block.minecraft.nether_bricks	minecraft:nether_bricks
block	minecraft:nether_brick_fence	block.minecraft.nether_brick_fence	minecraft:nether_brick_fence
block	minecraft:nether_brick_stairs	block.minecraft.nether_brick_stairs	minecraft:nether_brick_stairs
block	minecraft:nether_wart	block.minecraft.nether_wart	minecraft:nether_wart
block	minecraft:enchanting_table	block.minecraft.enchanting_table	minecraft:enchanting_table
block	minecraft:brewing_stand	block.minecraft.brewing_stand	minecraft:brewing_stand
block	minecraft:cauldron	block.minecraft.cauldron	minecraft:cauldron
block	minecraft:water_cauldron	block.minecraft.water_cauldron	minecraft:cauldron
block	minecraft:lava_cauldron	block.minecraft.lava_cauldron	minecraft:cauldron
block	minecraft:powder_snow_cauldron	block.minecraft.powder_snow_cauldron	minecraft:cauldron
block	minecraft:end_portal	block.minecraft.end_portal	minecraft:air
block	minecraft:end_portal_frame	block.minecraft.end_portal_frame	minecraft:end_portal_frame
block	minecraft:end_stone	block.minecraft.end_stone	minecraft:end_stone
block	minecraft:dragon_egg	block.minecraft.dragon_egg	minecraft:dragon_egg
block	minecraft:redstone_lamp	block.minecraft.redstone_lamp	minecraft:redstone_lamp
block	minecraft:cocoa	block.minecraft.cocoa	minecraft:cocoa_beans
block	minecraft:sandstone_stairs	block.minecraft.sandstone_stairs	minecraft:sandstone_stairs
block	minecraft:emerald_ore	block.minecraft.emerald_ore	minecraft:emerald_ore
block	minecraft:deepslate_emerald_ore	block.minecraft.deepslate_emerald_ore	minecraft:deepslate_emerald_ore
block	minecraft:ender_chest	block.minecraft.ender_chest	minecraft:ender_chest
block	minecraft:tripwire_hook	block.minecraft.tripwire_hook	minecraft:tripwire_hook
block	minecraft:tripwire	block.minecraft.tripwire	minecraft:string
block	minecraft:emerald_block	block.minecraft.emerald_block	minecraft:emerald_block
block	minecraft:spruce_stairs	block.minecraft.spruce_stairs	minecraft:spruce_stairs
block	minecraft:birch_stairs	block.minecraft.birch_stairs	minecraft:birch_stairs
block	minecraft:jungle_stairs	block.minecraft.jungle_stairs	minecraft:jungle_stairs
block	minecraft:command_block	block.minecraft.command_block	minecraft:command_block
block	minecraft:beacon	block.minecraft.beacon	minecraft:beacon
block	minecraft:cobblestone_wall	block.minecraft.cobblestone_wall	minecraft:cobblestone_wall
block	minecraft:mossy_cobblestone_wall	block.minecraft.mossy_cobblestone_wall	minecraft:mossy_cobblestone_wall
block	minecraft:flower_pot	block.minecraft.flower_pot	minecraft:flower_pot
block	minecraft:potted_torchflower	block.minecraft.potted_torchflower	minecraft:air
block	minecraft:potted_oak_sapling	block.minecraft.potted_oak_sapling	minecraft:air
block	minecraft:potted_spruce_sapling	block.minecraft.potted_spruce_sapling	minecraft:air
block	minecraft:potted_birch_sapling	block.minecraft.potted_birch_sapling	minecraft:air
block	minecraft:potted_jungle_sapling	block.minecraft.potted_jungle_sapling	minecraft:air
block	minecraft:potted_acacia_sapling	block.minecraft.potted_acacia_sapling	minecraft:air
block	minecraft:potted_cherry_sapling	block.minecraft.potted_cherry_sapling	minecraft:air
block	minecraft:potted_dark_oak_sapling	block.minecraft.potted_dark_oak_sapling	minecraft:air
block	minecraft:potted_pale_oak_sapling	block.minecraft.potted_pale_oak_sapling	minecraft:air
block	minecraft:potted_mangrove_propagule	block.minecraft.potted_mangrove_propagule	minecraft:air
block	minecraft:potted_fern	block.minecraft.potted_fern	minecraft:air
block	minecraft:potted_dandelion	block.minecraft.potted_dandelion	minecraft:air
block	minecraft:potted_golden_dandelion	block.minecraft.potted_golden_dandelion	minecraft:air
block	minecraft:potted_poppy	block.minecraft.potted_poppy	minecraft:air
block	minecraft:potted_blue_orchid	block.minecraft.potted_blue_orchid	minecraft:air
block	minecraft:potted_allium	block.minecraft.potted_allium	minecraft:air
block	minecraft:potted_azure_bluet	block.minecraft.potted_azure_bluet	minecraft:air
block	minecraft:potted_red_tulip	block.minecraft.potted_red_tulip	minecraft:air
block	minecraft:potted_orange_tulip	block.minecraft.potted_orange_tulip	minecraft:air
block	minecraft:potted_white_tulip	block.minecraft.potted_white_tulip	minecraft:air
block	minecraft:potted_pink_tulip	block.minecraft.potted_pink_tulip	minecraft:air
block	minecraft:potted_oxeye_daisy	block.minecraft.potted_oxeye_daisy	minecraft:air
block	minecraft:potted_cornflower	block.minecraft.potted_cornflower	minecraft:air
block	minecraft:potted_lily_of_the_valley	block.minecraft.potted_lily_of_the_valley	minecraft:air
block	minecraft:potted_wither_rose	block.minecraft.potted_wither_rose	minecraft:air
block	minecraft:potted_red_mushroom	block.minecraft.potted_red_mushroom	minecraft:air
block	minecraft:potted_brown_mushroom	block.minecraft.potted_brown_mushroom	minecraft:air
block	minecraft:potted_dead_bush	block.minecraft.potted_dead_bush	minecraft:air
block	minecraft:potted_cactus	block.minecraft.potted_cactus	minecraft:air
block	minecraft:carrots	block.minecraft.carrots	minecraft:carrot
block	minecraft:potatoes	block.minecraft.potatoes	minecraft:potato
block	minecraft:oak_button	block.minecraft.oak_button	minecraft:oak_button
block	minecraft:spruce_button	block.minecraft.spruce_button	minecraft:spruce_button
block	minecraft:birch_button	block.minecraft.birch_button	minecraft:birch_button
block	minecraft:jungle_button	block.minecraft.jungle_button	minecraft:jungle_button
block	minecraft:acacia_button	block.minecraft.acacia_button	minecraft:acacia_button
block	minecraft:cherry_button	block.minecraft.cherry_button	minecraft:cherry_button
block	minecraft:dark_oak_button	block.minecraft.dark_oak_button	minecraft:dark_oak_button
block	minecraft:pale_oak_button	block.minecraft.pale_oak_button	minecraft:pale_oak_button
block	minecraft:mangrove_button	block.minecraft.mangrove_button	minecraft:mangrove_button
block	minecraft:bamboo_button	block.minecraft.bamboo_button	minecraft:bamboo_button
block	minecraft:skeleton_skull	block.minecraft.skeleton_skull	minecraft:skeleton_skull
block	minecraft:skeleton_wall_skull	block.minecraft.skeleton_skull	minecraft:skeleton_skull
block	minecraft:wither_skeleton_skull	block.minecraft.wither_skeleton_skull	minecraft:wither_skeleton_skull
block	minecraft:wither_skeleton_wall_skull	block.minecraft.wither_skeleton_skull	minecraft:wither_skeleton_skull
block	minecraft:zombie_head	block.minecraft.zombie_head	minecraft:zombie_head
block	minecraft:zombie_wall_head	block.minecraft.zombie_head	minecraft:zombie_head
block	minecraft:player_head	block.minecraft.player_head	minecraft:player_head
block	minecraft:player_wall_head	block.minecraft.player_head	minecraft:player_head
block	minecraft:creeper_head	block.minecraft.creeper_head	minecraft:creeper_head
block	minecraft:creeper_wall_head	block.minecraft.creeper_head	minecraft:creeper_head
block	minecraft:dragon_head	block.minecraft.dragon_head	minecraft:dragon_head
block	minecraft:dragon_wall_head	block.minecraft.dragon_head	minecraft:dragon_head
block	minecraft:piglin_head	block.minecraft.piglin_head	minecraft:piglin_head
block	minecraft:piglin_wall_head	block.minecraft.piglin_head	minecraft:piglin_head
block	minecraft:anvil	block.minecraft.anvil	minecraft:anvil
block	minecraft:chipped_anvil	block.minecraft.chipped_anvil	minecraft:chipped_anvil
block	minecraft:damaged_anvil	block.minecraft.damaged_anvil	minecraft:damaged_anvil
block	minecraft:trapped_chest	block.minecraft.trapped_chest	minecraft:trapped_chest
block	minecraft:light_weighted_pressure_plate	block.minecraft.light_weighted_pressure_plate	minecraft:light_weighted_pressure_plate
block	minecraft:heavy_weighted_pressure_plate	block.minecraft.heavy_weighted_pressure_plate	minecraft:heavy_weighted_pressure_plate
block	minecraft:comparator	block.minecraft.comparator	minecraft:comparator
block	minecraft:daylight_detector	block.minecraft.daylight_detector	minecraft:daylight_detector
block	minecraft:redstone_block	block.minecraft.redstone_block	minecraft:redstone_block
block	minecraft:nether_quartz_ore	block.minecraft.nether_quartz_ore	minecraft:nether_quartz_ore
block	minecraft:hopper	block.minecraft.hopper	minecraft:hopper
block	minecraft:quartz_block	block.minecraft.quartz_block	minecraft:quartz_block
block	minecraft:chiseled_quartz_block	block.minecraft.chiseled_quartz_block	minecraft:chiseled_quartz_block
block	minecraft:quartz_pillar	block.minecraft.quartz_pillar	minecraft:quartz_pillar
block	minecraft:quartz_stairs	block.minecraft.quartz_stairs	minecraft:quartz_stairs
block	minecraft:activator_rail	block.minecraft.activator_rail	minecraft:activator_rail
block	minecraft:dropper	block.minecraft.dropper	minecraft:dropper
block	minecraft:white_terracotta	block.minecraft.white_terracotta	minecraft:white_terracotta
block	minecraft:orange_terracotta	block.minecraft.orange_terracotta	minecraft:orange_terracotta
block	minecraft:magenta_terracotta	block.minecraft.magenta_terracotta	minecraft:magenta_terracotta
block	minecraft:light_blue_terracotta	block.minecraft.light_blue_terracotta	minecraft:light_blue_terracotta
block	minecraft:yellow_terracotta	block.minecraft.yellow_terracotta	minecraft:yellow_terracotta
block	minecraft:lime_terracotta	block.minecraft.lime_terracotta	minecraft:lime_terracotta
block	minecraft:pink_terracotta	block.minecraft.pink_terracotta	minecraft:pink_terracotta
block	minecraft:gray_terracotta	block.minecraft.gray_terracotta	minecraft:gray_terracotta
block	minecraft:light_gray_terracotta	block.minecraft.light_gray_terracotta	minecraft:light_gray_terracotta
block	minecraft:cyan_terracotta	block.minecraft.cyan_terracotta	minecraft:cyan_terracotta
block	minecraft:purple_terracotta	block.minecraft.purple_terracotta	minecraft:purple_terracotta
block	minecraft:blue_terracotta	block.minecraft.blue_terracotta	minecraft:blue_terracotta
block	minecraft:brown_terracotta	block.minecraft.brown_terracotta	minecraft:brown_terracotta
block	minecraft:green_terracotta	block.minecraft.green_terracotta	minecraft:green_terracotta
block	minecraft:red_terracotta	block.minecraft.red_terracotta	minecraft:red_terracotta
block	minecraft:black_terracotta	block.minecraft.black_terracotta	minecraft:black_terracotta
block	minecraft:white_stained_glass_pane	block.minecraft.white_stained_glass_pane	minecraft:white_stained_glass_pane
block	minecraft:orange_stained_glass_pane	block.minecraft.orange_stained_glass_pane	minecraft:orange_stained_glass_pane
block	minecraft:magenta_stained_glass_pane	block.minecraft.magenta_stained_glass_pane	minecraft:magenta_stained_glass_pane
block	minecraft:light_blue_stained_glass_pane	block.minecraft.light_blue_stained_glass_pane	minecraft:light_blue_stained_glass_pane
block	minecraft:yellow_stained_glass_pane	block.minecraft.yellow_stained_glass_pane	minecraft:yellow_stained_glass_pane
block	minecraft:lime_stained_glass_pane	block.minecraft.lime_stained_glass_pane	minecraft:lime_stained_glass_pane
block	minecraft:pink_stained_glass_pane	block.minecraft.pink_stained_glass_pane	minecraft:pink_stained_glass_pane
block	minecraft:gray_stained_glass_pane	block.minecraft.gray_stained_glass_pane	minecraft:gray_stained_glass_pane
block	minecraft:light_gray_stained_glass_pane	block.minecraft.light_gray_stained_glass_pane	minecraft:light_gray_stained_glass_pane
block	minecraft:cyan_stained_glass_pane	block.minecraft.cyan_stained_glass_pane	minecraft:cyan_stained_glass_pane
block	minecraft:purple_stained_glass_pane	block.minecraft.purple_stained_glass_pane	minecraft:purple_stained_glass_pane
block	minecraft:blue_stained_glass_pane	block.minecraft.blue_stained_glass_pane	minecraft:blue_stained_glass_pane
block	minecraft:brown_stained_glass_pane	block.minecraft.brown_stained_glass_pane	minecraft:brown_stained_glass_pane
block	minecraft:green_stained_glass_pane	block.minecraft.green_stained_glass_pane	minecraft:green_stained_glass_pane
block	minecraft:red_stained_glass_pane	block.minecraft.red_stained_glass_pane	minecraft:red_stained_glass_pane
block	minecraft:black_stained_glass_pane	block.minecraft.black_stained_glass_pane	minecraft:black_stained_glass_pane
block	minecraft:acacia_stairs	block.minecraft.acacia_stairs	minecraft:acacia_stairs
block	minecraft:cherry_stairs	block.minecraft.cherry_stairs	minecraft:cherry_stairs
block	minecraft:dark_oak_stairs	block.minecraft.dark_oak_stairs	minecraft:dark_oak_stairs
block	minecraft:pale_oak_stairs	block.minecraft.pale_oak_stairs	minecraft:pale_oak_stairs
block	minecraft:mangrove_stairs	block.minecraft.mangrove_stairs	minecraft:mangrove_stairs
block	minecraft:bamboo_stairs	block.minecraft.bamboo_stairs	minecraft:bamboo_stairs
block	minecraft:bamboo_mosaic_stairs	block.minecraft.bamboo_mosaic_stairs	minecraft:bamboo_mosaic_stairs
block	minecraft:slime_block	block.minecraft.slime_block	minecraft:slime_block
block	minecraft:barrier	block.minecraft.barrier	minecraft:barrier
block	minecraft:light	block.minecraft.light	minecraft:light
block	minecraft:iron_trapdoor	block.minecraft.iron_trapdoor	minecraft:iron_trapdoor
block	minecraft:prismarine	block.minecraft.prismarine	minecraft:prismarine
block	minecraft:prismarine_bricks	block.minecraft.prismarine_bricks	minecraft:prismarine_bricks
block	minecraft:dark_prismarine	block.minecraft.dark_prismarine	minecraft:dark_prismarine
block	minecraft:prismarine_stairs	block.minecraft.prismarine_stairs	minecraft:prismarine_stairs
block	minecraft:prismarine_brick_stairs	block.minecraft.prismarine_brick_stairs	minecraft:prismarine_brick_stairs
block	minecraft:dark_prismarine_stairs	block.minecraft.dark_prismarine_stairs	minecraft:dark_prismarine_stairs
block	minecraft:prismarine_slab	block.minecraft.prismarine_slab	minecraft:prismarine_slab
block	minecraft:prismarine_brick_slab	block.minecraft.prismarine_brick_slab	minecraft:prismarine_brick_slab
block	minecraft:dark_prismarine_slab	block.minecraft.dark_prismarine_slab	minecraft:dark_prismarine_slab
block	minecraft:sea_lantern	block.minecraft.sea_lantern	minecraft:sea_lantern
block	minecraft:hay_block	block.minecraft.hay_block	minecraft:hay_block
block	minecraft:white_carpet	block.minecraft.white_carpet	minecraft:white_carpet
block	minecraft:orange_carpet	block.minecraft.orange_carpet	minecraft:orange_carpet
block	minecraft:magenta_carpet	block.minecraft.magenta_carpet	minecraft:magenta_carpet
block	minecraft:light_blue_carpet	block.minecraft.light_blue_carpet	minecraft:light_blue_carpet
block	minecraft:yellow_carpet	block.minecraft.yellow_carpet	minecraft:yellow_carpet
block	minecraft:lime_carpet	block.minecraft.lime_carpet	minecraft:lime_carpet
block	minecraft:pink_carpet	block.minecraft.pink_carpet	minecraft:pink_carpet
block	minecraft:gray_carpet	block.minecraft.gray_carpet	minecraft:gray_carpet
block	minecraft:light_gray_carpet	block.minecraft.light_gray_carpet	minecraft:light_gray_carpet
block	minecraft:cyan_carpet	block.minecraft.cyan_carpet	minecraft:cyan_carpet
block	minecraft:purple_carpet	block.minecraft.purple_carpet	minecraft:purple_carpet
block	minecraft:blue_carpet	block.minecraft.blue_carpet	minecraft:blue_carpet
block	minecraft:brown_carpet	block.minecraft.brown_carpet	minecraft:brown_carpet
block	minecraft:green_carpet	block.minecraft.green_carpet	minecraft:green_carpet
block	minecraft:red_carpet	block.minecraft.red_carpet	minecraft:red_carpet
block	minecraft:black_carpet	block.minecraft.black_carpet	minecraft:black_carpet
block	minecraft:terracotta	block.minecraft.terracotta	minecraft:terracotta
block	minecraft:coal_block	block.minecraft.coal_block	minecraft:coal_block
block	minecraft:packed_ice	block.minecraft.packed_ice	minecraft:packed_ice
block	minecraft:sunflower	block.minecraft.sunflower	minecraft:sunflower
block	minecraft:lilac	block.minecraft.lilac	minecraft:lilac
block	minecraft:rose_bush	block.minecraft.rose_bush	minecraft:rose_bush
block	minecraft:peony	block.minecraft.peony	minecraft:peony
block	minecraft:tall_grass	block.minecraft.tall_grass	minecraft:tall_grass
block	minecraft:large_fern	block.minecraft.large_fern	minecraft:large_fern
block	minecraft:white_banner	block.minecraft.white_banner	minecraft:white_banner
block	minecraft:orange_banner	block.minecraft.orange_banner	minecraft:orange_banner
block	minecraft:magenta_banner	block.minecraft.magenta_banner	minecraft:magenta_banner
block	minecraft:light_blue_banner	block.minecraft.light_blue_banner	minecraft:light_blue_banner
block	minecraft:yellow_banner	block.minecraft.yellow_banner	minecraft:yellow_banner
block	minecraft:lime_banner	block.minecraft.lime_banner	minecraft:lime_banner
block	minecraft:pink_banner	block.minecraft.pink_banner	minecraft:pink_banner
block	minecraft:gray_banner	block.minecraft.gray_banner	minecraft:gray_banner
block	minecraft:light_gray_banner	block.minecraft.light_gray_banner	minecraft:light_gray_banner
block	minecraft:cyan_banner	block.minecraft.cyan_banner	minecraft:cyan_banner
block	minecraft:purple_banner	block.minecraft.purple_banner	minecraft:purple_banner
block	minecraft:blue_banner	block.minecraft.blue_banner	minecraft:blue_banner
block	minecraft:brown_banner	block.minecraft.brown_banner	minecraft:brown_banner
block	minecraft:green_banner	block.minecraft.green_banner	minecraft:green_banner
block	minecraft:red_banner	block.minecraft.red_banner	minecraft:red_banner
block	minecraft:black_banner	block.minecraft.black_banner	minecraft:black_banner
block	minecraft:white_wall_banner	block.minecraft.white_banner	minecraft:white_banner
block	minecraft:orange_wall_banner	block.minecraft.orange_banner	minecraft:orange_banner
block	minecraft:magenta_wall_banner	block.minecraft.magenta_banner	minecraft:magenta_banner
block	minecraft:light_blue_wall_banner	block.minecraft.light_blue_banner	minecraft:light_blue_banner
block	minecraft:yellow_wall_banner	block.minecraft.yellow_banner	minecraft:yellow_banner
block	minecraft:lime_wall_banner	block.minecraft.lime_banner	minecraft:lime_banner
block	minecraft:pink_wall_banner	block.minecraft.pink_banner	minecraft:pink_banner
block	minecraft:gray_wall_banner	block.minecraft.gray_banner	minecraft:gray_banner
block	minecraft:light_gray_wall_banner	block.minecraft.light_gray_banner	minecraft:light_gray_banner
block	minecraft:cyan_wall_banner	block.minecraft.cyan_banner	minecraft:cyan_banner
block	minecraft:purple_wall_banner	block.minecraft.purple_banner	minecraft:purple_banner
block	minecraft:blue_wall_banner	block.minecraft.blue_banner	minecraft:blue_banner
block	minecraft:brown_wall_banner	block.minecraft.brown_banner	minecraft:brown_banner
block	minecraft:green_wall_banner	block.minecraft.green_banner	minecraft:green_banner
block	minecraft:red_wall_banner	block.minecraft.red_banner	minecraft:red_banner
block	minecraft:black_wall_banner	block.minecraft.black_banner	minecraft:black_banner
block	minecraft:red_sandstone	block.minecraft.red_sandstone	minecraft:red_sandstone
block	minecraft:chiseled_red_sandstone	block.minecraft.chiseled_red_sandstone	minecraft:chiseled_red_sandstone
block	minecraft:cut_red_sandstone	block.minecraft.cut_red_sandstone	minecraft:cut_red_sandstone
block	minecraft:red_sandstone_stairs	block.minecraft.red_sandstone_stairs	minecraft:red_sandstone_stairs
block	minecraft:oak_slab	block.minecraft.oak_slab	minecraft:oak_slab
block	minecraft:spruce_slab	block.minecraft.spruce_slab	minecraft:spruce_slab
block	minecraft:birch_slab	block.minecraft.birch_slab	minecraft:birch_slab
block	minecraft:jungle_slab	block.minecraft.jungle_slab	minecraft:jungle_slab
block	minecraft:acacia_slab	block.minecraft.acacia_slab	minecraft:acacia_slab
block	minecraft:cherry_slab	block.minecraft.cherry_slab	minecraft:cherry_slab
block	minecraft:dark_oak_slab	block.minecraft.dark_oak_slab	minecraft:dark_oak_slab
block	minecraft:pale_oak_slab	block.minecraft.pale_oak_slab	minecraft:pale_oak_slab
block	minecraft:mangrove_slab	block.minecraft.mangrove_slab	minecraft:mangrove_slab
block	minecraft:bamboo_slab	block.minecraft.bamboo_slab	minecraft:bamboo_slab
block	minecraft:bamboo_mosaic_slab	block.minecraft.bamboo_mosaic_slab	minecraft:bamboo_mosaic_slab
block	minecraft:stone_slab	block.minecraft.stone_slab	minecraft:stone_slab
block	minecraft:smooth_stone_slab	block.minecraft.smooth_stone_slab	minecraft:smooth_stone_slab
block	minecraft:sandstone_slab	block.minecraft.sandstone_slab	minecraft:sandstone_slab
block	minecraft:cut_sandstone_slab	block.minecraft.cut_sandstone_slab	minecraft:cut_sandstone_slab
block	minecraft:petrified_oak_slab	block.minecraft.petrified_oak_slab	minecraft:petrified_oak_slab
block	minecraft:cobblestone_slab	block.minecraft.cobblestone_slab	minecraft:cobblestone_slab
block	minecraft:brick_slab	block.minecraft.brick_slab	minecraft:brick_slab
block	minecraft:stone_brick_slab	block.minecraft.stone_brick_slab	minecraft:stone_brick_slab
block	minecraft:mud_brick_slab	block.minecraft.mud_brick_slab	minecraft:mud_brick_slab
block	minecraft:nether_brick_slab	block.minecraft.nether_brick_slab	minecraft:nether_brick_slab
block	minecraft:quartz_slab	block.minecraft.quartz_slab	minecraft:quartz_slab
block	minecraft:red_sandstone_slab	block.minecraft.red_sandstone_slab	minecraft:red_sandstone_slab
block	minecraft:cut_red_sandstone_slab	block.minecraft.cut_red_sandstone_slab	minecraft:cut_red_sandstone_slab
block	minecraft:purpur_slab	block.minecraft.purpur_slab	minecraft:purpur_slab
block	minecraft:smooth_stone	block.minecraft.smooth_stone	minecraft:smooth_stone
block	minecraft:smooth_sandstone	block.minecraft.smooth_sandstone	minecraft:smooth_sandstone
block	minecraft:smooth_quartz	block.minecraft.smooth_quartz	minecraft:smooth_quartz
block	minecraft:smooth_red_sandstone	block.minecraft.smooth_red_sandstone	minecraft:smooth_red_sandstone
block	minecraft:spruce_fence_gate	block.minecraft.spruce_fence_gate	minecraft:spruce_fence_gate
block	minecraft:birch_fence_gate	block.minecraft.birch_fence_gate	minecraft:birch_fence_gate
block	minecraft:jungle_fence_gate	block.minecraft.jungle_fence_gate	minecraft:jungle_fence_gate
block	minecraft:acacia_fence_gate	block.minecraft.acacia_fence_gate	minecraft:acacia_fence_gate
block	minecraft:cherry_fence_gate	block.minecraft.cherry_fence_gate	minecraft:cherry_fence_gate
block	minecraft:dark_oak_fence_gate	block.minecraft.dark_oak_fence_gate	minecraft:dark_oak_fence_gate
block	minecraft:pale_oak_fence_gate	block.minecraft.pale_oak_fence_gate	minecraft:pale_oak_fence_gate
block	minecraft:mangrove_fence_gate	block.minecraft.mangrove_fence_gate	minecraft:mangrove_fence_gate
block	minecraft:bamboo_fence_gate	block.minecraft.bamboo_fence_gate	minecraft:bamboo_fence_gate
block	minecraft:spruce_fence	block.minecraft.spruce_fence	minecraft:spruce_fence
block	minecraft:birch_fence	block.minecraft.birch_fence	minecraft:birch_fence
block	minecraft:jungle_fence	block.minecraft.jungle_fence	minecraft:jungle_fence
block	minecraft:acacia_fence	block.minecraft.acacia_fence	minecraft:acacia_fence
block	minecraft:cherry_fence	block.minecraft.cherry_fence	minecraft:cherry_fence
block	minecraft:dark_oak_fence	block.minecraft.dark_oak_fence	minecraft:dark_oak_fence
block	minecraft:pale_oak_fence	block.minecraft.pale_oak_fence	minecraft:pale_oak_fence
block	minecraft:mangrove_fence	block.minecraft.mangrove_fence	minecraft:mangrove_fence
block	minecraft:bamboo_fence	block.minecraft.bamboo_fence	minecraft:bamboo_fence
block	minecraft:spruce_door	block.minecraft.spruce_door	minecraft:spruce_door
block	minecraft:birch_door	block.minecraft.birch_door	minecraft:birch_door
block	minecraft:jungle_door	block.minecraft.jungle_door	minecraft:jungle_door
block	minecraft:acacia_door	block.minecraft.acacia_door	minecraft:acacia_door
block	minecraft:cherry_door	block.minecraft.cherry_door	minecraft:cherry_door
block	minecraft:dark_oak_door	block.minecraft.dark_oak_door	minecraft:dark_oak_door
block	minecraft:pale_oak_door	block.minecraft.pale_oak_door	minecraft:pale_oak_door
block	minecraft:mangrove_door	block.minecraft.mangrove_door	minecraft:mangrove_door
block	minecraft:bamboo_door	block.minecraft.bamboo_door	minecraft:bamboo_door
block	minecraft:end_rod	block.minecraft.end_rod	minecraft:end_rod
block	minecraft:chorus_plant	block.minecraft.chorus_plant	minecraft:chorus_plant
block	minecraft:chorus_flower	block.minecraft.chorus_flower	minecraft:chorus_flower
block	minecraft:purpur_block	block.minecraft.purpur_block	minecraft:purpur_block
block	minecraft:purpur_pillar	block.minecraft.purpur_pillar	minecraft:purpur_pillar
block	minecraft:purpur_stairs	block.minecraft.purpur_stairs	minecraft:purpur_stairs
block	minecraft:end_stone_bricks	block.minecraft.end_stone_bricks	minecraft:end_stone_bricks
block	minecraft:torchflower_crop	block.minecraft.torchflower_crop	minecraft:torchflower_seeds
block	minecraft:pitcher_crop	block.minecraft.pitcher_crop	minecraft:pitcher_pod
block	minecraft:pitcher_plant	block.minecraft.pitcher_plant	minecraft:pitcher_plant
block	minecraft:beetroots	block.minecraft.beetroots	minecraft:beetroot_seeds
block	minecraft:dirt_path	block.minecraft.dirt_path	minecraft:dirt_path
block	minecraft:end_gateway	block.minecraft.end_gateway	minecraft:air
block	minecraft:repeating_command_block	block.minecraft.repeating_command_block	minecraft:repeating_command_block
block	minecraft:chain_command_block	block.minecraft.chain_command_block	minecraft:chain_command_block
block	minecraft:frosted_ice	block.minecraft.frosted_ice	minecraft:air
block	minecraft:magma_block	block.minecraft.magma_block	minecraft:magma_block
block	minecraft:nether_wart_block	block.minecraft.nether_wart_block	minecraft:nether_wart_block
block	minecraft:red_nether_bricks	block.minecraft.red_nether_bricks	minecraft:red_nether_bricks
block	minecraft:bone_block	block.minecraft.bone_block	minecraft:bone_block
block	minecraft:structure_void	block.minecraft.structure_void	minecraft:structure_void
block	minecraft:observer	block.minecraft.observer	minecraft:observer
block	minecraft:shulker_box	block.minecraft.shulker_box	minecraft:shulker_box
block	minecraft:white_shulker_box	block.minecraft.white_shulker_box	minecraft:white_shulker_box
block	minecraft:orange_shulker_box	block.minecraft.orange_shulker_box	minecraft:orange_shulker_box
block	minecraft:magenta_shulker_box	block.minecraft.magenta_shulker_box	minecraft:magenta_shulker_box
block	minecraft:light_blue_shulker_box	block.minecraft.light_blue_shulker_box	minecraft:light_blue_shulker_box
block	minecraft:yellow_shulker_box	block.minecraft.yellow_shulker_box	minecraft:yellow_shulker_box
block	minecraft:lime_shulker_box	block.minecraft.lime_shulker_box	minecraft:lime_shulker_box
block	minecraft:pink_shulker_box	block.minecraft.pink_shulker_box	minecraft:pink_shulker_box
block	minecraft:gray_shulker_box	block.minecraft.gray_shulker_box	minecraft:gray_shulker_box
block	minecraft:light_gray_shulker_box	block.minecraft.light_gray_shulker_box	minecraft:light_gray_shulker_box
block	minecraft:cyan_shulker_box	block.minecraft.cyan_shulker_box	minecraft:cyan_shulker_box
block	minecraft:purple_shulker_box	block.minecraft.purple_shulker_box	minecraft:purple_shulker_box
block	minecraft:blue_shulker_box	block.minecraft.blue_shulker_box	minecraft:blue_shulker_box
block	minecraft:brown_shulker_box	block.minecraft.brown_shulker_box	minecraft:brown_shulker_box
block	minecraft:green_shulker_box	block.minecraft.green_shulker_box	minecraft:green_shulker_box
block	minecraft:red_shulker_box	block.minecraft.red_shulker_box	minecraft:red_shulker_box
block	minecraft:black_shulker_box	block.minecraft.black_shulker_box	minecraft:black_shulker_box
block	minecraft:white_glazed_terracotta	block.minecraft.white_glazed_terracotta	minecraft:white_glazed_terracotta
block	minecraft:orange_glazed_terracotta	block.minecraft.orange_glazed_terracotta	minecraft:orange_glazed_terracotta
block	minecraft:magenta_glazed_terracotta	block.minecraft.magenta_glazed_terracotta	minecraft:magenta_glazed_terracotta
block	minecraft:light_blue_glazed_terracotta	block.minecraft.light_blue_glazed_terracotta	minecraft:light_blue_glazed_terracotta
block	minecraft:yellow_glazed_terracotta	block.minecraft.yellow_glazed_terracotta	minecraft:yellow_glazed_terracotta
block	minecraft:lime_glazed_terracotta	block.minecraft.lime_glazed_terracotta	minecraft:lime_glazed_terracotta
block	minecraft:pink_glazed_terracotta	block.minecraft.pink_glazed_terracotta	minecraft:pink_glazed_terracotta
block	minecraft:gray_glazed_terracotta	block.minecraft.gray_glazed_terracotta	minecraft:gray_glazed_terracotta
block	minecraft:light_gray_glazed_terracotta	block.minecraft.light_gray_glazed_terracotta	minecraft:light_gray_glazed_terracotta
block	minecraft:cyan_glazed_terracotta	block.minecraft.cyan_glazed_terracotta	minecraft:cyan_glazed_terracotta
block	minecraft:purple_glazed_terracotta	block.minecraft.purple_glazed_terracotta	minecraft:purple_glazed_terracotta
block	minecraft:blue_glazed_terracotta	block.minecraft.blue_glazed_terracotta	minecraft:blue_glazed_terracotta
block	minecraft:brown_glazed_terracotta	block.minecraft.brown_glazed_terracotta	minecraft:brown_glazed_terracotta
block	minecraft:green_glazed_terracotta	block.minecraft.green_glazed_terracotta	minecraft:green_glazed_terracotta
block	minecraft:red_glazed_terracotta	block.minecraft.red_glazed_terracotta	minecraft:red_glazed_terracotta
block	minecraft:black_glazed_terracotta	block.minecraft.black_glazed_terracotta	minecraft:black_glazed_terracotta
block	minecraft:white_concrete	block.minecraft.white_concrete	minecraft:white_concrete
block	minecraft:orange_concrete	block.minecraft.orange_concrete	minecraft:orange_concrete
block	minecraft:magenta_concrete	block.minecraft.magenta_concrete	minecraft:magenta_concrete
block	minecraft:light_blue_concrete	block.minecraft.light_blue_concrete	minecraft:light_blue_concrete
block	minecraft:yellow_concrete	block.minecraft.yellow_concrete	minecraft:yellow_concrete
block	minecraft:lime_concrete	block.minecraft.lime_concrete	minecraft:lime_concrete
block	minecraft:pink_concrete	block.minecraft.pink_concrete	minecraft:pink_concrete
block	minecraft:gray_concrete	block.minecraft.gray_concrete	minecraft:gray_concrete
block	minecraft:light_gray_concrete	block.minecraft.light_gray_concrete	minecraft:light_gray_concrete
block	minecraft:cyan_concrete	block.minecraft.cyan_concrete	minecraft:cyan_concrete
block	minecraft:purple_concrete	block.minecraft.purple_concrete	minecraft:purple_concrete
block	minecraft:blue_concrete	block.minecraft.blue_concrete	minecraft:blue_concrete
block	minecraft:brown_concrete	block.minecraft.brown_concrete	minecraft:brown_concrete
block	minecraft:green_concrete	block.minecraft.green_concrete	minecraft:green_concrete
block	minecraft:red_concrete	block.minecraft.red_concrete	minecraft:red_concrete
block	minecraft:black_concrete	block.minecraft.black_concrete	minecraft:black_concrete
block	minecraft:white_concrete_powder	block.minecraft.white_concrete_powder	minecraft:white_concrete_powder
block	minecraft:orange_concrete_powder	block.minecraft.orange_concrete_powder	minecraft:orange_concrete_powder
block	minecraft:magenta_concrete_powder	block.minecraft.magenta_concrete_powder	minecraft:magenta_concrete_powder
block	minecraft:light_blue_concrete_powder	block.minecraft.light_blue_concrete_powder	minecraft:light_blue_concrete_powder
block	minecraft:yellow_concrete_powder	block.minecraft.yellow_concrete_powder	minecraft:yellow_concrete_powder
block	minecraft:lime_concrete_powder	block.minecraft.lime_concrete_powder	minecraft:lime_concrete_powder
block	minecraft:pink_concrete_powder	block.minecraft.pink_concrete_powder	minecraft:pink_concrete_powder
block	minecraft:gray_concrete_powder	block.minecraft.gray_concrete_powder	minecraft:gray_concrete_powder
block	minecraft:light_gray_concrete_powder	block.minecraft.light_gray_concrete_powder	minecraft:light_gray_concrete_powder
block	minecraft:cyan_concrete_powder	block.minecraft.cyan_concrete_powder	minecraft:cyan_concrete_powder
block	minecraft:purple_concrete_powder	block.minecraft.purple_concrete_powder	minecraft:purple_concrete_powder
block	minecraft:blue_concrete_powder	block.minecraft.blue_concrete_powder	minecraft:blue_concrete_powder
block	minecraft:brown_concrete_powder	block.minecraft.brown_concrete_powder	minecraft:brown_concrete_powder
block	minecraft:green_concrete_powder	block.minecraft.green_concrete_powder	minecraft:green_concrete_powder
block	minecraft:red_concrete_powder	block.minecraft.red_concrete_powder	minecraft:red_concrete_powder
block	minecraft:black_concrete_powder	block.minecraft.black_concrete_powder	minecraft:black_concrete_powder
block	minecraft:kelp	block.minecraft.kelp	minecraft:kelp
block	minecraft:kelp_plant	block.minecraft.kelp_plant	minecraft:air
block	minecraft:dried_kelp_block	block.minecraft.dried_kelp_block	minecraft:dried_kelp_block
block	minecraft:turtle_egg	block.minecraft.turtle_egg	minecraft:turtle_egg
block	minecraft:sniffer_egg	block.minecraft.sniffer_egg	minecraft:sniffer_egg
block	minecraft:dried_ghast	block.minecraft.dried_ghast	minecraft:dried_ghast
block	minecraft:dead_tube_coral_block	block.minecraft.dead_tube_coral_block	minecraft:dead_tube_coral_block
block	minecraft:dead_brain_coral_block	block.minecraft.dead_brain_coral_block	minecraft:dead_brain_coral_block
block	minecraft:dead_bubble_coral_block	block.minecraft.dead_bubble_coral_block	minecraft:dead_bubble_coral_block
block	minecraft:dead_fire_coral_block	block.minecraft.dead_fire_coral_block	minecraft:dead_fire_coral_block
block	minecraft:dead_horn_coral_block	block.minecraft.dead_horn_coral_block	minecraft:dead_horn_coral_block
block	minecraft:tube_coral_block	block.minecraft.tube_coral_block	minecraft:tube_coral_block
block	minecraft:brain_coral_block	block.minecraft.brain_coral_block	minecraft:brain_coral_block
block	minecraft:bubble_coral_block	block.minecraft.bubble_coral_block	minecraft:bubble_coral_block
block	minecraft:fire_coral_block	block.minecraft.fire_coral_block	minecraft:fire_coral_block
block	minecraft:horn_coral_block	block.minecraft.horn_coral_block	minecraft:horn_coral_block
block	minecraft:dead_tube_coral	block.minecraft.dead_tube_coral	minecraft:dead_tube_coral
block	minecraft:dead_brain_coral	block.minecraft.dead_brain_coral	minecraft:dead_brain_coral
block	minecraft:dead_bubble_coral	block.minecraft.dead_bubble_coral	minecraft:dead_bubble_coral
block	minecraft:dead_fire_coral	block.minecraft.dead_fire_coral	minecraft:dead_fire_coral
block	minecraft:dead_horn_coral	block.minecraft.dead_horn_coral	minecraft:dead_horn_coral
block	minecraft:tube_coral	block.minecraft.tube_coral	minecraft:tube_coral
block	minecraft:brain_coral	block.minecraft.brain_coral	minecraft:brain_coral
block	minecraft:bubble_coral	block.minecraft.bubble_coral	minecraft:bubble_coral
block	minecraft:fire_coral	block.minecraft.fire_coral	minecraft:fire_coral
block	minecraft:horn_coral	block.minecraft.horn_coral	minecraft:horn_coral
block	minecraft:dead_tube_coral_fan	block.minecraft.dead_tube_coral_fan	minecraft:dead_tube_coral_fan
block	minecraft:dead_brain_coral_fan	block.minecraft.dead_brain_coral_fan	minecraft:dead_brain_coral_fan
block	minecraft:dead_bubble_coral_fan	block.minecraft.dead_bubble_coral_fan	minecraft:dead_bubble_coral_fan
block	minecraft:dead_fire_coral_fan	block.minecraft.dead_fire_coral_fan	minecraft:dead_fire_coral_fan
block	minecraft:dead_horn_coral_fan	block.minecraft.dead_horn_coral_fan	minecraft:dead_horn_coral_fan
block	minecraft:tube_coral_fan	block.minecraft.tube_coral_fan	minecraft:tube_coral_fan
block	minecraft:brain_coral_fan	block.minecraft.brain_coral_fan	minecraft:brain_coral_fan
block	minecraft:bubble_coral_fan	block.minecraft.bubble_coral_fan	minecraft:bubble_coral_fan
block	minecraft:fire_coral_fan	block.minecraft.fire_coral_fan	minecraft:fire_coral_fan
block	minecraft:horn_coral_fan	block.minecraft.horn_coral_fan	minecraft:horn_coral_fan
block	minecraft:dead_tube_coral_wall_fan	block.minecraft.dead_tube_coral_wall_fan	minecraft:dead_tube_coral_fan
block	minecraft:dead_brain_coral_wall_fan	block.minecraft.dead_brain_coral_wall_fan	minecraft:dead_brain_coral_fan
block	minecraft:dead_bubble_coral_wall_fan	block.minecraft.dead_bubble_coral_wall_fan	minecraft:dead_bubble_coral_fan
block	minecraft:dead_fire_coral_wall_fan	block.minecraft.dead_fire_coral_wall_fan	minecraft:dead_fire_coral_fan
block	minecraft:dead_horn_coral_wall_fan	block.minecraft.dead_horn_coral_wall_fan	minecraft:dead_horn_coral_fan
block	minecraft:tube_coral_wall_fan	block.minecraft.tube_coral_wall_fan	minecraft:tube_coral_fan
block	minecraft:brain_coral_wall_fan	block.minecraft.brain_coral_wall_fan	minecraft:brain_coral_fan
block	minecraft:bubble_coral_wall_fan	block.minecraft.bubble_coral_wall_fan	minecraft:bubble_coral_fan
block	minecraft:fire_coral_wall_fan	block.minecraft.fire_coral_wall_fan	minecraft:fire_coral_fan
block	minecraft:horn_coral_wall_fan	block.minecraft.horn_coral_wall_fan	minecraft:horn_coral_fan
block	minecraft:sea_pickle	block.minecraft.sea_pickle	minecraft:sea_pickle
block	minecraft:blue_ice	block.minecraft.blue_ice	minecraft:blue_ice
block	minecraft:conduit	block.minecraft.conduit	minecraft:conduit
block	minecraft:bamboo_sapling	block.minecraft.bamboo_sapling	minecraft:air
block	minecraft:bamboo	block.minecraft.bamboo	minecraft:bamboo
block	minecraft:potted_bamboo	block.minecraft.potted_bamboo	minecraft:air
block	minecraft:void_air	block.minecraft.void_air	minecraft:air
block	minecraft:cave_air	block.minecraft.cave_air	minecraft:air
block	minecraft:bubble_column	block.minecraft.bubble_column	minecraft:air
block	minecraft:polished_granite_stairs	block.minecraft.polished_granite_stairs	minecraft:polished_granite_stairs
block	minecraft:smooth_red_sandstone_stairs	block.minecraft.smooth_red_sandstone_stairs	minecraft:smooth_red_sandstone_stairs
block	minecraft:mossy_stone_brick_stairs	block.minecraft.mossy_stone_brick_stairs	minecraft:mossy_stone_brick_stairs
block	minecraft:polished_diorite_stairs	block.minecraft.polished_diorite_stairs	minecraft:polished_diorite_stairs
block	minecraft:mossy_cobblestone_stairs	block.minecraft.mossy_cobblestone_stairs	minecraft:mossy_cobblestone_stairs
block	minecraft:end_stone_brick_stairs	block.minecraft.end_stone_brick_stairs	minecraft:end_stone_brick_stairs
block	minecraft:stone_stairs	block.minecraft.stone_stairs	minecraft:stone_stairs
block	minecraft:smooth_sandstone_stairs	block.minecraft.smooth_sandstone_stairs	minecraft:smooth_sandstone_stairs
block	minecraft:smooth_quartz_stairs	block.minecraft.smooth_quartz_stairs	minecraft:smooth_quartz_stairs
block	minecraft:granite_stairs	block.minecraft.granite_stairs	minecraft:granite_stairs
block	minecraft:andesite_stairs	block.minecraft.andesite_stairs	minecraft:andesite_stairs
block	minecraft:red_nether_brick_stairs	block.minecraft.red_nether_brick_stairs	minecraft:red_nether_brick_stairs
block	minecraft:polished_andesite_stairs	block.minecraft.polished_andesite_stairs	minecraft:polished_andesite_stairs
block	minecraft:diorite_stairs	block.minecraft.diorite_stairs	minecraft:diorite_stairs
block	minecraft:polished_granite_slab	block.minecraft.polished_granite_slab	minecraft:polished_granite_slab
block	minecraft:smooth_red_sandstone_slab	block.minecraft.smooth_red_sandstone_slab	minecraft:smooth_red_sandstone_slab
block	minecraft:mossy_stone_brick_slab	block.minecraft.mossy_stone_brick_slab	minecraft:mossy_stone_brick_slab
block	minecraft:polished_diorite_slab	block.minecraft.polished_diorite_slab	minecraft:polished_diorite_slab
block	minecraft:mossy_cobblestone_slab	block.minecraft.mossy_cobblestone_slab	minecraft:mossy_cobblestone_slab
block	minecraft:end_stone_brick_slab	block.minecraft.end_stone_brick_slab	minecraft:end_stone_brick_slab
block	minecraft:smooth_sandstone_slab	block.minecraft.smooth_sandstone_slab	minecraft:smooth_sandstone_slab
block	minecraft:smooth_quartz_slab	block.minecraft.smooth_quartz_slab	minecraft:smooth_quartz_slab
block	minecraft:granite_slab	block.minecraft.granite_slab	minecraft:granite_slab
block	minecraft:andesite_slab	block.minecraft.andesite_slab	minecraft:andesite_slab
block	minecraft:red_nether_brick_slab	block.minecraft.red_nether_brick_slab	minecraft:red_nether_brick_slab
block	minecraft:polished_andesite_slab	block.minecraft.polished_andesite_slab	minecraft:polished_andesite_slab
block	minecraft:diorite_slab	block.minecraft.diorite_slab	minecraft:diorite_slab
block	minecraft:brick_wall	block.minecraft.brick_wall	minecraft:brick_wall
block	minecraft:prismarine_wall	block.minecraft.prismarine_wall	minecraft:prismarine_wall
block	minecraft:red_sandstone_wall	block.minecraft.red_sandstone_wall	minecraft:red_sandstone_wall
block	minecraft:mossy_stone_brick_wall	block.minecraft.mossy_stone_brick_wall	minecraft:mossy_stone_brick_wall
block	minecraft:granite_wall	block.minecraft.granite_wall	minecraft:granite_wall
block	minecraft:stone_brick_wall	block.minecraft.stone_brick_wall	minecraft:stone_brick_wall
block	minecraft:mud_brick_wall	block.minecraft.mud_brick_wall	minecraft:mud_brick_wall
block	minecraft:nether_brick_wall	block.minecraft.nether_brick_wall	minecraft:nether_brick_wall
block	minecraft:andesite_wall	block.minecraft.andesite_wall	minecraft:andesite_wall
block	minecraft:red_nether_brick_wall	block.minecraft.red_nether_brick_wall	minecraft:red_nether_brick_wall
block	minecraft:sandstone_wall	block.minecraft.sandstone_wall	minecraft:sandstone_wall
block	minecraft:end_stone_brick_wall	block.minecraft.end_stone_brick_wall	minecraft:end_stone_brick_wall
block	minecraft:diorite_wall	block.minecraft.diorite_wall	minecraft:diorite_wall
block	minecraft:scaffolding	block.minecraft.scaffolding	minecraft:scaffolding
block	minecraft:loom	block.minecraft.loom	minecraft:loom
block	minecraft:barrel	block.minecraft.barrel	minecraft:barrel
block	minecraft:smoker	block.minecraft.smoker	minecraft:smoker
block	minecraft:blast_furnace	block.minecraft.blast_furnace	minecraft:blast_furnace
block	minecraft:cartography_table	block.minecraft.cartography_table	minecraft:cartography_table
block	minecraft:fletching_table	block.minecraft.fletching_table	minecraft:fletching_table
block	minecraft:grindstone	block.minecraft.grindstone	minecraft:grindstone
block	minecraft:lectern	block.minecraft.lectern	minecraft:lectern
block	minecraft:smithing_table	block.minecraft.smithing_table	minecraft:smithing_table
block	minecraft:stonecutter	block.minecraft.stonecutter	minecraft:stonecutter
block	minecraft:bell	block.minecraft.bell	minecraft:bell
block	minecraft:lantern	block.minecraft.lantern	minecraft:lantern
block	minecraft:soul_lantern	block.minecraft.soul_lantern	minecraft:soul_lantern
block	minecraft:copper_lantern	block.minecraft.copper_lantern	minecraft:copper_lantern
block	minecraft:exposed_copper_lantern	block.minecraft.exposed_copper_lantern	minecraft:exposed_copper_lantern
block	minecraft:weathered_copper_lantern	block.minecraft.weathered_copper_lantern	minecraft:weathered_copper_lantern
block	minecraft:oxidized_copper_lantern	block.minecraft.oxidized_copper_lantern	minecraft:oxidized_copper_lantern
block	minecraft:waxed_copper_lantern	block.minecraft.waxed_copper_lantern	minecraft:waxed_copper_lantern
block	minecraft:waxed_exposed_copper_lantern	block.minecraft.waxed_exposed_copper_lantern	minecraft:waxed_exposed_copper_lantern
block	minecraft:waxed_weathered_copper_lantern	block.minecraft.waxed_weathered_copper_lantern	minecraft:waxed_weathered_copper_lantern
block	minecraft:waxed_oxidized_copper_lantern	block.minecraft.waxed_oxidized_copper_lantern	minecraft:waxed_oxidized_copper_lantern
block	minecraft:campfire	block.minecraft.campfire	minecraft:campfire
block	minecraft:soul_campfire	block.minecraft.soul_campfire	minecraft:soul_campfire
block	minecraft:sweet_berry_bush	block.minecraft.sweet_berry_bush	minecraft:sweet_berries
block	minecraft:warped_stem	block.minecraft.warped_stem	minecraft:warped_stem
block	minecraft:stripped_warped_stem	block.minecraft.stripped_warped_stem	minecraft:stripped_warped_stem
block	minecraft:warped_hyphae	block.minecraft.warped_hyphae	minecraft:warped_hyphae
block	minecraft:stripped_warped_hyphae	block.minecraft.stripped_warped_hyphae	minecraft:stripped_warped_hyphae
block	minecraft:warped_nylium	block.minecraft.warped_nylium	minecraft:warped_nylium
block	minecraft:warped_fungus	block.minecraft.warped_fungus	minecraft:warped_fungus
block	minecraft:warped_wart_block	block.minecraft.warped_wart_block	minecraft:warped_wart_block
block	minecraft:warped_roots	block.minecraft.warped_roots	minecraft:warped_roots
block	minecraft:nether_sprouts	block.minecraft.nether_sprouts	minecraft:nether_sprouts
block	minecraft:crimson_stem	block.minecraft.crimson_stem	minecraft:crimson_stem
block	minecraft:stripped_crimson_stem	block.minecraft.stripped_crimson_stem	minecraft:stripped_crimson_stem
block	minecraft:crimson_hyphae	block.minecraft.crimson_hyphae	minecraft:crimson_hyphae
block	minecraft:stripped_crimson_hyphae	block.minecraft.stripped_crimson_hyphae	minecraft:stripped_crimson_hyphae
block	minecraft:crimson_nylium	block.minecraft.crimson_nylium	minecraft:crimson_nylium
block	minecraft:crimson_fungus	block.minecraft.crimson_fungus	minecraft:crimson_fungus
block	minecraft:shroomlight	block.minecraft.shroomlight	minecraft:shroomlight
block	minecraft:weeping_vines	block.minecraft.weeping_vines	minecraft:weeping_vines
block	minecraft:weeping_vines_plant	block.minecraft.weeping_vines_plant	minecraft:air
block	minecraft:twisting_vines	block.minecraft.twisting_vines	minecraft:twisting_vines
block	minecraft:twisting_vines_plant	block.minecraft.twisting_vines_plant	minecraft:air
block	minecraft:crimson_roots	block.minecraft.crimson_roots	minecraft:crimson_roots
block	minecraft:crimson_planks	block.minecraft.crimson_planks	minecraft:crimson_planks
block	minecraft:warped_planks	block.minecraft.warped_planks	minecraft:warped_planks
block	minecraft:crimson_slab	block.minecraft.crimson_slab	minecraft:crimson_slab
block	minecraft:warped_slab	block.minecraft.warped_slab	minecraft:warped_slab
block	minecraft:crimson_pressure_plate	block.minecraft.crimson_pressure_plate	minecraft:crimson_pressure_plate
block	minecraft:warped_pressure_plate	block.minecraft.warped_pressure_plate	minecraft:warped_pressure_plate
block	minecraft:crimson_fence	block.minecraft.crimson_fence	minecraft:crimson_fence
block	minecraft:warped_fence	block.minecraft.warped_fence	minecraft:warped_fence
block	minecraft:crimson_trapdoor	block.minecraft.crimson_trapdoor	minecraft:crimson_trapdoor
block	minecraft:warped_trapdoor	block.minecraft.warped_trapdoor	minecraft:warped_trapdoor
block	minecraft:crimson_fence_gate	block.minecraft.crimson_fence_gate	minecraft:crimson_fence_gate
block	minecraft:warped_fence_gate	block.minecraft.warped_fence_gate	minecraft:warped_fence_gate
block	minecraft:crimson_stairs	block.minecraft.crimson_stairs	minecraft:crimson_stairs
block	minecraft:warped_stairs	block.minecraft.warped_stairs	minecraft:warped_stairs
block	minecraft:crimson_button	block.minecraft.crimson_button	minecraft:crimson_button
block	minecraft:warped_button	block.minecraft.warped_button	minecraft:warped_button
block	minecraft:crimson_door	block.minecraft.crimson_door	minecraft:crimson_door
block	minecraft:warped_door	block.minecraft.warped_door	minecraft:warped_door
block	minecraft:crimson_sign	block.minecraft.crimson_sign	minecraft:crimson_sign
block	minecraft:warped_sign	block.minecraft.warped_sign	minecraft:warped_sign
block	minecraft:crimson_wall_sign	block.minecraft.crimson_sign	minecraft:crimson_sign
block	minecraft:warped_wall_sign	block.minecraft.warped_sign	minecraft:warped_sign
block	minecraft:structure_block	block.minecraft.structure_block	minecraft:structure_block
block	minecraft:jigsaw	block.minecraft.jigsaw	minecraft:jigsaw
block	minecraft:test_block	block.minecraft.test_block	minecraft:test_block
block	minecraft:test_instance_block	block.minecraft.test_instance_block	minecraft:test_instance_block
block	minecraft:composter	block.minecraft.composter	minecraft:composter
block	minecraft:target	block.minecraft.target	minecraft:target
block	minecraft:bee_nest	block.minecraft.bee_nest	minecraft:bee_nest
block	minecraft:beehive	block.minecraft.beehive	minecraft:beehive
block	minecraft:honey_block	block.minecraft.honey_block	minecraft:honey_block
block	minecraft:honeycomb_block	block.minecraft.honeycomb_block	minecraft:honeycomb_block
block	minecraft:netherite_block	block.minecraft.netherite_block	minecraft:netherite_block
block	minecraft:ancient_debris	block.minecraft.ancient_debris	minecraft:ancient_debris
block	minecraft:crying_obsidian	block.minecraft.crying_obsidian	minecraft:crying_obsidian
block	minecraft:respawn_anchor	block.minecraft.respawn_anchor	minecraft:respawn_anchor
block	minecraft:potted_crimson_fungus	block.minecraft.potted_crimson_fungus	minecraft:air
block	minecraft:potted_warped_fungus	block.minecraft.potted_warped_fungus	minecraft:air
block	minecraft:potted_crimson_roots	block.minecraft.potted_crimson_roots	minecraft:air
block	minecraft:potted_warped_roots	block.minecraft.potted_warped_roots	minecraft:air
block	minecraft:lodestone	block.minecraft.lodestone	minecraft:lodestone
block	minecraft:blackstone	block.minecraft.blackstone	minecraft:blackstone
block	minecraft:blackstone_stairs	block.minecraft.blackstone_stairs	minecraft:blackstone_stairs
block	minecraft:blackstone_wall	block.minecraft.blackstone_wall	minecraft:blackstone_wall
block	minecraft:blackstone_slab	block.minecraft.blackstone_slab	minecraft:blackstone_slab
block	minecraft:polished_blackstone	block.minecraft.polished_blackstone	minecraft:polished_blackstone
block	minecraft:polished_blackstone_bricks	block.minecraft.polished_blackstone_bricks	minecraft:polished_blackstone_bricks
block	minecraft:cracked_polished_blackstone_bricks	block.minecraft.cracked_polished_blackstone_bricks	minecraft:cracked_polished_blackstone_bricks
block	minecraft:chiseled_polished_blackstone	block.minecraft.chiseled_polished_blackstone	minecraft:chiseled_polished_blackstone
block	minecraft:polished_blackstone_brick_slab	block.minecraft.polished_blackstone_brick_slab	minecraft:polished_blackstone_brick_slab
block	minecraft:polished_blackstone_brick_stairs	block.minecraft.polished_blackstone_brick_stairs	minecraft:polished_blackstone_brick_stairs
block	minecraft:polished_blackstone_brick_wall	block.minecraft.polished_blackstone_brick_wall	minecraft:polished_blackstone_brick_wall
block	minecraft:gilded_blackstone	block.minecraft.gilded_blackstone	minecraft:gilded_blackstone
block	minecraft:polished_blackstone_stairs	block.minecraft.polished_blackstone_stairs	minecraft:polished_blackstone_stairs
block	minecraft:polished_blackstone_slab	block.minecraft.polished_blackstone_slab	minecraft:polished_blackstone_slab
block	minecraft:polished_blackstone_pressure_plate	block.minecraft.polished_blackstone_pressure_plate	minecraft:polished_blackstone_pressure_plate
block	minecraft:polished_blackstone_button	block.minecraft.polished_blackstone_button	minecraft:polished_blackstone_button
block	minecraft:polished_blackstone_wall	block.minecraft.polished_blackstone_wall	minecraft:polished_blackstone_wall
block	minecraft:chiseled_nether_bricks	block.minecraft.chiseled_nether_bricks	minecraft:chiseled_nether_bricks
block	minecraft:cracked_nether_bricks	block.minecraft.cracked_nether_bricks	minecraft:cracked_nether_bricks
block	minecraft:quartz_bricks	block.minecraft.quartz_bricks	minecraft:quartz_bricks
block	minecraft:candle	block.minecraft.candle	minecraft:candle
block	minecraft:white_candle	block.minecraft.white_candle	minecraft:white_candle
block	minecraft:orange_candle	block.minecraft.orange_candle	minecraft:orange_candle
block	minecraft:magenta_candle	block.minecraft.magenta_candle	minecraft:magenta_candle
block	minecraft:light_blue_candle	block.minecraft.light_blue_candle	minecraft:light_blue_candle
block	minecraft:yellow_candle	block.minecraft.yellow_candle	minecraft:yellow_candle
block	minecraft:lime_candle	block.minecraft.lime_candle	minecraft:lime_candle
block	minecraft:pink_candle	block.minecraft.pink_candle	minecraft:pink_candle
block	minecraft:gray_candle	block.minecraft.gray_candle	minecraft:gray_candle
block	minecraft:light_gray_candle	block.minecraft.light_gray_candle	minecraft:light_gray_candle
block	minecraft:cyan_candle	block.minecraft.cyan_candle	minecraft:cyan_candle
block	minecraft:purple_candle	block.minecraft.purple_candle	minecraft:purple_candle
block	minecraft:blue_candle	block.minecraft.blue_candle	minecraft:blue_candle
block	minecraft:brown_candle	block.minecraft.brown_candle	minecraft:brown_candle
block	minecraft:green_candle	block.minecraft.green_candle	minecraft:green_candle
block	minecraft:red_candle	block.minecraft.red_candle	minecraft:red_candle
block	minecraft:black_candle	block.minecraft.black_candle	minecraft:black_candle
block	minecraft:candle_cake	block.minecraft.candle_cake	minecraft:air
block	minecraft:white_candle_cake	block.minecraft.white_candle_cake	minecraft:air
block	minecraft:orange_candle_cake	block.minecraft.orange_candle_cake	minecraft:air
block	minecraft:magenta_candle_cake	block.minecraft.magenta_candle_cake	minecraft:air
block	minecraft:light_blue_candle_cake	block.minecraft.light_blue_candle_cake	minecraft:air
block	minecraft:yellow_candle_cake	block.minecraft.yellow_candle_cake	minecraft:air
block	minecraft:lime_candle_cake	block.minecraft.lime_candle_cake	minecraft:air
block	minecraft:pink_candle_cake	block.minecraft.pink_candle_cake	minecraft:air
block	minecraft:gray_candle_cake	block.minecraft.gray_candle_cake	minecraft:air
block	minecraft:light_gray_candle_cake	block.minecraft.light_gray_candle_cake	minecraft:air
block	minecraft:cyan_candle_cake	block.minecraft.cyan_candle_cake	minecraft:air
block	minecraft:purple_candle_cake	block.minecraft.purple_candle_cake	minecraft:air
block	minecraft:blue_candle_cake	block.minecraft.blue_candle_cake	minecraft:air
block	minecraft:brown_candle_cake	block.minecraft.brown_candle_cake	minecraft:air
block	minecraft:green_candle_cake	block.minecraft.green_candle_cake	minecraft:air
block	minecraft:red_candle_cake	block.minecraft.red_candle_cake	minecraft:air
block	minecraft:black_candle_cake	block.minecraft.black_candle_cake	minecraft:air
block	minecraft:amethyst_block	block.minecraft.amethyst_block	minecraft:amethyst_block
block	minecraft:budding_amethyst	block.minecraft.budding_amethyst	minecraft:budding_amethyst
block	minecraft:amethyst_cluster	block.minecraft.amethyst_cluster	minecraft:amethyst_cluster
block	minecraft:large_amethyst_bud	block.minecraft.large_amethyst_bud	minecraft:large_amethyst_bud
block	minecraft:medium_amethyst_bud	block.minecraft.medium_amethyst_bud	minecraft:medium_amethyst_bud
block	minecraft:small_amethyst_bud	block.minecraft.small_amethyst_bud	minecraft:small_amethyst_bud
block	minecraft:tuff	block.minecraft.tuff	minecraft:tuff
block	minecraft:tuff_slab	block.minecraft.tuff_slab	minecraft:tuff_slab
block	minecraft:tuff_stairs	block.minecraft.tuff_stairs	minecraft:tuff_stairs
block	minecraft:tuff_wall	block.minecraft.tuff_wall	minecraft:tuff_wall
block	minecraft:polished_tuff	block.minecraft.polished_tuff	minecraft:polished_tuff
block	minecraft:polished_tuff_slab	block.minecraft.polished_tuff_slab	minecraft:polished_tuff_slab
block	minecraft:polished_tuff_stairs	block.minecraft.polished_tuff_stairs	minecraft:polished_tuff_stairs
block	minecraft:polished_tuff_wall	block.minecraft.polished_tuff_wall	minecraft:polished_tuff_wall
block	minecraft:chiseled_tuff	block.minecraft.chiseled_tuff	minecraft:chiseled_tuff
block	minecraft:tuff_bricks	block.minecraft.tuff_bricks	minecraft:tuff_bricks
block	minecraft:tuff_brick_slab	block.minecraft.tuff_brick_slab	minecraft:tuff_brick_slab
block	minecraft:tuff_brick_stairs	block.minecraft.tuff_brick_stairs	minecraft:tuff_brick_stairs
block	minecraft:tuff_brick_wall	block.minecraft.tuff_brick_wall	minecraft:tuff_brick_wall
block	minecraft:chiseled_tuff_bricks	block.minecraft.chiseled_tuff_bricks	minecraft:chiseled_tuff_bricks
block	minecraft:sulfur	block.minecraft.sulfur	minecraft:sulfur
block	minecraft:potent_sulfur	block.minecraft.potent_sulfur	minecraft:potent_sulfur
block	minecraft:sulfur_slab	block.minecraft.sulfur_slab	minecraft:sulfur_slab
block	minecraft:sulfur_stairs	block.minecraft.sulfur_stairs	minecraft:sulfur_stairs
block	minecraft:sulfur_wall	block.minecraft.sulfur_wall	minecraft:sulfur_wall
block	minecraft:polished_sulfur	block.minecraft.polished_sulfur	minecraft:polished_sulfur
block	minecraft:polished_sulfur_slab	block.minecraft.polished_sulfur_slab	minecraft:polished_sulfur_slab
block	minecraft:polished_sulfur_stairs	block.minecraft.polished_sulfur_stairs	minecraft:polished_sulfur_stairs
block	minecraft:polished_sulfur_wall	block.minecraft.polished_sulfur_wall	minecraft:polished_sulfur_wall
block	minecraft:sulfur_bricks	block.minecraft.sulfur_bricks	minecraft:sulfur_bricks
block	minecraft:sulfur_brick_slab	block.minecraft.sulfur_brick_slab	minecraft:sulfur_brick_slab
block	minecraft:sulfur_brick_stairs	block.minecraft.sulfur_brick_stairs	minecraft:sulfur_brick_stairs
block	minecraft:sulfur_brick_wall	block.minecraft.sulfur_brick_wall	minecraft:sulfur_brick_wall
block	minecraft:chiseled_sulfur	block.minecraft.chiseled_sulfur	minecraft:chiseled_sulfur
block	minecraft:cinnabar	block.minecraft.cinnabar	minecraft:cinnabar
block	minecraft:cinnabar_slab	block.minecraft.cinnabar_slab	minecraft:cinnabar_slab
block	minecraft:cinnabar_stairs	block.minecraft.cinnabar_stairs	minecraft:cinnabar_stairs
block	minecraft:cinnabar_wall	block.minecraft.cinnabar_wall	minecraft:cinnabar_wall
block	minecraft:polished_cinnabar	block.minecraft.polished_cinnabar	minecraft:polished_cinnabar
block	minecraft:polished_cinnabar_slab	block.minecraft.polished_cinnabar_slab	minecraft:polished_cinnabar_slab
block	minecraft:polished_cinnabar_stairs	block.minecraft.polished_cinnabar_stairs	minecraft:polished_cinnabar_stairs
block	minecraft:polished_cinnabar_wall	block.minecraft.polished_cinnabar_wall	minecraft:polished_cinnabar_wall
block	minecraft:cinnabar_bricks	block.minecraft.cinnabar_bricks	minecraft:cinnabar_bricks
block	minecraft:cinnabar_brick_slab	block.minecraft.cinnabar_brick_slab	minecraft:cinnabar_brick_slab
block	minecraft:cinnabar_brick_stairs	block.minecraft.cinnabar_brick_stairs	minecraft:cinnabar_brick_stairs
block	minecraft:cinnabar_brick_wall	block.minecraft.cinnabar_brick_wall	minecraft:cinnabar_brick_wall
block	minecraft:chiseled_cinnabar	block.minecraft.chiseled_cinnabar	minecraft:chiseled_cinnabar
block	minecraft:calcite	block.minecraft.calcite	minecraft:calcite
block	minecraft:tinted_glass	block.minecraft.tinted_glass	minecraft:tinted_glass
block	minecraft:powder_snow	block.minecraft.powder_snow	minecraft:powder_snow_bucket
block	minecraft:sculk_sensor	block.minecraft.sculk_sensor	minecraft:sculk_sensor
block	minecraft:calibrated_sculk_sensor	block.minecraft.calibrated_sculk_sensor	minecraft:calibrated_sculk_sensor
block	minecraft:sculk	block.minecraft.sculk	minecraft:sculk
block	minecraft:sculk_vein	block.minecraft.sculk_vein	minecraft:sculk_vein
block	minecraft:sculk_catalyst	block.minecraft.sculk_catalyst	minecraft:sculk_catalyst
block	minecraft:sculk_shrieker	block.minecraft.sculk_shrieker	minecraft:sculk_shrieker
block	minecraft:copper_block	block.minecraft.copper_block	minecraft:copper_block
block	minecraft:exposed_copper	block.minecraft.exposed_copper	minecraft:exposed_copper
block	minecraft:weathered_copper	block.minecraft.weathered_copper	minecraft:weathered_copper
block	minecraft:oxidized_copper	block.minecraft.oxidized_copper	minecraft:oxidized_copper
block	minecraft:waxed_copper_block	block.minecraft.waxed_copper_block	minecraft:waxed_copper_block
block	minecraft:waxed_exposed_copper	block.minecraft.waxed_exposed_copper	minecraft:waxed_exposed_copper
block	minecraft:waxed_weathered_copper	block.minecraft.waxed_weathered_copper	minecraft:waxed_weathered_copper
block	minecraft:waxed_oxidized_copper	block.minecraft.waxed_oxidized_copper	minecraft:waxed_oxidized_copper
block	minecraft:copper_ore	block.minecraft.copper_ore	minecraft:copper_ore
block	minecraft:deepslate_copper_ore	block.minecraft.deepslate_copper_ore	minecraft:deepslate_copper_ore
block	minecraft:cut_copper	block.minecraft.cut_copper	minecraft:cut_copper
block	minecraft:exposed_cut_copper	block.minecraft.exposed_cut_copper	minecraft:exposed_cut_copper
block	minecraft:weathered_cut_copper	block.minecraft.weathered_cut_copper	minecraft:weathered_cut_copper
block	minecraft:oxidized_cut_copper	block.minecraft.oxidized_cut_copper	minecraft:oxidized_cut_copper
block	minecraft:waxed_cut_copper	block.minecraft.waxed_cut_copper	minecraft:waxed_cut_copper
block	minecraft:waxed_exposed_cut_copper	block.minecraft.waxed_exposed_cut_copper	minecraft:waxed_exposed_cut_copper
block	minecraft:waxed_weathered_cut_copper	block.minecraft.waxed_weathered_cut_copper	minecraft:waxed_weathered_cut_copper
block	minecraft:waxed_oxidized_cut_copper	block.minecraft.waxed_oxidized_cut_copper	minecraft:waxed_oxidized_cut_copper
block	minecraft:chiseled_copper	block.minecraft.chiseled_copper	minecraft:chiseled_copper
block	minecraft:exposed_chiseled_copper	block.minecraft.exposed_chiseled_copper	minecraft:exposed_chiseled_copper
block	minecraft:weathered_chiseled_copper	block.minecraft.weathered_chiseled_copper	minecraft:weathered_chiseled_copper
block	minecraft:oxidized_chiseled_copper	block.minecraft.oxidized_chiseled_copper	minecraft:oxidized_chiseled_copper
block	minecraft:waxed_chiseled_copper	block.minecraft.waxed_chiseled_copper	minecraft:waxed_chiseled_copper
block	minecraft:waxed_exposed_chiseled_copper	block.minecraft.waxed_exposed_chiseled_copper	minecraft:waxed_exposed_chiseled_copper
block	minecraft:waxed_weathered_chiseled_copper	block.minecraft.waxed_weathered_chiseled_copper	minecraft:waxed_weathered_chiseled_copper
block	minecraft:waxed_oxidized_chiseled_copper	block.minecraft.waxed_oxidized_chiseled_copper	minecraft:waxed_oxidized_chiseled_copper
block	minecraft:cut_copper_stairs	block.minecraft.cut_copper_stairs	minecraft:cut_copper_stairs
block	minecraft:exposed_cut_copper_stairs	block.minecraft.exposed_cut_copper_stairs	minecraft:exposed_cut_copper_stairs
block	minecraft:weathered_cut_copper_stairs	block.minecraft.weathered_cut_copper_stairs	minecraft:weathered_cut_copper_stairs
block	minecraft:oxidized_cut_copper_stairs	block.minecraft.oxidized_cut_copper_stairs	minecraft:oxidized_cut_copper_stairs
block	minecraft:waxed_cut_copper_stairs	block.minecraft.waxed_cut_copper_stairs	minecraft:waxed_cut_copper_stairs
block	minecraft:waxed_exposed_cut_copper_stairs	block.minecraft.waxed_exposed_cut_copper_stairs	minecraft:waxed_exposed_cut_copper_stairs
block	minecraft:waxed_weathered_cut_copper_stairs	block.minecraft.waxed_weathered_cut_copper_stairs	minecraft:waxed_weathered_cut_copper_stairs
block	minecraft:waxed_oxidized_cut_copper_stairs	block.minecraft.waxed_oxidized_cut_copper_stairs	minecraft:waxed_oxidized_cut_copper_stairs
block	minecraft:cut_copper_slab	block.minecraft.cut_copper_slab	minecraft:cut_copper_slab
block	minecraft:exposed_cut_copper_slab	block.minecraft.exposed_cut_copper_slab	minecraft:exposed_cut_copper_slab
block	minecraft:weathered_cut_copper_slab	block.minecraft.weathered_cut_copper_slab	minecraft:weathered_cut_copper_slab
block	minecraft:oxidized_cut_copper_slab	block.minecraft.oxidized_cut_copper_slab	minecraft:oxidized_cut_copper_slab
block	minecraft:waxed_cut_copper_slab	block.minecraft.waxed_cut_copper_slab	minecraft:waxed_cut_copper_slab
block	minecraft:waxed_exposed_cut_copper_slab	block.minecraft.waxed_exposed_cut_copper_slab	minecraft:waxed_exposed_cut_copper_slab
block	minecraft:waxed_weathered_cut_copper_slab	block.minecraft.waxed_weathered_cut_copper_slab	minecraft:waxed_weathered_cut_copper_slab
block	minecraft:waxed_oxidized_cut_copper_slab	block.minecraft.waxed_oxidized_cut_copper_slab	minecraft:waxed_oxidized_cut_copper_slab
block	minecraft:copper_door	block.minecraft.copper_door	minecraft:copper_door
block	minecraft:exposed_copper_door	block.minecraft.exposed_copper_door	minecraft:exposed_copper_door
block	minecraft:weathered_copper_door	block.minecraft.weathered_copper_door	minecraft:weathered_copper_door
block	minecraft:oxidized_copper_door	block.minecraft.oxidized_copper_door	minecraft:oxidized_copper_door
block	minecraft:waxed_copper_door	block.minecraft.waxed_copper_door	minecraft:waxed_copper_door
block	minecraft:waxed_exposed_copper_door	block.minecraft.waxed_exposed_copper_door	minecraft:waxed_exposed_copper_door
block	minecraft:waxed_weathered_copper_door	block.minecraft.waxed_weathered_copper_door	minecraft:waxed_weathered_copper_door
block	minecraft:waxed_oxidized_copper_door	block.minecraft.waxed_oxidized_copper_door	minecraft:waxed_oxidized_copper_door
block	minecraft:copper_trapdoor	block.minecraft.copper_trapdoor	minecraft:copper_trapdoor
block	minecraft:exposed_copper_trapdoor	block.minecraft.exposed_copper_trapdoor	minecraft:exposed_copper_trapdoor
block	minecraft:weathered_copper_trapdoor	block.minecraft.weathered_copper_trapdoor	minecraft:weathered_copper_trapdoor
block	minecraft:oxidized_copper_trapdoor	block.minecraft.oxidized_copper_trapdoor	minecraft:oxidized_copper_trapdoor
block	minecraft:waxed_copper_trapdoor	block.minecraft.waxed_copper_trapdoor	minecraft:waxed_copper_trapdoor
block	minecraft:waxed_exposed_copper_trapdoor	block.minecraft.waxed_exposed_copper_trapdoor	minecraft:waxed_exposed_copper_trapdoor
block	minecraft:waxed_weathered_copper_trapdoor	block.minecraft.waxed_weathered_copper_trapdoor	minecraft:waxed_weathered_copper_trapdoor
block	minecraft:waxed_oxidized_copper_trapdoor	block.minecraft.waxed_oxidized_copper_trapdoor	minecraft:waxed_oxidized_copper_trapdoor
block	minecraft:copper_grate	block.minecraft.copper_grate	minecraft:copper_grate
block	minecraft:exposed_copper_grate	block.minecraft.exposed_copper_grate	minecraft:exposed_copper_grate
block	minecraft:weathered_copper_grate	block.minecraft.weathered_copper_grate	minecraft:weathered_copper_grate
block	minecraft:oxidized_copper_grate	block.minecraft.oxidized_copper_grate	minecraft:oxidized_copper_grate
block	minecraft:waxed_copper_grate	block.minecraft.waxed_copper_grate	minecraft:waxed_copper_grate
block	minecraft:waxed_exposed_copper_grate	block.minecraft.waxed_exposed_copper_grate	minecraft:waxed_exposed_copper_grate
block	minecraft:waxed_weathered_copper_grate	block.minecraft.waxed_weathered_copper_grate	minecraft:waxed_weathered_copper_grate
block	minecraft:waxed_oxidized_copper_grate	block.minecraft.waxed_oxidized_copper_grate	minecraft:waxed_oxidized_copper_grate
block	minecraft:copper_bulb	block.minecraft.copper_bulb	minecraft:copper_bulb
block	minecraft:exposed_copper_bulb	block.minecraft.exposed_copper_bulb	minecraft:exposed_copper_bulb
block	minecraft:weathered_copper_bulb	block.minecraft.weathered_copper_bulb	minecraft:weathered_copper_bulb
block	minecraft:oxidized_copper_bulb	block.minecraft.oxidized_copper_bulb	minecraft:oxidized_copper_bulb
block	minecraft:waxed_copper_bulb	block.minecraft.waxed_copper_bulb	minecraft:waxed_copper_bulb
block	minecraft:waxed_exposed_copper_bulb	block.minecraft.waxed_exposed_copper_bulb	minecraft:waxed_exposed_copper_bulb
block	minecraft:waxed_weathered_copper_bulb	block.minecraft.waxed_weathered_copper_bulb	minecraft:waxed_weathered_copper_bulb
block	minecraft:waxed_oxidized_copper_bulb	block.minecraft.waxed_oxidized_copper_bulb	minecraft:waxed_oxidized_copper_bulb
block	minecraft:copper_chest	block.minecraft.copper_chest	minecraft:copper_chest
block	minecraft:exposed_copper_chest	block.minecraft.exposed_copper_chest	minecraft:exposed_copper_chest
block	minecraft:weathered_copper_chest	block.minecraft.weathered_copper_chest	minecraft:weathered_copper_chest
block	minecraft:oxidized_copper_chest	block.minecraft.oxidized_copper_chest	minecraft:oxidized_copper_chest
block	minecraft:waxed_copper_chest	block.minecraft.waxed_copper_chest	minecraft:waxed_copper_chest
block	minecraft:waxed_exposed_copper_chest	block.minecraft.waxed_exposed_copper_chest	minecraft:waxed_exposed_copper_chest
block	minecraft:waxed_weathered_copper_chest	block.minecraft.waxed_weathered_copper_chest	minecraft:waxed_weathered_copper_chest
block	minecraft:waxed_oxidized_copper_chest	block.minecraft.waxed_oxidized_copper_chest	minecraft:waxed_oxidized_copper_chest
block	minecraft:copper_golem_statue	block.minecraft.copper_golem_statue	minecraft:copper_golem_statue
block	minecraft:exposed_copper_golem_statue	block.minecraft.exposed_copper_golem_statue	minecraft:exposed_copper_golem_statue
block	minecraft:weathered_copper_golem_statue	block.minecraft.weathered_copper_golem_statue	minecraft:weathered_copper_golem_statue
block	minecraft:oxidized_copper_golem_statue	block.minecraft.oxidized_copper_golem_statue	minecraft:oxidized_copper_golem_statue
block	minecraft:waxed_copper_golem_statue	block.minecraft.waxed_copper_golem_statue	minecraft:waxed_copper_golem_statue
block	minecraft:waxed_exposed_copper_golem_statue	block.minecraft.waxed_exposed_copper_golem_statue	minecraft:waxed_exposed_copper_golem_statue
block	minecraft:waxed_weathered_copper_golem_statue	block.minecraft.waxed_weathered_copper_golem_statue	minecraft:waxed_weathered_copper_golem_statue
block	minecraft:waxed_oxidized_copper_golem_statue	block.minecraft.waxed_oxidized_copper_golem_statue	minecraft:waxed_oxidized_copper_golem_statue
block	minecraft:lightning_rod	block.minecraft.lightning_rod	minecraft:lightning_rod
block	minecraft:exposed_lightning_rod	block.minecraft.exposed_lightning_rod	minecraft:exposed_lightning_rod
block	minecraft:weathered_lightning_rod	block.minecraft.weathered_lightning_rod	minecraft:weathered_lightning_rod
block	minecraft:oxidized_lightning_rod	block.minecraft.oxidized_lightning_rod	minecraft:oxidized_lightning_rod
block	minecraft:waxed_lightning_rod	block.minecraft.waxed_lightning_rod	minecraft:waxed_lightning_rod
block	minecraft:waxed_exposed_lightning_rod	block.minecraft.waxed_exposed_lightning_rod	minecraft:waxed_exposed_lightning_rod
block	minecraft:waxed_weathered_lightning_rod	block.minecraft.waxed_weathered_lightning_rod	minecraft:waxed_weathered_lightning_rod
block	minecraft:waxed_oxidized_lightning_rod	block.minecraft.waxed_oxidized_lightning_rod	minecraft:waxed_oxidized_lightning_rod
block	minecraft:dripstone_block	block.minecraft.dripstone_block	minecraft:dripstone_block
block	minecraft:pointed_dripstone	block.minecraft.pointed_dripstone	minecraft:pointed_dripstone
block	minecraft:sulfur_spike	block.minecraft.sulfur_spike	minecraft:sulfur_spike
block	minecraft:cave_vines	block.minecraft.cave_vines	minecraft:glow_berries
block	minecraft:cave_vines_plant	block.minecraft.cave_vines_plant	minecraft:air
block	minecraft:spore_blossom	block.minecraft.spore_blossom	minecraft:spore_blossom
block	minecraft:azalea	block.minecraft.azalea	minecraft:azalea
block	minecraft:flowering_azalea	block.minecraft.flowering_azalea	minecraft:flowering_azalea
block	minecraft:moss_carpet	block.minecraft.moss_carpet	minecraft:moss_carpet
block	minecraft:pink_petals	block.minecraft.pink_petals	minecraft:pink_petals
block	minecraft:wildflowers	block.minecraft.wildflowers	minecraft:wildflowers
block	minecraft:leaf_litter	block.minecraft.leaf_litter	minecraft:leaf_litter
block	minecraft:moss_block	block.minecraft.moss_block	minecraft:moss_block
block	minecraft:big_dripleaf	block.minecraft.big_dripleaf	minecraft:big_dripleaf
block	minecraft:big_dripleaf_stem	block.minecraft.big_dripleaf_stem	minecraft:big_dripleaf
block	minecraft:small_dripleaf	block.minecraft.small_dripleaf	minecraft:small_dripleaf
block	minecraft:hanging_roots	block.minecraft.hanging_roots	minecraft:hanging_roots
block	minecraft:rooted_dirt	block.minecraft.rooted_dirt	minecraft:rooted_dirt
block	minecraft:mud	block.minecraft.mud	minecraft:mud
block	minecraft:deepslate	block.minecraft.deepslate	minecraft:deepslate
block	minecraft:cobbled_deepslate	block.minecraft.cobbled_deepslate	minecraft:cobbled_deepslate
block	minecraft:cobbled_deepslate_stairs	block.minecraft.cobbled_deepslate_stairs	minecraft:cobbled_deepslate_stairs
block	minecraft:cobbled_deepslate_slab	block.minecraft.cobbled_deepslate_slab	minecraft:cobbled_deepslate_slab
block	minecraft:cobbled_deepslate_wall	block.minecraft.cobbled_deepslate_wall	minecraft:cobbled_deepslate_wall
block	minecraft:polished_deepslate	block.minecraft.polished_deepslate	minecraft:polished_deepslate
block	minecraft:polished_deepslate_stairs	block.minecraft.polished_deepslate_stairs	minecraft:polished_deepslate_stairs
block	minecraft:polished_deepslate_slab	block.minecraft.polished_deepslate_slab	minecraft:polished_deepslate_slab
block	minecraft:polished_deepslate_wall	block.minecraft.polished_deepslate_wall	minecraft:polished_deepslate_wall
block	minecraft:deepslate_tiles	block.minecraft.deepslate_tiles	minecraft:deepslate_tiles
block	minecraft:deepslate_tile_stairs	block.minecraft.deepslate_tile_stairs	minecraft:deepslate_tile_stairs
block	minecraft:deepslate_tile_slab	block.minecraft.deepslate_tile_slab	minecraft:deepslate_tile_slab
block	minecraft:deepslate_tile_wall	block.minecraft.deepslate_tile_wall	minecraft:deepslate_tile_wall
block	minecraft:deepslate_bricks	block.minecraft.deepslate_bricks	minecraft:deepslate_bricks
block	minecraft:deepslate_brick_stairs	block.minecraft.deepslate_brick_stairs	minecraft:deepslate_brick_stairs
block	minecraft:deepslate_brick_slab	block.minecraft.deepslate_brick_slab	minecraft:deepslate_brick_slab
block	minecraft:deepslate_brick_wall	block.minecraft.deepslate_brick_wall	minecraft:deepslate_brick_wall
block	minecraft:chiseled_deepslate	block.minecraft.chiseled_deepslate	minecraft:chiseled_deepslate
block	minecraft:cracked_deepslate_bricks	block.minecraft.cracked_deepslate_bricks	minecraft:cracked_deepslate_bricks
block	minecraft:cracked_deepslate_tiles	block.minecraft.cracked_deepslate_tiles	minecraft:cracked_deepslate_tiles
block	minecraft:infested_deepslate	block.minecraft.infested_deepslate	minecraft:infested_deepslate
block	minecraft:smooth_basalt	block.minecraft.smooth_basalt	minecraft:smooth_basalt
block	minecraft:raw_iron_block	block.minecraft.raw_iron_block	minecraft:raw_iron_block
block	minecraft:raw_copper_block	block.minecraft.raw_copper_block	minecraft:raw_copper_block
block	minecraft:raw_gold_block	block.minecraft.raw_gold_block	minecraft:raw_gold_block
block	minecraft:potted_azalea_bush	block.minecraft.potted_azalea_bush	minecraft:air
block	minecraft:potted_flowering_azalea_bush	block.minecraft.potted_flowering_azalea_bush	minecraft:air
block	minecraft:ochre_froglight	block.minecraft.ochre_froglight	minecraft:ochre_froglight
block	minecraft:verdant_froglight	block.minecraft.verdant_froglight	minecraft:verdant_froglight
block	minecraft:pearlescent_froglight	block.minecraft.pearlescent_froglight	minecraft:pearlescent_froglight
block	minecraft:frogspawn	block.minecraft.frogspawn	minecraft:frogspawn
block	minecraft:reinforced_deepslate	block.minecraft.reinforced_deepslate	minecraft:reinforced_deepslate
block	minecraft:decorated_pot	block.minecraft.decorated_pot	minecraft:decorated_pot
block	minecraft:crafter	block.minecraft.crafter	minecraft:crafter
block	minecraft:trial_spawner	block.minecraft.trial_spawner	minecraft:trial_spawner
block	minecraft:vault	block.minecraft.vault	minecraft:vault
block	minecraft:heavy_core	block.minecraft.heavy_core	minecraft:heavy_core
block	minecraft:pale_moss_block	block.minecraft.pale_moss_block	minecraft:pale_moss_block
block	minecraft:pale_moss_carpet	block.minecraft.pale_moss_carpet	minecraft:pale_moss_carpet
block	minecraft:pale_hanging_moss	block.minecraft.pale_hanging_moss	minecraft:pale_hanging_moss
block	minecraft:open_eyeblossom	block.minecraft.open_eyeblossom	minecraft:open_eyeblossom
block	minecraft:closed_eyeblossom	block.minecraft.closed_eyeblossom	minecraft:closed_eyeblossom
block	minecraft:potted_open_eyeblossom	block.minecraft.potted_open_eyeblossom	minecraft:air
block	minecraft:potted_closed_eyeblossom	block.minecraft.potted_closed_eyeblossom	minecraft:air
block	minecraft:firefly_bush	block.minecraft.firefly_bush	minecraft:firefly_bush
ench	minecraft:fire_aspect	enchantment.minecraft.fire_aspect	2
ench	minecraft:binding_curse	enchantment.minecraft.binding_curse	1
ench	minecraft:lunge	enchantment.minecraft.lunge	3
ench	minecraft:swift_sneak	enchantment.minecraft.swift_sneak	3
ench	minecraft:looting	enchantment.minecraft.looting	3
ench	minecraft:fire_protection	enchantment.minecraft.fire_protection	4
ench	minecraft:wind_burst	enchantment.minecraft.wind_burst	3
ench	minecraft:aqua_affinity	enchantment.minecraft.aqua_affinity	1
ench	minecraft:soul_speed	enchantment.minecraft.soul_speed	3
ench	minecraft:punch	enchantment.minecraft.punch	2
ench	minecraft:fortune	enchantment.minecraft.fortune	3
ench	minecraft:bane_of_arthropods	enchantment.minecraft.bane_of_arthropods	5
ench	minecraft:sharpness	enchantment.minecraft.sharpness	5
ench	minecraft:silk_touch	enchantment.minecraft.silk_touch	1
ench	minecraft:mending	enchantment.minecraft.mending	1
ench	minecraft:luck_of_the_sea	enchantment.minecraft.luck_of_the_sea	3
ench	minecraft:smite	enchantment.minecraft.smite	5
ench	minecraft:blast_protection	enchantment.minecraft.blast_protection	4
ench	minecraft:flame	enchantment.minecraft.flame	1
ench	minecraft:respiration	enchantment.minecraft.respiration	3
ench	minecraft:impaling	enchantment.minecraft.impaling	5
ench	minecraft:vanishing_curse	enchantment.minecraft.vanishing_curse	1
ench	minecraft:piercing	enchantment.minecraft.piercing	4
ench	minecraft:power	enchantment.minecraft.power	5
ench	minecraft:feather_falling	enchantment.minecraft.feather_falling	4
ench	minecraft:depth_strider	enchantment.minecraft.depth_strider	3
ench	minecraft:density	enchantment.minecraft.density	5
ench	minecraft:thorns	enchantment.minecraft.thorns	3
ench	minecraft:unbreaking	enchantment.minecraft.unbreaking	3
ench	minecraft:protection	enchantment.minecraft.protection	4
ench	minecraft:quick_charge	enchantment.minecraft.quick_charge	3
ench	minecraft:sweeping_edge	enchantment.minecraft.sweeping_edge	3
ench	minecraft:loyalty	enchantment.minecraft.loyalty	3
ench	minecraft:projectile_protection	enchantment.minecraft.projectile_protection	4
ench	minecraft:efficiency	enchantment.minecraft.efficiency	5
ench	minecraft:infinity	enchantment.minecraft.infinity	1
ench	minecraft:knockback	enchantment.minecraft.knockback	2
ench	minecraft:breach	enchantment.minecraft.breach	4
ench	minecraft:riptide	enchantment.minecraft.riptide	3
ench	minecraft:lure	enchantment.minecraft.lure	3
ench	minecraft:channeling	enchantment.minecraft.channeling	1
ench	minecraft:multishot	enchantment.minecraft.multishot	1
ench	minecraft:frost_walker	enchantment.minecraft.frost_walker	2
effect	minecraft:infested	effect.minecraft.infested	8c9b8c
effect	minecraft:luck	effect.minecraft.luck	59c106
effect	minecraft:blindness	effect.minecraft.blindness	1f1f23
effect	minecraft:regeneration	effect.minecraft.regeneration	cd5cab
effect	minecraft:nausea	effect.minecraft.nausea	551d4a
effect	minecraft:weaving	effect.minecraft.weaving	78695a
effect	minecraft:saturation	effect.minecraft.saturation	f82423
effect	minecraft:strength	effect.minecraft.strength	ffc700
effect	minecraft:poison	effect.minecraft.poison	87a363
effect	minecraft:hero_of_the_village	effect.minecraft.hero_of_the_village	44ff44
effect	minecraft:absorption	effect.minecraft.absorption	2552a5
effect	minecraft:fire_resistance	effect.minecraft.fire_resistance	ff9900
effect	minecraft:slowness	effect.minecraft.slowness	8bafe0
effect	minecraft:conduit_power	effect.minecraft.conduit_power	1dc2d1
effect	minecraft:glowing	effect.minecraft.glowing	94a061
effect	minecraft:weakness	effect.minecraft.weakness	484d48
effect	minecraft:unluck	effect.minecraft.unluck	c0a44d
effect	minecraft:instant_health	effect.minecraft.instant_health	f82423
effect	minecraft:dolphins_grace	effect.minecraft.dolphins_grace	88a3be
effect	minecraft:trial_omen	effect.minecraft.trial_omen	16a6a6
effect	minecraft:invisibility	effect.minecraft.invisibility	f6f6f6
effect	minecraft:mining_fatigue	effect.minecraft.mining_fatigue	4a4217
effect	minecraft:bad_omen	effect.minecraft.bad_omen	b6138
effect	minecraft:water_breathing	effect.minecraft.water_breathing	98dac0
effect	minecraft:raid_omen	effect.minecraft.raid_omen	de4058
effect	minecraft:jump_boost	effect.minecraft.jump_boost	fdff84
effect	minecraft:levitation	effect.minecraft.levitation	ceffff
effect	minecraft:wither	effect.minecraft.wither	736156
effect	minecraft:resistance	effect.minecraft.resistance	9146f0
effect	minecraft:darkness	effect.minecraft.darkness	292721
effect	minecraft:speed	effect.minecraft.speed	33ebff
effect	minecraft:health_boost	effect.minecraft.health_boost	f87d23
effect	minecraft:instant_damage	effect.minecraft.instant_damage	a9656a
effect	minecraft:hunger	effect.minecraft.hunger	587653
effect	minecraft:breath_of_the_nautilus	effect.minecraft.breath_of_the_nautilus	ffee
effect	minecraft:oozing	effect.minecraft.oozing	99ffa3
effect	minecraft:slow_falling	effect.minecraft.slow_falling	f3cfb9
effect	minecraft:night_vision	effect.minecraft.night_vision	c2ff66
effect	minecraft:wind_charged	effect.minecraft.wind_charged	bdc9ff
effect	minecraft:haste	effect.minecraft.haste	d9c043
potion	minecraft:fire_resistance	ffff9900
potion	minecraft:weakness	ff484d48
potion	minecraft:strong_harming	ffa9656a
potion	minecraft:strong_slowness	ff8bafe0
potion	minecraft:poison	ff87a363
potion	minecraft:invisibility	fff6f6f6
potion	minecraft:oozing	ff99ffa3
potion	minecraft:water_breathing	ff98dac0
potion	minecraft:long_weakness	ff484d48
potion	minecraft:slowness	ff8bafe0
potion	minecraft:long_slowness	ff8bafe0
potion	minecraft:long_fire_resistance	ffff9900
potion	minecraft:wind_charged	ffbdc9ff
potion	minecraft:luck	ff59c106
potion	minecraft:long_poison	ff87a363
potion	minecraft:mundane	ff385dc6
potion	minecraft:strong_regeneration	ffcd5cab
potion	minecraft:swiftness	ff33ebff
potion	minecraft:strong_strength	ffffc700
potion	minecraft:slow_falling	fff3cfb9
potion	minecraft:long_regeneration	ffcd5cab
potion	minecraft:strength	ffffc700
potion	minecraft:weaving	ff78695a
potion	minecraft:night_vision	ffc2ff66
potion	minecraft:turtle_master	ff8d82e6
potion	minecraft:strong_poison	ff87a363
potion	minecraft:strong_healing	fff82423
potion	minecraft:long_leaping	fffdff84
potion	minecraft:leaping	fffdff84
potion	minecraft:awkward	ff385dc6
potion	minecraft:infested	ff8c9b8c
potion	minecraft:long_turtle_master	ff8d82e6
potion	minecraft:strong_swiftness	ff33ebff
potion	minecraft:long_swiftness	ff33ebff
potion	minecraft:thick	ff385dc6
potion	minecraft:harming	ffa9656a
potion	minecraft:long_night_vision	ffc2ff66
potion	minecraft:long_strength	ffffc700
potion	minecraft:regeneration	ffcd5cab
potion	minecraft:strong_turtle_master	ff8d85e6
potion	minecraft:water	ff385dc6
potion	minecraft:long_slow_falling	fff3cfb9
potion	minecraft:strong_leaping	fffdff84
potion	minecraft:long_water_breathing	ff98dac0
potion	minecraft:long_invisibility	fff6f6f6
potion	minecraft:healing	fff82423
component	minecraft:entity_data
component	minecraft:swing_animation
component	minecraft:chicken/sound_variant
component	minecraft:shulker/color
component	minecraft:trim
component	minecraft:enchantable
component	minecraft:can_break
component	minecraft:rabbit/variant
component	minecraft:salmon/size
component	minecraft:tool
component	minecraft:max_damage
component	minecraft:recipes
component	minecraft:map_color
component	minecraft:rarity
component	minecraft:damage_resistant
component	minecraft:intangible_projectile
component	minecraft:damage_type
component	minecraft:llama/variant
component	minecraft:custom_data
component	minecraft:wolf/variant
component	minecraft:fireworks
component	minecraft:profile
component	minecraft:bucket_entity_data
component	minecraft:block_state
component	minecraft:jukebox_playable
component	minecraft:map_decorations
component	minecraft:piercing_weapon
component	minecraft:wolf/collar
component	minecraft:banner_patterns
component	minecraft:written_book_content
component	minecraft:death_protection
component	minecraft:potion_duration_scale
component	minecraft:custom_name
component	minecraft:food
component	minecraft:unbreakable
component	minecraft:dyed_color
component	minecraft:block_entity_data
component	minecraft:enchantments
component	minecraft:frog/variant
component	minecraft:pig/variant
component	minecraft:sulfur_cube_content
component	minecraft:instrument
component	minecraft:cow/sound_variant
component	minecraft:tooltip_style
component	minecraft:wolf/sound_variant
component	minecraft:kinetic_weapon
component	minecraft:tropical_fish/pattern_color
component	minecraft:use_remainder
component	minecraft:custom_model_data
component	minecraft:cow/variant
component	minecraft:bees
component	minecraft:dye
component	minecraft:attack_range
component	minecraft:repair_cost
component	minecraft:pig/sound_variant
component	minecraft:blocks_attacks
component	minecraft:zombie_nautilus/variant
component	minecraft:lodestone_tracker
component	minecraft:writable_book_content
component	minecraft:tooltip_display
component	minecraft:use_effects
component	minecraft:cat/collar
component	minecraft:painting/variant
component	minecraft:repairable
component	minecraft:use_cooldown
component	minecraft:charged_projectiles
component	minecraft:firework_explosion
component	minecraft:note_block_sound
component	minecraft:chicken/variant
component	minecraft:horse/variant
component	minecraft:additional_trade_cost
component	minecraft:sheep/color
component	minecraft:creative_slot_lock
component	minecraft:axolotl/variant
component	minecraft:equippable
component	minecraft:lore
component	minecraft:provides_banner_patterns
component	minecraft:parrot/variant
component	minecraft:cat/variant
component	minecraft:base_color
component	minecraft:cat/sound_variant
component	minecraft:ominous_bottle_amplifier
component	minecraft:tropical_fish/base_color
component	minecraft:item_name
component	minecraft:pot_decorations
component	minecraft:potion_contents
component	minecraft:suspicious_stew_effects
component	minecraft:enchantment_glint_override
component	minecraft:attribute_modifiers
component	minecraft:mooshroom/variant
component	minecraft:lock
component	minecraft:villager/variant
component	minecraft:glider
component	minecraft:debug_stick_state
component	minecraft:stored_enchantments
component	minecraft:damage
component	minecraft:bundle_contents
component	minecraft:container_loot
component	minecraft:weapon
component	minecraft:item_model
component	minecraft:map_id
component	minecraft:can_place_on
component	minecraft:container
component	minecraft:provides_trim_material
component	minecraft:map_post_processing
component	minecraft:max_stack_size
component	minecraft:consumable
component	minecraft:break_sound
component	minecraft:tropical_fish/pattern
component	minecraft:fox/variant
component	minecraft:minimum_attack_charge
